z6-15957,Port 1,Port 2,Port 2,Port 2,Port 2,Port 2,Port 2,Port 3,Port 3,Port 3,Port 4,Port 4,Port 4,Port 7,Port 7,Port 8,Port 8
Records: 961,PYR,ATMOS 22,ATMOS 22,ATMOS 22,ATMOS 22,ATMOS 22,ATMOS 22,ATMOS 14,ATMOS 14,ATMOS 14,PHYTOS 31,PHYTOS 31,PHYTOS 31,Battery,Battery,Barometer,Barometer
Timestamp, W/m² Solar Radiation,° Wind Direction, m/s Wind Speed, m/s Gust Speed, °C Anemometer Temp,° X-axis Level,° Y-axis Level, °C Air Temperature, RH Relative Humidity, kPa Atmospheric Pressure, min Leaf Wetness, min Leaf Wetness (high), Wetness Level,% Battery Percent, mV Battery Voltage, kPa Reference Pressure, °C Logger Temperature
9/5/2023 9:30,118.3,356,1.10,3.91,20.8,-2.1,2.2,20.5,0.957,87.73,15,0,456,76,7599,87.70,21.2
9/5/2023 9:45,89.0,332,1.12,3.27,20.8,-2.1,2.2,20.5,0.946,87.73,15,0,456,76,7602,87.70,21.1
9/5/2023 10:00,102.0,348,1.45,4.28,20.9,-2.1,2.2,20.6,0.941,87.74,15,0,457,76,7603,87.70,21.1
9/5/2023 10:15,92.8,2,1.22,4.17,20.8,-2.1,2.3,20.5,0.949,87.74,15,0,456,76,7606,87.71,21.1
9/5/2023 10:30,139.5,27,1.47,4.66,20.9,-2.1,2.3,20.7,0.949,87.73,15,0,456,76,7605,87.70,21.1
9/5/2023 10:45,142.5,2,1.19,3.74,21.3,-2.1,2.2,21.1,0.939,87.72,15,0,456,76,7606,87.69,21.4
9/5/2023 11:00,367.9,15,1.23,3.52,21.6,-2.1,2.2,21.4,0.927,87.70,15,0,453,77,7610,87.67,21.6
9/5/2023 11:15,438.9,18,1.46,3.85,22.2,-2.1,2.2,21.9,0.905,87.69,15,0,452,77,7610,87.66,22.0
9/5/2023 11:30,109.9,358,1.36,3.23,21.9,-2.0,2.2,21.7,0.910,87.68,15,0,455,77,7612,87.65,22.2
9/5/2023 11:45,102.7,1,0.82,1.82,21.8,-2.1,2.3,21.3,0.935,87.67,15,0,455,77,7612,87.64,22.0
9/5/2023 12:00,89.7,14,0.92,2.32,21.7,-2.1,2.2,21.3,0.938,87.66,15,0,455,77,7612,87.63,22.0
9/5/2023 12:15,95.0,338,0.75,1.71,21.8,-2.1,2.2,21.5,0.939,87.65,15,0,456,77,7613,87.62,22.1
9/5/2023 12:30,83.1,350,0.90,2.08,21.6,-2.1,2.3,21.4,0.950,87.64,15,0,457,77,7613,87.61,22.0
9/5/2023 12:45,89.4,352,1.05,2.75,21.4,-2.0,2.2,21.1,0.958,87.64,15,0,457,77,7613,87.61,21.9
9/5/2023 13:00,95.6,350,0.87,2.28,21.4,-2.1,2.2,21.1,0.963,87.61,15,12,466,77,7614,87.58,21.8
9/5/2023 13:15,153.1,27,1.40,3.37,21.6,-2.1,2.3,21.4,0.947,87.57,15,2,455,78,7616,87.54,21.9
9/5/2023 13:30,179.1,31,1.47,3.45,22.4,-2.1,2.3,22.1,0.918,87.53,15,0,454,78,7616,87.51,22.1
9/5/2023 13:45,123.6,12,0.67,1.96,22.9,-2.1,2.2,22.9,0.892,87.53,15,0,455,78,7620,87.50,22.6
9/5/2023 14:00,87.7,357,0.98,2.41,22.4,-2.1,2.2,22.3,0.919,87.50,15,0,456,78,7618,87.47,22.7
9/5/2023 14:15,24.5,345,0.58,1.69,22.0,-2.0,2.3,21.7,0.943,87.50,15,0,458,78,7618,87.47,22.5
9/5/2023 14:30,36.3,348,0.35,1.06,21.8,-2.1,2.2,21.4,0.962,87.48,15,1,460,78,7619,87.45,22.2
9/5/2023 14:45,22.2,353,0.81,2.44,21.1,-2.1,2.3,20.9,0.978,87.47,15,15,718,78,7619,87.44,21.9
9/5/2023 15:00,63.4,7,1.07,3.62,20.7,-2.0,2.2,20.5,0.990,87.45,15,15,654,78,7619,87.42,21.4
9/5/2023 15:15,69.4,21,1.22,4.16,20.9,-2.0,2.2,20.8,0.990,87.45,15,15,593,78,7620,87.42,21.3
9/5/2023 15:30,64.8,15,1.13,4.29,21.0,-2.1,2.3,20.8,0.991,87.45,15,15,567,78,7621,87.43,21.2
9/5/2023 15:45,63.0,359,0.94,3.01,21.2,-2.0,2.3,21.0,0.983,87.44,15,15,528,78,7619,87.41,21.3
9/5/2023 16:00,12.6,349,1.06,3.14,20.6,-2.0,2.2,20.8,0.984,87.46,15,15,544,78,7619,87.43,21.2
9/5/2023 16:15,25.6,349,1.02,2.52,20.1,-2.0,2.3,20.0,1.000,87.46,15,15,539,78,7620,87.43,20.8
9/5/2023 16:30,14.3,338,0.67,3.14,20.0,-2.0,2.1,20.0,1.000,87.46,15,15,763,77,7612,87.43,20.7
9/5/2023 16:45,5.1,352,1.19,3.91,20.0,-1.9,2.2,20.0,1.000,87.48,15,15,642,77,7612,87.45,20.4
9/5/2023 17:00,0.7,11,1.06,3.90,19.6,-1.9,2.2,19.7,1.000,87.47,15,15,787,77,7612,87.44,20.2
9/5/2023 17:15,0.0,353,1.52,4.14,18.8,-1.9,2.1,18.8,1.000,87.53,15,15,882,77,7609,87.50,19.7
9/5/2023 17:30,0.4,6,1.49,3.56,18.4,-1.9,2.1,18.4,1.000,87.53,15,15,783,77,7612,87.50,19.2
9/5/2023 17:45,0.0,6,1.30,3.55,18.6,-1.9,2.2,18.6,0.999,87.51,15,15,658,77,7613,87.48,19.0
9/5/2023 18:00,0.0,29,1.50,4.19,19.1,-1.9,2.2,18.9,1.000,87.51,15,15,593,77,7611,87.48,19.0
9/5/2023 18:15,0.0,31,1.52,5.92,19.2,-1.9,2.2,19.1,0.999,87.52,15,15,627,77,7612,87.49,19.0
9/5/2023 18:30,0.0,30,1.47,4.89,19.4,-1.9,2.2,19.2,1.001,87.54,15,15,586,77,7613,87.51,19.0
9/5/2023 18:45,0.0,26,1.74,6.17,19.9,-1.9,2.3,19.8,0.992,87.55,15,15,538,77,7612,87.53,19.0
9/5/2023 19:00,0.0,26,1.92,5.20,19.9,-1.9,2.3,19.9,0.977,87.56,15,15,514,77,7615,87.54,19.1
9/5/2023 19:15,0.0,20,1.73,6.04,19.8,-2.0,2.3,19.9,0.976,87.57,15,15,522,77,7613,87.55,19.2
9/5/2023 19:30,0.0,24,1.83,5.30,19.7,-1.9,2.3,19.7,0.982,87.59,15,15,495,77,7614,87.57,19.3
9/5/2023 19:45,0.0,22,1.98,5.35,19.6,-1.9,2.2,19.6,0.984,87.58,15,15,546,77,7615,87.55,19.3
9/5/2023 20:00,0.0,24,2.02,6.00,19.8,-2.0,2.3,19.8,0.974,87.57,15,15,510,77,7613,87.54,19.3
9/5/2023 20:15,0.0,28,2.57,7.32,20.1,-1.8,2.3,20.1,0.965,87.59,15,15,495,77,7613,87.56,19.4
9/5/2023 20:30,0.0,23,2.26,6.03,20.0,-2.0,2.3,20.0,0.968,87.59,15,15,472,78,7616,87.57,19.4
9/5/2023 20:45,0.0,22,2.05,6.24,20.0,-2.1,2.2,20.0,0.957,87.61,15,15,460,77,7615,87.58,19.4
9/5/2023 21:00,0.0,25,2.19,7.49,20.0,-2.1,2.2,19.9,0.951,87.61,15,6,460,77,7615,87.58,19.4
9/5/2023 21:15,0.0,25,2.54,8.30,19.9,-2.1,2.4,19.8,0.949,87.63,15,6,460,78,7618,87.60,19.4
9/5/2023 21:30,0.0,28,2.43,6.32,19.9,-2.0,2.2,19.8,0.955,87.65,15,9,461,77,7615,87.62,19.3
9/5/2023 21:45,0.0,25,2.35,5.61,19.8,-2.0,2.3,19.7,0.961,87.65,15,14,461,77,7615,87.63,19.3
9/5/2023 22:00,0.0,30,2.45,6.38,19.8,-2.0,2.3,19.7,0.961,87.65,15,14,460,77,7615,87.62,19.3
9/5/2023 22:15,0.0,27,1.82,6.30,19.7,-2.0,2.3,19.6,0.963,87.65,15,13,459,78,7616,87.62,19.2
9/5/2023 22:30,0.0,33,1.95,6.18,19.8,-2.0,2.2,19.8,0.946,87.65,15,0,459,77,7615,87.63,19.2
9/5/2023 22:45,0.0,30,2.34,7.95,19.9,-2.0,2.3,19.9,0.934,87.64,15,0,458,77,7615,87.62,19.2
9/5/2023 23:00,0.0,27,2.02,6.78,19.9,-1.9,2.3,19.8,0.935,87.63,15,0,459,77,7615,87.61,19.2
9/5/2023 23:15,0.0,28,1.51,4.31,19.6,-1.9,2.3,19.5,0.954,87.63,15,9,460,78,7616,87.60,19.2
9/5/2023 23:30,0.0,23,1.94,5.16,19.5,-2.0,2.3,19.4,0.963,87.63,15,15,460,77,7615,87.60,19.1
9/5/2023 23:45,0.0,25,1.28,3.85,19.5,-1.9,2.3,19.4,0.964,87.61,15,15,461,77,7615,87.59,19.1
9/6/2023 0:00,0.0,27,1.80,4.53,19.4,-1.9,2.2,19.3,0.967,87.60,15,15,461,78,7617,87.58,19.0
9/6/2023 0:15,0.0,23,2.21,5.69,19.4,-2.0,2.3,19.3,0.968,87.61,15,15,461,77,7612,87.58,19.0
9/6/2023 0:30,0.0,26,2.04,5.37,19.4,-2.0,2.3,19.3,0.972,87.59,15,15,460,77,7615,87.57,19.0
9/6/2023 0:45,0.0,32,2.19,6.79,19.5,-2.0,2.3,19.5,0.961,87.57,15,14,460,77,7613,87.54,19.0
9/6/2023 1:00,0.0,25,1.84,5.44,19.6,-2.1,2.3,19.5,0.956,87.55,15,5,460,77,7613,87.52,19.0
9/6/2023 1:15,0.0,27,1.54,5.91,19.5,-2.0,2.3,19.5,0.954,87.53,15,8,460,78,7617,87.50,19.0
9/6/2023 1:30,0.0,32,2.11,5.93,19.4,-2.1,2.4,19.3,0.960,87.51,15,12,460,77,7612,87.48,18.9
9/6/2023 1:45,0.0,28,2.09,6.72,19.5,-2.0,2.3,19.4,0.952,87.50,15,4,460,77,7615,87.47,18.9
9/6/2023 2:00,0.0,29,2.19,6.51,19.5,-2.0,2.3,19.4,0.953,87.48,15,4,460,77,7615,87.45,18.9
9/6/2023 2:15,0.0,28,1.60,4.51,19.3,-2.0,2.3,19.2,0.959,87.50,15,15,460,77,7613,87.47,18.9
9/6/2023 2:30,0.0,30,1.77,5.27,19.3,-2.0,2.3,19.2,0.960,87.50,15,12,461,77,7614,87.47,18.8
9/6/2023 2:45,0.0,33,1.65,3.99,19.1,-2.0,2.3,19.0,0.970,87.51,15,15,462,77,7614,87.48,18.8
9/6/2023 3:00,0.0,25,2.04,5.63,19.1,-2.0,2.3,19.0,0.976,87.52,15,15,461,77,7615,87.49,18.7
9/6/2023 3:15,0.0,27,1.97,5.40,19.2,-2.0,2.3,19.0,0.974,87.52,15,15,461,78,7617,87.49,18.7
9/6/2023 3:30,0.0,26,1.96,5.07,19.2,-2.2,2.2,19.1,0.969,87.50,15,15,461,77,7614,87.47,18.7
9/6/2023 3:45,0.0,31,1.98,5.21,19.1,-2.0,2.3,19.0,0.969,87.50,15,15,460,77,7614,87.48,18.7
9/6/2023 4:00,0.0,30,1.66,5.32,19.0,-2.0,2.3,19.0,0.971,87.50,15,15,461,78,7616,87.47,18.7
9/6/2023 4:15,0.0,28,1.56,4.58,19.0,-2.0,2.3,18.9,0.975,87.50,15,15,461,77,7615,87.47,18.7
9/6/2023 4:30,0.0,36,1.61,5.48,19.1,-2.0,2.3,19.0,0.970,87.51,15,15,461,77,7615,87.48,18.7
9/6/2023 4:45,0.0,27,2.06,5.28,19.2,-2.1,2.4,19.1,0.973,87.52,15,15,461,77,7615,87.49,18.7
9/6/2023 5:00,0.0,23,2.45,5.54,19.4,-2.0,2.3,19.4,0.961,87.52,15,8,460,78,7617,87.49,18.8
9/6/2023 5:15,0.0,34,1.55,3.62,19.3,-2.0,2.3,19.3,0.965,87.53,15,15,461,77,7613,87.50,18.9
9/6/2023 5:30,0.0,38,1.20,3.76,19.4,-2.0,2.2,19.3,0.963,87.54,15,15,461,78,7617,87.51,18.9
9/6/2023 5:45,0.0,21,1.02,3.33,19.0,-2.0,2.2,19.0,0.972,87.56,15,15,463,78,7618,87.53,18.8
9/6/2023 6:00,1.8,30,1.19,3.93,18.9,-2.0,2.3,18.8,0.983,87.56,15,15,460,78,7617,87.53,18.7
9/6/2023 6:15,10.4,28,1.50,4.22,19.4,-1.9,2.3,19.3,0.963,87.56,15,3,459,77,7615,87.54,18.8
9/6/2023 6:30,44.1,30,0.97,2.62,19.9,-2.0,2.3,20.0,0.940,87.57,15,0,457,78,7618,87.54,19.1
9/6/2023 6:45,52.6,24,0.86,3.36,20.1,-2.0,2.2,20.3,0.934,87.59,15,0,457,78,7618,87.57,19.7
9/6/2023 7:00,35.3,28,1.35,3.60,19.8,-1.9,2.3,19.8,0.951,87.62,15,0,459,78,7620,87.59,20.0
9/6/2023 7:15,56.0,31,1.34,3.58,20.2,-2.0,2.2,20.0,0.954,87.62,15,0,457,78,7621,87.59,20.1
9/6/2023 7:30,73.6,27,1.68,4.47,20.2,-2.0,2.3,20.2,0.946,87.63,15,0,457,78,7621,87.60,20.5
9/6/2023 7:45,92.3,18,1.41,4.14,20.5,-2.1,2.2,20.1,0.956,87.65,15,0,456,78,7621,87.62,20.8
9/6/2023 8:00,83.5,19,1.32,3.87,21.2,-2.1,2.2,20.6,0.945,87.67,15,0,456,79,7625,87.64,21.2
9/6/2023 8:15,109.7,24,1.78,4.90,21.3,-2.1,2.2,20.8,0.933,87.70,15,0,456,79,7627,87.67,21.5
9/6/2023 8:30,99.1,20,1.71,4.08,21.5,-2.1,2.2,21.1,0.937,87.71,15,0,456,78,7623,87.68,21.6
9/6/2023 8:45,119.8,16,2.14,6.10,21.3,-2.1,2.3,21.0,0.937,87.73,15,0,456,75,7594,87.70,21.7
9/6/2023 9:00,100.5,15,1.70,4.36,20.9,-2.1,2.2,20.6,0.958,87.73,15,0,459,77,7607,87.69,21.9
9/6/2023 9:15,95.8,26,1.86,4.76,20.8,-2.1,2.4,20.4,0.968,87.72,15,0,456,77,7608,87.69,21.4
9/6/2023 9:30,114.1,19,2.00,5.63,21.4,-2.2,2.3,20.9,0.944,87.72,15,0,456,76,7599,87.69,21.5
9/6/2023 9:45,115.0,18,2.09,7.54,21.7,-2.1,2.2,21.5,0.916,87.74,15,0,456,76,7602,87.71,21.6
9/6/2023 10:00,92.7,28,2.04,7.39,21.3,-2.1,2.3,21.1,0.942,87.73,15,0,458,76,7605,87.70,21.6
9/6/2023 10:15,193.4,22,1.78,6.89,21.6,-2.2,2.2,21.2,0.943,87.71,15,0,456,76,7604,87.68,21.6
9/6/2023 10:30,382.7,22,2.20,5.77,22.2,-2.2,2.3,21.8,0.912,87.69,15,0,454,77,7607,87.67,21.8
9/6/2023 10:45,328.5,22,2.60,7.36,22.2,-2.3,2.4,22.0,0.900,87.70,15,0,454,77,7607,87.67,22.0
9/6/2023 11:00,334.2,28,2.33,6.79,22.4,-2.3,2.3,22.2,0.897,87.69,15,0,453,77,7611,87.66,22.3
9/6/2023 11:15,523.1,25,2.39,6.30,22.3,-2.2,2.2,22.1,0.907,87.69,15,0,453,77,7609,87.66,22.4
9/6/2023 11:30,191.9,21,2.15,7.11,22.5,-2.1,2.3,22.2,0.927,87.67,15,0,455,77,7612,87.64,22.5
9/6/2023 11:45,135.7,355,2.09,5.64,22.2,-2.2,2.2,22.0,0.935,87.64,15,0,459,77,7614,87.61,22.6
9/6/2023 12:00,171.8,2,1.87,5.30,22.0,-2.1,2.4,21.6,0.965,87.60,15,6,460,77,7613,87.56,22.3
9/6/2023 12:15,90.6,357,2.13,6.86,20.9,-2.1,2.2,20.8,0.980,87.58,15,15,468,77,7614,87.54,22.0
9/6/2023 12:30,156.7,23,1.61,5.44,21.7,-2.1,2.2,21.1,0.988,87.55,15,2,456,77,7615,87.52,21.8
9/6/2023 12:45,161.5,28,2.01,6.16,22.5,-2.1,2.3,22.2,0.918,87.53,15,0,455,78,7618,87.51,22.3
9/6/2023 13:00,202.9,16,1.97,4.52,22.7,-2.1,2.3,22.5,0.910,87.52,15,0,454,78,7620,87.50,22.6
9/6/2023 13:15,175.8,26,1.81,5.80,22.8,-2.1,2.2,22.5,0.897,87.49,15,0,454,78,7621,87.47,22.9
9/6/2023 13:30,150.9,28,1.22,4.52,22.9,-2.1,2.2,22.6,0.871,87.48,15,0,454,78,7623,87.45,23.0
9/6/2023 13:45,143.4,12,1.22,4.43,22.6,-2.1,2.2,22.4,0.882,87.47,15,0,454,79,7624,87.44,23.1
9/6/2023 14:00,124.5,19,1.37,5.78,22.0,-2.1,2.3,21.7,0.911,87.48,15,0,455,79,7625,87.45,22.8
9/6/2023 14:15,113.7,27,1.80,6.69,21.6,-2.1,2.3,21.4,0.925,87.47,15,0,456,79,7624,87.44,22.6
9/6/2023 14:30,84.8,27,2.24,7.13,21.1,-2.1,2.4,20.9,0.936,87.47,15,0,456,78,7623,87.44,22.1
9/6/2023 14:45,58.0,16,1.72,5.98,20.8,-2.2,2.3,20.6,0.947,87.46,15,0,457,79,7624,87.42,21.7
9/6/2023 15:00,32.2,23,1.82,5.23,20.4,-2.1,2.3,20.3,0.965,87.45,15,1,459,78,7621,87.42,21.3
9/6/2023 15:15,28.0,19,2.49,7.71,20.2,-2.1,2.3,20.1,0.976,87.46,15,3,460,78,7621,87.43,20.9
9/6/2023 15:30,21.2,20,1.93,5.63,20.0,-2.0,2.4,19.9,0.986,87.45,15,11,461,78,7621,87.42,20.6
9/6/2023 15:45,28.0,24,1.90,5.75,20.0,-2.1,2.3,19.8,0.989,87.44,15,11,460,78,7623,87.41,20.4
9/6/2023 16:00,24.9,25,1.93,6.60,20.0,-2.1,2.3,19.9,0.985,87.43,15,6,459,78,7622,87.40,20.3
9/6/2023 16:15,20.5,26,1.96,5.75,20.0,-2.1,2.3,19.9,0.980,87.44,15,1,460,78,7621,87.41,20.2
9/6/2023 16:30,14.3,18,2.35,7.02,20.1,-2.1,2.3,20.0,0.982,87.45,15,10,462,78,7622,87.42,20.2
9/6/2023 16:45,11.4,12,1.38,4.57,20.0,-2.0,2.2,19.9,0.995,87.45,15,15,461,77,7612,87.42,20.3
9/6/2023 17:00,10.3,24,1.93,4.62,20.1,-2.1,2.3,20.0,0.994,87.46,15,15,460,77,7611,87.43,20.2
9/6/2023 17:15,6.0,33,1.19,3.69,20.2,-2.1,2.3,20.1,0.983,87.49,15,14,461,77,7612,87.46,20.1
9/6/2023 17:30,0.9,15,1.12,3.93,20.2,-2.0,2.3,20.1,0.984,87.51,15,15,462,77,7612,87.48,20.1
9/6/2023 17:45,2.4,24,1.64,3.73,20.2,-2.1,2.3,20.1,0.989,87.52,15,15,469,77,7612,87.49,20.1
9/6/2023 18:00,0.0,29,1.74,4.42,20.4,-2.1,2.3,20.2,0.989,87.53,15,14,460,77,7611,87.50,20.1
9/6/2023 18:15,0.0,39,1.58,3.91,20.4,-2.0,2.3,20.4,0.973,87.53,15,11,483,77,7614,87.50,20.2
9/6/2023 18:30,0.0,25,1.25,4.09,20.2,-2.0,2.3,20.1,0.990,87.55,15,15,473,77,7613,87.52,20.2
9/6/2023 18:45,0.0,25,1.71,4.18,20.3,-2.0,2.4,20.1,0.987,87.56,15,14,460,77,7615,87.53,20.1
9/6/2023 19:00,0.0,27,1.14,2.97,20.2,-2.0,2.3,20.2,0.972,87.54,15,14,462,77,7615,87.51,20.1
9/6/2023 19:15,0.0,25,1.87,6.08,20.2,-2.0,2.3,20.0,0.972,87.55,15,7,459,77,7615,87.52,20.0
9/6/2023 19:30,0.0,24,1.40,4.10,20.2,-2.0,2.3,20.2,0.955,87.56,15,2,460,77,7615,87.53,20.0
9/6/2023 19:45,0.0,30,1.17,4.18,20.0,-2.0,2.3,19.9,0.980,87.54,15,15,463,77,7614,87.51,20.0
9/6/2023 20:00,0.0,34,1.54,5.26,19.9,-2.1,2.3,19.8,0.996,87.56,15,15,462,77,7615,87.53,20.0
9/6/2023 20:15,0.0,20,1.35,4.08,19.9,-2.0,2.3,19.8,0.998,87.58,15,15,537,77,7613,87.55,19.9
9/6/2023 20:30,0.0,1,1.70,6.02,19.9,-2.1,2.3,19.7,0.997,87.62,15,15,524,77,7614,87.59,19.8
9/6/2023 20:45,0.0,339,1.78,5.79,19.8,-2.1,2.2,19.8,0.995,87.65,15,15,910,77,7615,87.62,19.7
9/6/2023 21:00,0.0,348,1.82,7.62,19.7,-2.0,2.2,19.7,0.996,87.66,15,15,826,77,7615,87.63,19.6
9/6/2023 21:15,0.0,345,1.70,3.65,19.7,-1.9,2.2,19.7,1.001,87.67,15,15,778,78,7616,87.64,19.5
9/6/2023 21:30,0.0,16,1.53,5.14,19.6,-2.0,2.2,19.6,1.000,87.67,15,15,716,77,7615,87.64,19.5
9/6/2023 21:45,0.0,358,1.31,3.75,19.6,-1.9,2.2,19.6,1.000,87.67,15,15,789,77,7613,87.65,19.5
9/6/2023 22:00,0.0,37,0.90,2.91,19.5,-1.9,2.3,19.5,1.001,87.66,15,15,736,77,7615,87.64,19.4
9/6/2023 22:15,0.0,353,1.54,4.27,19.6,-2.0,2.2,19.6,1.000,87.66,15,15,690,77,7613,87.64,19.4
9/6/2023 22:30,0.0,15,1.52,5.38,19.6,-1.9,2.3,19.6,1.000,87.66,15,15,631,77,7613,87.63,19.4
9/6/2023 22:45,0.0,346,1.24,4.58,19.5,-2.0,2.2,19.5,1.000,87.67,15,15,642,77,7613,87.65,19.4
9/6/2023 23:00,0.0,27,1.61,6.19,19.4,-2.0,2.2,19.4,0.999,87.66,15,15,849,77,7614,87.63,19.3
9/6/2023 23:15,0.0,336,2.14,7.39,19.4,-2.1,2.0,19.4,1.000,87.67,15,15,687,77,7612,87.64,19.3
9/6/2023 23:30,0.0,6,1.25,6.08,19.1,-1.9,2.2,19.1,1.000,87.66,15,15,635,77,7615,87.63,19.2
9/6/2023 23:45,0.0,2,1.78,5.02,18.9,-1.9,2.3,19.0,0.999,87.63,15,15,666,77,7615,87.60,19.1
9/7/2023 0:00,0.0,12,1.99,7.49,18.8,-2.0,2.2,18.8,1.000,87.61,15,15,624,77,7613,87.58,18.9
9/7/2023 0:15,0.0,25,1.91,5.21,19.0,-1.9,2.3,18.8,0.999,87.59,15,15,631,75,7595,87.56,18.9
9/7/2023 0:30,0.0,27,1.92,6.51,18.9,-1.9,2.3,18.8,0.980,87.58,15,15,647,76,7606,87.56,18.7
9/7/2023 0:45,0.0,10,1.57,4.33,18.7,-1.9,2.2,18.7,0.990,87.57,15,15,637,76,7606,87.54,18.5
9/7/2023 1:00,0.0,342,1.57,3.91,18.7,-1.9,2.1,18.8,1.000,87.55,15,15,617,76,7604,87.52,18.5
9/7/2023 1:15,0.0,344,1.83,5.07,19.0,-1.9,2.1,19.0,1.000,87.51,15,15,597,77,7608,87.49,18.7
9/7/2023 1:30,0.0,336,1.17,3.79,19.2,-1.9,2.2,19.2,1.001,87.50,15,15,628,76,7606,87.48,18.9
9/7/2023 1:45,0.0,9,1.18,3.80,19.1,-1.8,2.2,19.1,1.000,87.47,15,15,656,76,7606,87.45,18.9
9/7/2023 2:00,0.0,25,2.16,7.73,18.8,-1.9,2.3,18.8,0.999,87.47,15,15,666,76,7606,87.44,18.9
9/7/2023 2:15,0.0,22,2.07,8.05,18.3,-1.9,2.3,18.2,1.001,87.45,15,15,579,77,7609,87.43,18.6
9/7/2023 2:30,0.0,22,2.27,5.79,18.5,-1.9,2.3,18.4,1.000,87.43,15,15,575,77,7607,87.41,18.4
9/7/2023 2:45,0.0,20,1.63,8.16,18.4,-1.8,2.2,18.4,1.000,87.41,15,15,568,76,7604,87.38,18.4
9/7/2023 3:00,0.0,26,1.77,6.68,18.6,-2.1,2.3,18.4,1.001,87.40,15,15,554,77,7607,87.38,18.4
9/7/2023 3:15,0.0,23,1.46,5.33,18.5,-1.9,2.2,18.4,1.001,87.41,15,15,537,76,7606,87.39,18.3
9/7/2023 3:30,0.0,353,1.84,5.47,18.4,-1.9,2.2,18.4,1.000,87.42,15,15,616,77,7607,87.39,18.2
9/7/2023 3:45,0.0,339,2.34,7.03,18.4,-1.9,2.1,18.4,1.000,87.45,15,15,580,77,7609,87.42,18.3
9/7/2023 4:00,0.0,11,1.39,4.60,18.5,-1.9,2.2,18.3,1.000,87.45,15,15,547,76,7606,87.42,18.3
9/7/2023 4:15,0.0,29,1.93,6.67,18.5,-1.9,2.2,18.4,1.001,87.46,15,15,524,77,7607,87.44,18.3
9/7/2023 4:30,0.0,348,1.62,4.01,18.5,-1.9,2.1,18.4,1.001,87.47,15,15,507,77,7607,87.44,18.3
9/7/2023 4:45,0.0,347,2.17,5.46,18.6,-2.2,2.1,18.5,1.000,87.47,15,15,487,77,7609,87.44,18.3
9/7/2023 5:00,0.0,357,1.55,6.21,18.5,-1.9,2.1,18.5,1.000,87.48,15,15,639,77,7608,87.45,18.4
9/7/2023 5:15,0.0,337,2.01,6.59,18.6,-1.9,2.1,18.5,1.000,87.49,15,15,640,77,7607,87.47,18.4
9/7/2023 5:30,0.0,332,1.54,4.42,18.6,-2.0,2.2,18.5,1.000,87.48,15,15,621,77,7608,87.46,18.4
9/7/2023 5:45,0.0,359,2.11,5.58,18.7,-2.0,2.1,18.6,1.000,87.49,15,15,597,77,7609,87.47,18.4
9/7/2023 6:00,4.0,26,1.88,7.41,18.7,-1.9,2.3,18.6,0.999,87.49,15,15,573,76,7606,87.47,18.4
9/7/2023 6:15,11.7,26,2.04,5.75,18.7,-1.9,2.2,18.6,1.000,87.49,15,15,543,77,7607,87.46,18.4
9/7/2023 6:30,12.5,21,1.51,4.36,18.6,-1.8,2.3,18.6,1.000,87.48,15,15,526,77,7607,87.46,18.4
9/7/2023 6:45,40.5,24,2.25,5.83,18.8,-2.1,2.3,18.6,1.000,87.51,15,15,488,77,7608,87.49,18.5
9/7/2023 7:00,43.0,21,1.94,7.75,18.8,-2.0,2.3,18.8,0.999,87.54,15,15,463,77,7609,87.51,18.6
9/7/2023 7:15,54.2,21,2.03,6.31,19.1,-2.0,2.2,19.0,0.993,87.56,15,13,461,77,7609,87.54,18.8
9/7/2023 7:30,42.3,28,2.64,8.18,19.1,-2.2,2.3,19.0,0.984,87.59,15,15,461,77,7609,87.56,18.9
9/7/2023 7:45,75.3,24,2.60,8.80,19.4,-2.0,2.3,19.2,0.984,87.61,15,12,460,77,7610,87.59,19.0
9/7/2023 8:00,89.7,32,2.04,7.52,19.6,-2.1,2.3,19.4,0.979,87.62,15,7,459,77,7611,87.60,19.2
9/7/2023 8:15,100.3,29,2.72,8.26,19.6,-2.0,2.3,19.5,0.972,87.62,15,0,459,77,7609,87.60,19.5
9/7/2023 8:30,104.2,18,2.67,6.44,20.0,-2.2,2.3,19.8,0.958,87.63,15,0,458,70,7549,87.60,19.7
9/7/2023 8:45,144.3,23,2.20,5.78,20.3,-2.2,2.3,20.1,0.959,87.60,15,0,458,74,7584,87.57,20.5
9/7/2023 9:00,116.1,29,2.34,5.87,20.7,-2.1,2.3,20.3,0.948,87.58,15,0,457,74,7587,87.56,20.5
9/7/2023 9:15,126.0,33,2.45,7.07,20.7,-2.2,2.3,20.4,0.939,87.61,15,0,457,75,7590,87.58,20.6
9/7/2023 9:30,122.1,34,2.31,7.94,20.7,-2.2,2.3,20.5,0.938,87.61,15,0,456,75,7590,87.59,20.7
9/7/2023 9:45,156.7,22,1.87,5.17,21.1,-2.1,2.2,20.7,0.927,87.62,15,0,456,74,7583,87.59,21.0
9/7/2023 10:00,113.3,15,1.87,6.18,20.7,-2.1,2.3,20.6,0.933,87.62,15,6,471,74,7585,87.60,21.1
9/7/2023 10:15,222.5,20,1.95,7.59,20.6,-2.2,2.2,20.2,0.964,87.62,15,8,456,74,7588,87.59,20.8
9/7/2023 10:30,474.6,33,2.05,6.57,21.4,-2.2,2.4,21.0,0.934,87.59,15,0,454,75,7591,87.57,21.0
9/7/2023 10:45,232.0,26,2.00,5.80,21.7,-2.1,2.2,21.4,0.921,87.57,15,0,455,75,7593,87.55,21.4
9/7/2023 11:00,257.3,31,1.84,6.22,21.8,-2.1,2.3,21.6,0.904,87.58,15,0,454,75,7592,87.56,21.7
9/7/2023 11:15,242.6,18,1.87,5.10,21.7,-2.1,2.2,21.5,0.916,87.57,15,2,470,75,7594,87.53,21.9
9/7/2023 11:30,120.5,335,2.11,4.65,20.3,-2.1,2.1,20.2,0.965,87.56,15,15,597,75,7596,87.52,21.4
9/7/2023 11:45,160.0,22,1.81,5.73,20.3,-2.1,2.3,20.0,0.991,87.54,15,15,486,75,7596,87.51,20.9
9/7/2023 12:00,157.3,24,2.37,7.26,20.5,-2.1,2.3,20.3,0.975,87.54,15,5,458,75,7597,87.51,20.8
9/7/2023 12:15,111.5,6,1.63,3.27,20.5,-2.1,2.2,20.3,0.975,87.50,15,0,459,75,7598,87.47,20.8
9/7/2023 12:30,139.9,14,1.50,4.39,20.8,-2.1,2.3,20.6,0.975,87.47,15,0,458,75,7598,87.45,20.9
9/7/2023 12:45,124.3,15,1.88,4.38,20.8,-2.1,2.2,20.6,0.973,87.46,15,0,458,75,7598,87.43,21.0
9/7/2023 13:00,152.9,33,2.35,6.37,21.0,-2.0,2.3,20.8,0.953,87.44,15,0,456,76,7602,87.41,21.2
9/7/2023 13:15,146.5,29,1.91,7.87,21.4,-2.1,2.2,21.2,0.926,87.43,15,0,455,76,7602,87.40,21.4
9/7/2023 13:30,150.3,14,1.41,4.45,21.8,-2.1,2.3,21.6,0.914,87.41,15,0,455,76,7604,87.38,21.7
9/7/2023 13:45,93.9,341,1.85,5.26,21.2,-2.1,2.1,21.2,0.930,87.41,15,6,496,76,7606,87.37,21.8
9/7/2023 14:00,80.7,355,1.60,3.92,20.4,-2.1,2.2,20.2,0.992,87.39,15,15,473,76,7602,87.36,21.2
9/7/2023 14:15,61.5,5,1.74,4.64,20.4,-2.1,2.3,20.1,1.001,87.40,15,15,666,76,7604,87.36,21.0
9/7/2023 14:30,36.3,347,1.59,5.18,19.9,-2.0,2.2,19.8,1.000,87.40,15,15,818,76,7605,87.37,20.6
9/7/2023 14:45,40.3,4,1.82,6.18,19.7,-1.9,2.3,19.7,1.000,87.39,15,15,600,76,7606,87.36,20.2
9/7/2023 15:00,87.7,24,1.89,5.47,19.9,-2.1,2.3,19.7,1.000,87.39,15,15,536,76,7604,87.36,20.1
9/7/2023 15:15,71.4,21,1.88,6.01,20.0,-1.9,2.3,19.9,1.000,87.38,15,15,492,76,7602,87.35,20.1
9/7/2023 15:30,75.1,21,2.02,6.53,20.1,-2.0,2.2,19.9,0.994,87.40,15,12,459,76,7606,87.37,20.1
9/7/2023 15:45,71.6,18,1.98,6.47,20.3,-2.0,2.3,20.2,0.964,87.38,15,0,459,76,7605,87.35,20.2
9/7/2023 16:00,58.0,18,1.49,5.76,20.4,-2.1,2.3,20.4,0.960,87.38,15,0,460,76,7606,87.35,20.3
9/7/2023 16:15,41.6,22,1.79,5.27,20.4,-2.0,2.3,20.3,0.972,87.39,15,6,461,75,7593,87.36,20.4
9/7/2023 16:30,24.9,24,1.35,3.29,20.3,-2.0,2.3,20.2,0.987,87.41,15,15,462,75,7596,87.38,20.5
9/7/2023 16:45,14.6,15,1.39,4.22,20.1,-2.0,2.2,20.1,0.997,87.42,15,15,465,75,7593,87.39,20.3
9/7/2023 17:00,12.5,6,1.15,3.35,20.1,-2.0,2.2,19.9,0.999,87.43,15,15,464,75,7595,87.40,20.2
9/7/2023 17:15,5.7,29,0.98,3.08,20.1,-2.0,2.3,20.0,1.000,87.43,15,15,467,75,7597,87.40,20.2
9/7/2023 17:30,0.0,341,0.89,2.96,20.0,-2.0,2.3,19.9,1.000,87.42,15,15,569,75,7598,87.39,20.1
9/7/2023 17:45,0.0,353,0.81,2.62,20.0,-2.0,2.3,19.9,1.000,87.43,15,15,590,75,7597,87.40,20.0
9/7/2023 18:00,0.0,27,1.35,5.02,19.9,-2.0,2.2,19.8,1.000,87.46,15,15,558,75,7597,87.43,19.9
9/7/2023 18:15,0.0,18,1.35,3.40,19.9,-2.0,2.3,19.8,0.999,87.45,15,15,515,76,7600,87.42,19.9
9/7/2023 18:30,0.0,33,1.24,3.39,19.9,-1.9,2.3,19.8,1.000,87.45,15,15,491,75,7598,87.42,19.8
9/7/2023 18:45,0.0,79,0.56,2.10,19.8,-1.9,2.3,19.7,1.000,87.47,15,15,482,75,7597,87.44,19.8
9/7/2023 19:00,0.0,19,1.08,2.70,19.9,-2.0,2.3,19.8,1.000,87.48,15,15,471,76,7600,87.45,19.8
9/7/2023 19:15,0.0,358,0.65,1.77,19.8,-2.0,2.3,19.8,1.000,87.49,15,15,468,76,7599,87.47,19.8
9/7/2023 19:30,0.0,9,0.75,2.19,19.8,-2.0,2.2,19.8,1.000,87.49,15,15,601,76,7599,87.46,19.7
9/7/2023 19:45,0.0,18,0.94,3.64,19.9,-1.9,2.2,19.9,1.000,87.49,15,15,779,76,7600,87.47,19.8
9/7/2023 20:00,0.0,31,0.92,3.73,20.0,-1.9,2.2,19.9,1.001,87.52,15,15,622,76,7601,87.49,19.8
9/7/2023 20:15,0.0,0,0.76,2.34,19.9,-2.0,2.2,19.9,1.000,87.52,15,15,633,76,7600,87.49,19.8
9/7/2023 20:30,0.0,11,0.71,2.03,19.9,-1.9,2.2,19.9,0.999,87.53,15,15,615,76,7600,87.51,19.8
9/7/2023 20:45,0.0,340,1.02,3.08,19.9,-1.9,2.2,19.9,1.000,87.54,15,15,835,76,7599,87.51,19.8
9/7/2023 21:00,0.0,345,1.23,3.71,19.9,-1.9,2.2,19.9,1.000,87.56,15,15,792,76,7601,87.53,19.8
9/7/2023 21:15,0.0,11,1.62,5.65,19.9,-1.9,2.2,19.9,0.999,87.56,15,15,710,76,7602,87.54,19.8
9/7/2023 21:30,0.0,339,1.66,4.61,19.8,-1.9,2.2,19.8,1.000,87.56,15,15,648,76,7601,87.53,19.8
9/7/2023 21:45,0.0,341,1.17,2.95,19.8,-1.9,2.1,19.7,1.000,87.55,15,15,649,76,7602,87.52,19.7
9/7/2023 22:00,0.0,348,1.44,5.14,19.7,-1.9,2.2,19.6,1.000,87.55,15,15,648,76,7599,87.53,19.7
9/7/2023 22:15,0.0,335,1.35,4.29,19.5,-1.9,2.1,19.4,1.000,87.56,15,15,683,76,7601,87.53,19.6
9/7/2023 22:30,0.0,2,1.48,5.76,19.4,-1.9,2.2,19.3,1.000,87.56,15,15,626,76,7600,87.53,19.5
9/7/2023 22:45,0.0,347,1.54,5.43,19.4,-1.9,2.2,19.3,1.001,87.54,15,15,649,76,7602,87.51,19.4
9/7/2023 23:00,0.0,346,1.86,6.39,19.2,-1.9,2.1,19.2,1.001,87.53,15,15,667,76,7602,87.50,19.3
9/7/2023 23:15,0.0,338,1.67,4.74,19.3,-2.0,2.1,19.2,1.001,87.51,15,15,668,76,7602,87.48,19.3
9/7/2023 23:30,0.0,338,1.90,6.68,19.1,-2.0,2.1,19.0,1.000,87.51,15,15,644,76,7604,87.49,19.2
9/7/2023 23:45,0.0,345,1.54,5.47,19.1,-1.9,2.2,19.0,1.000,87.51,15,15,656,76,7600,87.49,19.1
9/8/2023 0:00,0.0,330,1.98,5.85,19.0,-2.0,2.0,18.9,0.999,87.50,15,15,609,76,7602,87.48,19.1
9/8/2023 0:15,0.0,24,1.62,5.02,18.9,-1.9,2.3,18.8,0.999,87.48,15,15,607,74,7583,87.46,19.1
9/8/2023 0:30,0.0,25,1.83,5.18,18.8,-1.9,2.3,18.7,1.000,87.46,15,15,577,75,7592,87.43,19.0
9/8/2023 0:45,0.0,31,1.73,6.23,18.7,-1.9,2.2,18.6,1.000,87.45,15,15,572,75,7592,87.42,18.9
9/8/2023 1:00,0.0,32,1.61,4.66,18.6,-1.9,2.3,18.6,1.000,87.43,15,15,565,75,7593,87.40,18.8
9/8/2023 1:15,0.0,33,1.53,7.07,18.6,-1.9,2.3,18.6,1.000,87.41,15,15,566,75,7593,87.38,18.7
9/8/2023 1:30,0.0,29,1.37,3.77,18.7,-1.9,2.2,18.7,0.999,87.39,15,15,558,75,7596,87.36,18.7
9/8/2023 1:45,0.0,15,1.49,5.72,18.7,-1.9,2.3,18.7,1.000,87.39,15,15,538,75,7596,87.36,18.7
9/8/2023 2:00,0.0,29,1.33,4.10,18.7,-1.9,2.2,18.8,1.000,87.38,15,15,590,75,7593,87.36,18.7
9/8/2023 2:15,0.0,20,1.37,5.13,18.9,-1.8,2.2,18.9,1.000,87.39,15,15,771,75,7595,87.36,18.8
9/8/2023 2:30,0.0,26,0.96,5.05,19.1,-1.9,2.2,19.1,0.999,87.38,15,15,636,75,7596,87.36,18.8
9/8/2023 2:45,0.0,27,1.44,4.14,19.0,-1.9,2.2,19.0,1.000,87.39,15,15,609,75,7595,87.36,18.9
9/8/2023 3:00,0.0,20,1.30,4.12,18.8,-1.9,2.2,19.0,1.000,87.41,15,15,586,75,7593,87.38,18.9
9/8/2023 3:15,0.0,28,1.31,4.14,19.0,-1.9,2.2,19.0,1.000,87.43,15,15,573,75,7596,87.41,18.9
9/8/2023 3:30,0.0,24,1.67,6.85,19.2,-1.9,2.2,19.1,1.000,87.45,15,15,582,75,7595,87.43,18.9
9/8/2023 3:45,0.0,24,1.35,4.27,19.2,-1.9,2.3,19.1,1.001,87.43,15,15,683,75,7596,87.40,18.9
9/8/2023 4:00,0.0,29,1.01,3.23,19.2,-1.8,2.2,19.1,1.000,87.42,15,15,636,75,7597,87.40,18.9
9/8/2023 4:15,0.0,37,1.20,4.06,19.1,-1.8,2.2,19.1,1.001,87.43,15,15,866,75,7597,87.41,18.9
9/8/2023 4:30,0.0,3,1.41,5.69,19.3,-1.9,2.2,19.3,1.000,87.45,15,15,713,76,7599,87.43,19.0
9/8/2023 4:45,0.0,356,1.79,4.15,19.3,-1.9,2.1,19.3,1.001,87.44,15,15,797,75,7596,87.42,19.1
9/8/2023 5:00,0.0,333,1.13,4.12,19.2,-1.8,2.0,19.2,1.000,87.44,15,15,789,75,7596,87.41,19.1
9/8/2023 5:15,0.0,4,1.26,5.29,19.2,-1.8,2.2,19.2,1.000,87.47,15,15,760,75,7595,87.45,19.1
9/8/2023 5:30,0.0,0,1.30,3.16,19.1,-1.9,2.1,19.0,1.000,87.48,15,15,634,75,7597,87.46,19.0
9/8/2023 5:45,0.0,354,1.04,2.94,19.1,-1.9,2.1,19.1,1.000,87.46,15,15,644,75,7596,87.44,19.0
9/8/2023 6:00,0.0,8,1.10,3.25,19.1,-1.9,2.2,19.0,1.001,87.45,15,15,627,75,7597,87.43,19.0
9/8/2023 6:15,0.4,11,1.13,3.92,19.2,-1.8,2.2,19.1,1.000,87.46,15,15,834,75,7596,87.43,19.1
9/8/2023 6:30,0.0,319,1.04,2.66,19.3,-1.8,2.2,19.3,1.001,87.46,15,15,839,75,7596,87.43,19.1
9/8/2023 6:45,2.7,333,1.26,3.75,19.4,-1.9,2.1,19.4,0.999,87.47,15,15,895,75,7598,87.45,19.2
9/8/2023 7:00,0.4,335,1.12,3.40,19.3,-1.8,2.1,19.3,1.000,87.50,15,15,680,76,7599,87.47,19.2
9/8/2023 7:15,2.4,335,1.08,3.13,19.3,-1.9,2.1,19.2,1.000,87.53,15,15,680,75,7598,87.51,19.2
9/8/2023 7:30,0.4,343,1.13,3.82,19.4,-1.9,2.1,19.3,1.000,87.56,15,15,736,76,7600,87.53,19.2
9/8/2023 7:45,0.0,341,1.45,6.10,19.5,-1.9,2.1,19.5,1.000,87.60,15,15,918,76,7600,87.58,19.3
9/8/2023 8:00,0.0,346,0.83,3.37,19.3,-1.8,2.0,19.3,1.000,87.63,15,15,1005,76,7599,87.61,19.3
9/8/2023 8:15,0.0,320,1.35,4.07,19.0,-1.8,2.0,19.0,1.000,87.65,15,15,816,76,7600,87.62,19.2
9/8/2023 8:30,0.5,10,1.50,4.22,18.7,-1.8,2.2,18.7,0.999,87.61,15,15,681,69,7542,87.58,19.1
9/8/2023 8:45,5.1,12,1.12,3.11,18.7,-1.8,2.2,18.7,1.000,87.61,15,15,738,73,7577,87.58,19.2
9/8/2023 9:00,10.8,20,1.56,4.01,18.5,-1.9,2.2,18.8,0.999,87.63,15,15,696,73,7577,87.61,18.9
9/8/2023 9:15,12.8,19,1.36,4.02,18.6,-1.8,2.2,18.9,0.999,87.66,15,15,676,73,7578,87.63,18.7
9/8/2023 9:30,12.3,19,1.76,5.04,18.7,-1.9,2.3,18.9,1.000,87.69,15,15,857,72,7567,87.66,18.9
9/8/2023 9:45,16.8,18,1.27,3.45,18.8,-1.8,2.2,18.9,0.999,87.68,15,15,838,72,7570,87.66,18.9
9/8/2023 10:00,26.7,24,1.31,5.63,19.0,-1.8,2.2,19.1,1.001,87.68,15,15,997,72,7571,87.66,18.9
9/8/2023 10:15,29.8,25,1.48,4.61,19.1,-1.8,2.2,19.2,1.001,87.68,15,15,885,72,7572,87.65,19.0
9/8/2023 10:30,24.2,18,1.47,4.13,19.1,-1.8,2.2,19.2,1.000,87.65,15,15,648,73,7576,87.62,19.0
9/8/2023 10:45,24.0,7,1.19,4.89,19.1,-1.9,2.2,19.2,1.000,87.63,15,15,728,73,7575,87.60,19.0
9/8/2023 11:00,22.2,12,0.96,4.13,19.1,-1.8,2.2,19.2,1.001,87.60,15,15,831,73,7575,87.57,19.0
9/8/2023 11:15,31.1,28,1.47,3.88,19.1,-1.8,2.3,19.2,1.001,87.56,15,15,741,73,7577,87.54,19.0
9/8/2023 11:30,51.5,32,0.94,2.96,19.0,-1.8,2.2,19.5,1.000,87.55,15,15,633,73,7578,87.53,19.1
9/8/2023 11:45,98.1,35,1.39,4.52,19.0,-1.9,2.2,20.2,0.984,87.53,15,15,572,73,7577,87.51,19.1
9/8/2023 12:00,180.5,26,1.60,4.08,19.0,-1.9,2.3,21.0,0.928,87.50,15,15,504,74,7582,87.48,19.3
9/8/2023 12:15,261.1,22,1.18,4.65,19.7,-2.0,2.2,21.4,0.925,87.50,15,15,467,74,7582,87.48,19.9
9/8/2023 12:30,123.4,355,1.26,3.14,20.0,-1.9,2.2,21.0,0.958,87.50,15,8,460,74,7582,87.47,20.3
9/8/2023 12:45,130.7,9,1.24,3.67,20.5,-2.0,2.3,20.6,0.988,87.48,15,5,460,74,7584,87.45,20.4
9/8/2023 13:00,58.8,11,1.53,5.64,20.1,-1.9,2.2,20.2,0.989,87.47,15,11,471,74,7585,87.44,20.4
9/8/2023 13:15,42.7,8,1.77,6.43,19.5,-1.9,2.2,19.5,0.999,87.47,15,15,575,74,7584,87.44,20.1
9/8/2023 13:30,43.9,357,1.22,5.04,19.4,-1.9,2.2,19.5,1.000,87.44,15,15,754,74,7587,87.42,19.8
9/8/2023 13:45,77.5,24,1.58,6.56,19.5,-1.9,2.2,19.5,1.000,87.43,15,15,696,74,7586,87.40,19.7
9/8/2023 14:00,90.8,12,1.56,6.08,19.7,-1.9,2.2,19.6,1.000,87.41,15,15,684,74,7589,87.39,19.8
9/8/2023 14:15,55.1,38,1.72,6.42,19.8,-2.0,2.3,19.7,1.000,87.41,15,15,794,74,7587,87.38,19.7
9/8/2023 14:30,94.3,29,1.95,5.99,19.9,-1.9,2.3,19.8,1.000,87.40,15,15,699,74,7587,87.38,19.7
9/8/2023 14:45,119.4,20,1.91,4.80,20.2,-1.9,2.2,20.0,1.000,87.39,15,15,631,74,7585,87.36,19.8
9/8/2023 15:00,70.1,3,1.95,7.01,20.0,-2.1,2.2,20.0,0.995,87.40,15,15,569,75,7590,87.37,19.9
9/8/2023 15:15,90.8,33,2.24,6.36,20.1,-2.0,2.3,20.0,0.993,87.38,15,15,480,75,7591,87.35,19.9
9/8/2023 15:30,69.8,347,1.53,5.00,20.0,-2.0,2.2,20.0,0.993,87.37,15,15,466,74,7589,87.35,20.0
9/8/2023 15:45,20.9,1,1.78,6.80,19.7,-1.9,2.2,19.6,1.000,87.38,15,15,471,75,7590,87.35,19.9
9/8/2023 16:00,24.2,349,1.39,3.83,19.5,-1.9,2.3,19.4,1.000,87.37,15,15,470,74,7587,87.34,19.7
9/8/2023 16:15,20.9,353,1.35,4.93,19.5,-2.0,2.2,19.4,1.000,87.37,15,15,468,75,7593,87.34,19.6
9/8/2023 16:30,25.8,23,1.60,4.46,19.6,-1.8,2.3,19.4,1.000,87.39,15,15,473,70,7555,87.36,19.5
9/8/2023 16:45,30.8,346,1.58,5.17,19.6,-1.9,2.2,19.5,1.000,87.38,15,15,467,73,7580,87.35,19.7
9/8/2023 17:00,20.5,17,1.24,3.97,19.5,-1.9,2.3,19.4,1.000,87.37,15,15,466,74,7584,87.34,19.5
9/8/2023 17:15,17.8,20,1.74,4.90,19.4,-1.9,2.2,19.3,1.000,87.37,15,15,464,74,7586,87.35,19.4
9/8/2023 17:30,5.1,12,1.44,4.89,19.4,-1.9,2.2,19.4,0.995,87.36,15,15,463,74,7583,87.33,19.3
9/8/2023 17:45,0.0,23,1.24,3.82,19.3,-1.9,2.2,19.2,0.984,87.36,15,15,464,74,7585,87.33,19.1
9/8/2023 18:00,0.0,21,1.14,3.05,19.4,-1.9,2.3,19.3,0.980,87.37,15,15,461,74,7587,87.34,19.0
9/8/2023 18:15,0.0,0,0.53,2.23,19.3,-1.9,2.3,19.4,0.963,87.41,15,15,462,74,7583,87.38,18.9
9/8/2023 18:30,0.0,49,0.98,4.08,19.4,-1.9,2.2,19.3,0.965,87.44,15,12,460,74,7585,87.41,18.8
9/8/2023 18:45,0.0,40,0.79,3.58,19.7,-1.9,2.3,19.7,0.924,87.45,15,0,458,74,7584,87.42,18.8
9/8/2023 19:00,0.0,45,1.46,4.53,20.1,-1.9,2.3,20.1,0.891,87.46,15,0,457,74,7587,87.43,18.9
9/8/2023 19:15,0.0,38,1.81,5.60,19.8,-2.0,2.3,19.8,0.912,87.48,15,0,459,74,7586,87.45,18.9
9/8/2023 19:30,0.0,41,1.31,4.12,19.6,-2.0,2.3,19.5,0.934,87.51,15,0,459,74,7588,87.48,18.8
9/8/2023 19:45,0.0,39,1.69,3.78,19.4,-1.9,2.3,19.4,0.949,87.53,15,9,461,74,7587,87.50,18.8
9/8/2023 20:00,0.0,44,1.70,4.98,19.8,-1.9,2.3,19.5,0.945,87.55,15,2,458,75,7590,87.52,18.8
9/8/2023 20:15,0.0,42,1.46,4.53,20.0,-1.9,2.3,19.9,0.921,87.57,15,0,458,74,7585,87.54,18.9
9/8/2023 20:30,0.0,41,1.41,3.86,19.9,-1.9,2.3,19.9,0.917,87.60,15,0,458,74,7588,87.57,18.9
9/8/2023 20:45,0.0,42,1.83,5.07,19.9,-2.0,2.3,19.8,0.918,87.60,15,0,458,74,7588,87.57,18.9
9/8/2023 21:00,0.0,43,2.00,5.05,19.9,-2.0,2.3,19.8,0.917,87.62,15,0,458,74,7587,87.59,18.9
9/8/2023 21:15,0.0,44,1.60,3.67,19.9,-2.0,2.3,19.8,0.911,87.63,15,0,458,74,7587,87.60,18.9
9/8/2023 21:30,0.0,43,1.17,4.10,19.8,-2.0,2.3,19.7,0.912,87.64,15,0,458,74,7587,87.61,18.9
9/8/2023 21:45,0.0,48,0.44,1.76,19.5,-1.9,2.3,19.5,0.923,87.65,15,0,459,74,7587,87.61,18.9
9/8/2023 22:00,0.0,33,0.81,2.41,19.4,-1.8,2.3,19.3,0.935,87.64,15,0,459,74,7587,87.61,18.7
9/8/2023 22:15,0.0,31,1.49,4.76,19.4,-1.9,2.3,19.3,0.942,87.63,15,0,459,74,7589,87.60,18.7
9/8/2023 22:30,0.0,28,1.66,3.99,19.2,-2.0,2.3,19.2,0.951,87.63,15,7,461,74,7589,87.59,18.7
9/8/2023 22:45,0.0,19,1.93,5.28,19.2,-2.0,2.2,19.1,0.964,87.61,15,15,460,74,7589,87.58,18.7
9/8/2023 23:00,0.0,28,1.83,5.77,19.2,-2.0,2.2,19.1,0.962,87.60,15,15,460,75,7590,87.57,18.6
9/8/2023 23:15,0.0,26,1.73,5.59,19.2,-2.0,2.3,19.1,0.962,87.59,15,14,460,75,7591,87.56,18.6
9/8/2023 23:30,0.0,25,2.04,5.80,19.4,-2.0,2.3,19.4,0.957,87.57,15,12,460,75,7590,87.55,18.7
9/8/2023 23:45,0.0,33,1.65,4.47,19.3,-1.9,2.3,19.3,0.961,87.57,15,15,461,75,7591,87.55,18.7
9/9/2023 0:00,0.0,30,1.44,4.44,19.4,-1.9,2.3,19.4,0.962,87.57,15,15,461,75,7590,87.54,18.7
9/9/2023 0:15,0.0,19,1.20,3.61,19.1,-2.0,2.3,19.1,0.972,87.55,15,15,463,74,7587,87.53,18.8
9/9/2023 0:30,0.0,25,1.09,4.23,18.9,-2.0,2.2,18.8,0.989,87.54,15,15,465,74,7587,87.50,18.7
9/9/2023 0:45,0.0,27,1.88,5.33,18.9,-2.0,2.3,18.8,0.999,87.52,15,15,465,74,7588,87.49,18.6
9/9/2023 1:00,0.0,30,2.52,6.59,18.9,-2.0,2.3,18.8,0.999,87.52,15,15,464,74,7587,87.49,18.6
9/9/2023 1:15,0.0,19,1.60,5.18,18.9,-2.0,2.2,18.8,0.999,87.50,15,15,465,74,7586,87.47,18.6
9/9/2023 1:30,0.0,24,1.65,4.25,19.0,-1.9,2.3,18.9,0.995,87.51,15,15,463,74,7588,87.48,18.6
9/9/2023 1:45,0.0,28,1.16,3.94,19.1,-2.0,2.3,19.0,0.983,87.50,15,15,462,74,7589,87.47,18.6
9/9/2023 2:00,0.0,29,1.63,4.90,19.2,-1.9,2.2,19.1,0.977,87.48,15,15,462,74,7587,87.45,18.6
9/9/2023 2:15,0.0,24,1.41,5.05,19.1,-1.9,2.3,19.1,0.981,87.47,15,15,462,74,7589,87.44,18.7
9/9/2023 2:30,0.0,32,1.97,5.08,19.2,-2.0,2.3,19.1,0.983,87.46,15,15,463,74,7587,87.43,18.7
9/9/2023 2:45,0.0,25,1.79,5.44,19.1,-2.0,2.3,19.0,0.991,87.45,15,15,463,74,7588,87.42,18.7
9/9/2023 3:00,0.0,27,1.47,5.03,19.2,-2.0,2.2,19.1,0.992,87.45,15,15,463,74,7585,87.42,18.7
9/9/2023 3:15,0.0,24,1.65,6.70,19.2,-1.9,2.3,19.1,0.987,87.46,15,15,464,75,7590,87.43,18.8
9/9/2023 3:30,0.0,23,1.66,4.98,19.2,-2.0,2.3,19.1,0.991,87.46,15,15,463,75,7590,87.43,18.8
9/9/2023 3:45,0.0,23,1.23,3.89,19.1,-2.0,2.2,19.0,0.985,87.46,15,15,462,74,7589,87.43,18.8
9/9/2023 4:00,0.0,23,1.54,5.16,19.2,-2.0,2.3,19.2,0.978,87.46,15,15,462,75,7590,87.43,18.8
9/9/2023 4:15,0.0,22,1.29,5.14,19.1,-2.0,2.3,19.1,0.977,87.47,15,15,462,75,7590,87.45,18.8
9/9/2023 4:30,0.0,17,1.64,5.80,19.1,-2.0,2.3,19.0,0.985,87.49,15,15,463,75,7591,87.46,18.8
9/9/2023 4:45,0.0,22,1.74,7.63,19.1,-2.0,2.2,19.1,0.991,87.50,15,15,463,75,7590,87.47,18.8
9/9/2023 5:00,0.0,24,1.84,5.59,19.1,-2.1,2.2,19.0,0.997,87.50,15,15,464,75,7591,87.47,18.9
9/9/2023 5:15,0.0,25,2.15,6.69,19.1,-2.0,2.2,19.0,0.995,87.51,15,15,462,75,7590,87.48,18.8
9/9/2023 5:30,0.0,12,1.71,6.15,19.2,-2.1,2.3,19.1,0.983,87.53,15,15,462,75,7590,87.50,18.9
9/9/2023 5:45,0.0,20,1.57,4.14,19.2,-2.0,2.3,19.2,0.984,87.54,15,15,462,75,7590,87.51,18.9
9/9/2023 6:00,3.5,25,1.55,4.94,19.3,-2.0,2.3,19.2,0.981,87.55,15,15,461,75,7590,87.52,18.9
9/9/2023 6:15,9.5,20,1.46,4.14,19.3,-2.1,2.2,19.2,0.976,87.57,15,15,461,75,7590,87.54,19.0
9/9/2023 6:30,13.4,21,1.24,3.62,19.2,-2.0,2.3,19.2,0.984,87.59,15,15,462,75,7591,87.56,19.0
9/9/2023 6:45,22.2,22,2.05,5.22,19.4,-2.0,2.3,19.3,0.987,87.59,15,15,462,75,7592,87.56,19.0
9/9/2023 7:00,33.0,27,1.90,6.05,19.4,-2.0,2.3,19.3,0.990,87.58,15,13,459,75,7592,87.55,19.1
9/9/2023 7:15,38.8,27,2.13,7.55,19.7,-2.1,2.3,19.6,0.975,87.59,15,6,459,75,7590,87.56,19.3
9/9/2023 7:30,60.2,27,1.81,5.61,20.0,-2.1,2.4,19.9,0.967,87.59,15,1,460,75,7593,87.57,19.6
9/9/2023 7:45,63.7,32,2.22,6.93,20.0,-2.1,2.3,19.8,0.973,87.60,15,4,459,75,7593,87.58,19.8
9/9/2023 8:00,73.2,30,1.88,7.55,20.1,-2.0,2.4,19.9,0.973,87.62,15,1,460,75,7593,87.59,20.0
9/9/2023 8:15,68.1,22,2.28,7.08,20.0,-2.0,2.2,19.8,0.983,87.64,15,10,460,75,7593,87.60,20.0
9/9/2023 8:30,108.4,22,2.35,9.30,20.3,-2.0,2.4,20.0,0.979,87.63,15,2,459,75,7596,87.61,20.1
9/9/2023 8:45,104.6,27,2.73,7.07,20.4,-2.3,2.3,20.2,0.967,87.64,15,5,462,69,7540,87.61,20.4
9/9/2023 9:00,85.5,24,2.70,8.58,20.1,-2.2,2.4,20.0,0.980,87.65,15,15,472,71,7564,87.61,20.7
9/9/2023 9:15,116.1,22,2.54,7.03,20.1,-2.1,2.3,19.9,0.990,87.65,15,15,460,72,7569,87.62,20.4
9/9/2023 9:30,158.0,24,2.37,8.37,20.5,-2.1,2.3,20.2,0.988,87.65,15,7,458,72,7571,87.62,20.4
9/9/2023 9:45,192.8,27,2.88,8.56,20.9,-2.2,2.3,20.7,0.963,87.66,15,0,459,71,7562,87.64,20.8
9/9/2023 10:00,148.9,21,1.94,6.17,20.9,-2.1,2.3,20.6,0.966,87.65,15,1,457,72,7567,87.62,21.0
9/9/2023 10:15,269.9,27,2.50,8.61,21.1,-2.1,2.4,20.9,0.946,87.65,15,0,457,72,7571,87.62,21.1
9/9/2023 10:30,350.1,32,2.46,11.70,21.4,-2.1,2.4,21.1,0.943,87.64,15,0,455,72,7571,87.61,21.2
9/9/2023 10:45,270.1,24,2.09,7.62,21.6,-2.1,2.3,21.4,0.935,87.62,15,0,455,73,7576,87.60,21.5
9/9/2023 11:00,509.0,29,2.23,5.73,21.5,-2.1,2.3,21.3,0.934,87.61,15,0,454,73,7577,87.58,21.6
9/9/2023 11:15,858.0,29,2.40,5.41,22.1,-2.2,2.3,21.8,0.922,87.60,15,0,451,73,7577,87.57,21.8
9/9/2023 11:30,137.0,34,1.53,4.84,22.2,-2.1,2.3,22.0,0.920,87.60,15,0,455,73,7580,87.57,22.0
9/9/2023 11:45,229.8,32,1.81,5.19,22.2,-2.1,2.3,21.8,0.930,87.58,15,0,454,73,7581,87.55,22.1
9/9/2023 12:00,662.8,23,2.21,6.61,22.5,-2.2,2.2,22.1,0.900,87.58,15,0,453,73,7580,87.55,22.2
9/9/2023 12:15,153.8,351,1.64,6.31,21.7,-2.2,2.2,21.6,0.923,87.58,15,9,754,74,7583,87.55,22.3
9/9/2023 12:30,47.6,348,1.87,5.13,19.9,-2.0,2.2,19.8,0.995,87.58,15,15,756,73,7581,87.54,21.4
9/9/2023 12:45,90.3,331,1.57,4.62,19.0,-2.0,2.1,19.0,1.000,87.55,15,15,578,73,7580,87.52,20.5
9/9/2023 13:00,111.7,336,1.29,3.95,19.5,-2.0,2.2,19.0,1.000,87.53,15,15,509,74,7582,87.50,20.1
9/9/2023 13:15,98.5,29,1.86,5.12,19.5,-2.1,2.3,19.3,1.001,87.52,15,15,491,73,7581,87.49,20.0
9/9/2023 13:30,47.6,18,1.74,5.09,19.5,-2.1,2.3,19.3,0.999,87.51,15,15,464,74,7583,87.47,20.0
9/9/2023 13:45,51.1,24,1.86,6.65,19.7,-2.1,2.2,19.5,1.000,87.50,15,15,460,74,7587,87.47,19.9
9/9/2023 14:00,64.6,23,1.45,3.62,19.9,-2.0,2.3,19.8,0.995,87.49,15,12,459,74,7587,87.47,19.9
9/9/2023 14:15,67.2,23,1.78,5.08,20.1,-2.2,2.3,20.0,0.983,87.48,15,4,459,74,7584,87.45,20.0
9/9/2023 14:30,52.9,21,1.86,5.75,20.2,-2.0,2.3,20.1,0.980,87.46,15,8,460,74,7584,87.43,20.1
9/9/2023 14:45,64.5,21,2.27,7.43,20.4,-2.1,2.3,20.2,0.980,87.45,15,6,459,74,7586,87.42,20.2
9/9/2023 15:00,55.1,27,1.98,6.09,20.6,-2.1,2.3,20.5,0.964,87.43,15,5,464,74,7587,87.40,20.4
9/9/2023 15:15,53.1,27,2.06,5.22,20.6,-2.1,2.3,20.4,0.963,87.44,15,3,459,74,7587,87.41,20.4
9/9/2023 15:30,48.2,16,1.51,5.18,20.7,-2.0,2.3,20.6,0.956,87.46,15,0,458,74,7587,87.43,20.5
9/9/2023 15:45,62.3,21,1.35,4.62,20.8,-2.1,2.3,20.7,0.950,87.44,15,0,458,74,7587,87.41,20.6
9/9/2023 16:00,39.4,25,1.35,4.95,20.8,-2.1,2.2,20.7,0.945,87.45,15,1,460,74,7589,87.43,20.7
9/9/2023 16:15,28.4,26,1.69,5.45,20.5,-2.1,2.3,20.4,0.950,87.47,15,4,459,73,7576,87.44,20.6
9/9/2023 16:30,11.7,359,1.41,3.60,20.3,-2.0,2.2,20.2,0.954,87.48,15,7,491,73,7579,87.44,20.6
9/9/2023 16:45,10.6,23,1.86,7.10,19.8,-2.0,2.2,19.7,0.983,87.49,15,15,625,73,7577,87.46,20.2
9/9/2023 17:00,11.2,20,1.19,4.62,19.7,-2.0,2.3,19.6,0.982,87.52,15,15,602,73,7580,87.48,19.9
9/9/2023 17:15,4.9,21,1.28,3.34,19.7,-2.0,2.3,19.7,0.971,87.53,15,15,536,73,7580,87.50,19.7
9/9/2023 17:30,1.6,15,1.44,5.80,19.6,-2.0,2.3,19.6,0.969,87.57,15,15,793,73,7580,87.53,19.6
9/9/2023 17:45,1.6,20,2.10,4.86,19.3,-2.0,2.3,19.3,0.964,87.56,15,15,717,73,7579,87.53,19.4
9/9/2023 18:00,0.0,23,1.70,6.89,19.4,-2.1,2.3,19.4,0.953,87.58,15,15,666,73,7581,87.55,19.2
9/9/2023 18:15,0.0,24,1.88,5.58,19.4,-2.0,2.3,19.3,0.959,87.60,15,15,626,73,7580,87.57,19.2
9/9/2023 18:30,0.0,21,2.10,5.00,19.6,-2.1,2.3,19.6,0.946,87.62,15,15,575,74,7583,87.59,19.2
9/9/2023 18:45,0.0,21,2.10,5.75,19.7,-2.1,2.3,19.6,0.935,87.61,15,15,474,73,7580,87.58,19.3
9/9/2023 19:00,0.0,34,2.11,5.14,20.1,-2.1,2.3,20.1,0.896,87.60,15,4,457,74,7583,87.57,19.4
9/9/2023 19:15,0.0,21,1.66,4.92,20.0,-2.1,2.3,20.1,0.890,87.61,15,0,456,74,7582,87.58,19.5
9/9/2023 19:30,0.0,24,1.54,5.08,20.1,-2.1,2.3,20.1,0.885,87.63,15,0,456,74,7585,87.60,19.6
9/9/2023 19:45,0.0,12,0.99,3.53,19.9,-2.0,2.3,19.9,0.891,87.66,15,0,457,74,7583,87.63,19.6
9/9/2023 20:00,0.0,27,0.97,4.06,19.8,-2.0,2.3,19.7,0.899,87.66,15,0,456,74,7583,87.63,19.5
9/9/2023 20:15,0.0,35,1.60,5.00,20.0,-2.1,2.3,19.9,0.882,87.69,15,0,456,74,7583,87.65,19.5
9/9/2023 20:30,0.0,39,1.66,3.81,20.2,-2.1,2.3,20.2,0.856,87.71,15,0,455,74,7585,87.68,19.6
9/9/2023 20:45,0.0,40,2.31,5.77,20.6,-2.1,2.4,20.4,0.830,87.71,15,0,454,74,7583,87.68,19.6
9/9/2023 21:00,0.0,47,1.91,6.37,21.0,-2.1,2.3,21.0,0.780,87.73,15,0,453,74,7586,87.70,19.9
9/9/2023 21:15,0.0,50,1.22,3.97,20.9,-2.1,2.3,20.9,0.773,87.74,15,0,453,74,7585,87.71,20.0
9/9/2023 21:30,0.0,45,1.04,3.17,20.8,-2.1,2.3,20.8,0.780,87.74,15,0,454,74,7584,87.70,20.1
9/9/2023 21:45,0.0,62,0.76,3.05,20.7,-2.1,2.3,20.7,0.792,87.73,15,0,454,74,7583,87.69,20.0
9/9/2023 22:00,0.0,41,1.15,3.41,20.7,-2.2,2.3,20.7,0.797,87.72,15,0,454,74,7585,87.68,20.0
9/9/2023 22:15,0.0,40,0.99,3.58,20.8,-2.2,2.3,20.9,0.789,87.71,15,0,454,74,7586,87.67,20.1
9/9/2023 22:30,0.0,43,1.02,3.20,20.6,-2.1,2.3,20.7,0.798,87.70,15,0,454,74,7589,87.66,20.1
9/9/2023 22:45,0.0,33,1.36,4.07,20.5,-2.1,2.3,20.5,0.813,87.69,15,0,454,74,7585,87.65,20.0
9/9/2023 23:00,0.0,50,1.34,4.33,20.6,-2.1,2.3,20.6,0.812,87.69,15,0,454,74,7585,87.65,20.0
9/9/2023 23:15,0.0,38,1.49,3.36,20.6,-2.1,2.3,20.6,0.816,87.70,15,0,454,74,7586,87.66,20.0
9/9/2023 23:30,0.0,48,1.04,2.98,20.4,-2.1,2.3,20.4,0.829,87.72,15,0,454,74,7587,87.68,20.0
9/9/2023 23:45,0.0,37,1.21,3.31,20.2,-2.1,2.3,20.1,0.844,87.72,15,0,455,74,7588,87.68,19.9
9/10/2023 0:00,0.0,36,1.57,3.95,20.1,-2.1,2.3,20.0,0.862,87.70,15,0,455,74,7587,87.66,19.8
9/10/2023 0:15,0.0,41,0.81,3.11,19.9,-2.1,2.3,19.9,0.871,87.69,15,0,455,72,7568,87.64,19.9
9/10/2023 0:30,0.0,61,0.40,2.18,19.6,-2.0,2.3,19.6,0.875,87.68,15,0,456,73,7578,87.63,19.7
9/10/2023 0:45,0.0,69,0.39,1.77,19.4,-2.1,2.3,19.3,0.886,87.66,15,0,456,73,7577,87.62,19.4
9/10/2023 1:00,0.0,36,0.56,1.58,19.1,-2.0,2.3,19.1,0.895,87.64,15,0,457,73,7577,87.60,19.2
9/10/2023 1:15,0.0,23,0.75,2.06,18.8,-2.1,2.3,18.6,0.919,87.63,15,0,457,73,7578,87.59,19.0
9/10/2023 1:30,0.0,25,1.04,3.06,18.9,-2.1,2.3,18.7,0.920,87.63,15,0,457,73,7579,87.59,18.9
9/10/2023 1:45,0.0,26,1.09,2.76,19.0,-2.0,2.2,18.9,0.914,87.62,15,0,457,73,7579,87.57,18.8
9/10/2023 2:00,0.0,25,1.07,4.76,19.0,-2.0,2.3,18.9,0.909,87.59,15,0,456,73,7579,87.55,18.8
9/10/2023 2:15,0.0,40,1.37,4.42,19.1,-2.0,2.3,19.0,0.906,87.58,15,0,456,73,7577,87.54,18.7
9/10/2023 2:30,0.0,43,1.27,4.04,19.2,-2.1,2.3,19.2,0.898,87.55,15,0,456,73,7580,87.51,18.8
9/10/2023 2:45,0.0,36,2.00,4.92,19.4,-2.1,2.3,19.4,0.881,87.54,15,0,455,73,7580,87.50,18.9
9/10/2023 3:00,0.0,44,2.01,6.62,19.7,-2.1,2.4,19.6,0.865,87.53,15,0,455,73,7581,87.49,19.0
9/10/2023 3:15,0.0,31,2.26,5.84,19.7,-2.2,2.3,19.7,0.862,87.52,15,0,455,73,7580,87.48,19.1
9/10/2023 3:30,0.0,25,1.87,5.94,19.7,-2.2,2.2,19.6,0.870,87.52,15,0,455,73,7581,87.48,19.2
9/10/2023 3:45,0.0,25,1.91,5.49,19.6,-2.1,2.3,19.5,0.878,87.52,15,0,455,73,7581,87.48,19.2
9/10/2023 4:00,0.0,36,1.78,5.54,19.8,-2.1,2.4,19.7,0.871,87.51,15,0,455,74,7582,87.48,19.3
9/10/2023 4:15,0.0,28,2.14,6.73,19.7,-2.1,2.3,19.7,0.876,87.52,15,0,456,74,7582,87.48,19.3
9/10/2023 4:30,0.0,27,1.63,4.38,19.5,-2.1,2.3,19.5,0.895,87.52,15,0,456,73,7581,87.48,19.3
9/10/2023 4:45,0.0,29,1.96,5.22,19.3,-2.1,2.3,19.3,0.917,87.54,15,0,457,73,7581,87.50,19.2
9/10/2023 5:00,0.0,33,1.86,5.49,19.2,-2.1,2.4,19.1,0.938,87.56,15,0,458,73,7580,87.52,19.2
9/10/2023 5:15,0.0,29,1.94,4.46,19.0,-2.2,2.2,18.9,0.950,87.56,15,0,459,74,7582,87.52,19.1
9/10/2023 5:30,0.0,31,1.92,6.70,19.0,-2.1,2.3,18.9,0.952,87.55,15,0,458,74,7583,87.51,19.0
9/10/2023 5:45,1.8,28,1.66,5.13,19.1,-2.1,2.3,19.0,0.949,87.55,15,0,459,74,7582,87.51,18.9
9/10/2023 6:00,11.4,33,1.49,4.26,19.1,-2.1,2.3,19.0,0.951,87.56,15,0,458,74,7584,87.53,18.9
9/10/2023 6:15,19.6,20,1.99,5.26,19.2,-2.1,2.3,19.1,0.947,87.58,15,0,458,74,7584,87.54,19.0
9/10/2023 6:30,27.5,18,1.74,5.40,19.1,-2.1,2.3,19.0,0.955,87.59,15,0,458,74,7583,87.55,19.0
9/10/2023 6:45,37.0,19,2.10,5.85,19.3,-2.2,2.3,19.1,0.956,87.61,15,0,458,74,7583,87.58,19.1
9/10/2023 7:00,71.0,19,1.89,5.43,19.8,-2.2,2.2,19.5,0.942,87.62,15,0,456,74,7585,87.59,19.3
9/10/2023 7:15,85.0,29,2.06,5.43,20.3,-2.2,2.2,20.1,0.919,87.63,15,0,454,74,7588,87.60,19.9
9/10/2023 7:30,87.2,28,2.26,6.42,20.5,-2.2,2.3,20.5,0.904,87.65,15,0,455,74,7586,87.61,20.4
9/10/2023 7:45,86.1,27,2.04,5.74,20.7,-2.2,2.3,20.5,0.908,87.66,15,0,456,74,7589,87.62,20.9
9/10/2023 8:00,63.7,31,2.23,7.04,20.4,-2.2,2.3,20.2,0.915,87.67,15,0,456,75,7592,87.63,20.9
9/10/2023 8:15,63.7,26,1.86,5.87,20.2,-2.2,2.3,20.0,0.919,87.68,15,0,456,75,7590,87.64,20.6
9/10/2023 8:30,81.7,29,2.17,5.88,20.3,-2.2,2.3,20.1,0.918,87.69,15,0,456,70,7555,87.66,20.5
9/10/2023 8:45,105.8,27,1.88,5.15,20.7,-2.2,2.2,20.5,0.908,87.69,15,0,455,71,7560,87.66,21.0
9/10/2023 9:00,126.2,30,1.92,5.13,21.1,-2.3,2.2,20.9,0.895,87.70,15,0,455,71,7563,87.66,21.1
9/10/2023 9:15,137.7,23,2.04,5.49,21.4,-2.3,2.3,21.1,0.895,87.70,15,0,454,72,7567,87.67,21.2
9/10/2023 9:30,126.5,21,2.08,5.27,21.5,-2.2,2.3,21.3,0.885,87.70,15,0,455,72,7570,87.67,21.4
9/10/2023 9:45,148.1,16,1.45,3.91,21.6,-2.2,2.3,21.4,0.906,87.71,15,0,455,71,7559,87.67,21.7
9/10/2023 10:00,139.9,19,1.53,3.84,21.5,-2.2,2.2,21.3,0.927,87.70,15,0,456,71,7563,87.67,21.8
9/10/2023 10:15,178.3,357,1.22,3.08,21.5,-2.2,2.3,21.1,0.930,87.71,15,0,454,72,7565,87.67,21.7
9/10/2023 10:30,244.8,37,1.34,3.93,22.1,-2.1,2.2,21.9,0.892,87.72,15,0,453,72,7566,87.68,21.9
9/10/2023 10:45,192.6,21,1.79,5.05,21.7,-2.2,2.3,21.5,0.898,87.72,15,0,455,72,7569,87.68,22.0
9/10/2023 11:00,151.8,29,1.59,4.09,21.6,-2.2,2.3,21.4,0.903,87.71,15,0,454,72,7571,87.68,22.0
9/10/2023 11:15,261.8,32,1.28,5.42,21.9,-2.2,2.3,21.6,0.883,87.71,15,0,453,72,7569,87.67,22.0
9/10/2023 11:30,160.0,31,1.66,4.74,21.9,-2.2,2.3,21.6,0.883,87.70,15,0,454,72,7571,87.66,22.1
9/10/2023 11:45,183.8,24,1.52,4.49,22.2,-2.2,2.2,21.8,0.854,87.69,15,0,453,72,7573,87.66,22.2
9/10/2023 12:00,303.4,20,1.54,4.55,21.9,-2.2,2.3,21.6,0.865,87.69,15,0,453,73,7575,87.65,22.2
9/10/2023 12:15,523.1,16,1.66,5.32,22.2,-2.2,2.2,21.7,0.878,87.66,15,0,453,73,7575,87.62,22.2
9/10/2023 12:30,168.1,2,1.58,3.90,22.2,-2.3,2.2,21.9,0.886,87.65,15,0,453,73,7576,87.62,22.4
9/10/2023 12:45,134.6,8,1.02,2.92,22.2,-2.1,2.3,21.8,0.876,87.64,15,0,454,73,7576,87.60,22.5
9/10/2023 13:00,102.9,346,0.64,2.24,22.0,-2.2,2.3,21.7,0.871,87.61,15,0,454,73,7577,87.57,22.5
9/10/2023 13:15,150.1,6,0.47,1.70,22.4,-2.2,2.2,21.9,0.876,87.59,15,0,453,73,7580,87.56,22.6
9/10/2023 13:30,167.0,335,0.98,2.29,22.9,-2.2,2.2,22.7,0.849,87.59,15,0,453,74,7584,87.55,23.2
9/10/2023 13:45,139.9,1,1.31,5.01,23.0,-2.2,2.2,22.7,0.813,87.56,15,0,452,74,7584,87.52,23.4
9/10/2023 14:00,89.2,9,0.90,4.06,23.0,-2.2,2.2,22.8,0.818,87.55,15,0,453,74,7585,87.51,23.4
9/10/2023 14:15,95.0,343,0.73,1.66,22.6,-2.2,2.2,22.2,0.860,87.54,15,0,453,74,7584,87.50,23.2
9/10/2023 14:30,100.3,349,0.90,2.59,22.6,-2.2,2.2,22.2,0.864,87.54,15,0,454,74,7586,87.50,23.0
9/10/2023 14:45,59.9,342,1.10,3.66,22.1,-2.1,2.2,21.9,0.888,87.55,15,0,458,74,7588,87.51,22.8
9/10/2023 15:00,24.4,335,0.78,2.64,20.6,-2.1,2.2,20.2,0.958,87.57,15,7,462,74,7587,87.52,22.1
9/10/2023 15:15,45.0,343,1.13,3.37,19.9,-2.1,2.2,19.4,0.986,87.56,15,15,463,74,7587,87.51,21.3
9/10/2023 15:30,80.9,29,1.11,3.45,20.3,-2.1,2.3,19.8,0.962,87.56,15,1,456,74,7585,87.52,21.0
9/10/2023 15:45,74.9,357,1.55,3.18,20.2,-2.1,2.2,20.0,0.949,87.57,15,0,457,74,7586,87.53,20.9
9/10/2023 16:00,39.7,353,0.96,2.46,20.2,-2.1,2.3,20.1,0.959,87.57,15,0,458,74,7587,87.53,20.8
9/10/2023 16:15,31.3,15,1.06,3.44,20.1,-2.1,2.3,19.9,0.969,87.57,15,0,459,72,7573,87.54,20.7
9/10/2023 16:30,29.7,20,1.56,4.76,20.0,-2.1,2.3,19.8,0.967,87.57,15,0,459,73,7577,87.54,20.6
9/10/2023 16:45,30.6,22,0.79,2.79,20.1,-2.1,2.2,20.0,0.959,87.55,15,0,458,73,7574,87.51,20.4
9/10/2023 17:00,20.1,14,0.58,2.05,20.1,-2.1,2.3,20.0,0.955,87.56,15,0,458,73,7577,87.52,20.4
9/10/2023 17:15,13.9,19,0.79,2.41,20.0,-2.0,2.3,19.9,0.959,87.58,15,0,459,73,7576,87.54,20.3
9/10/2023 17:30,4.0,21,0.96,3.04,19.9,-2.0,2.3,19.8,0.960,87.59,15,0,459,73,7580,87.55,20.2
9/10/2023 17:45,0.0,42,0.80,3.57,19.8,-2.0,2.3,19.7,0.959,87.59,15,0,459,73,7579,87.56,20.1
9/10/2023 18:00,0.0,6,1.15,4.24,19.8,-2.1,2.2,19.7,0.959,87.63,15,6,544,73,7576,87.59,20.0
9/10/2023 18:15,0.0,353,1.36,3.57,18.9,-2.1,2.2,19.0,0.982,87.67,15,15,750,73,7579,87.63,19.7
9/10/2023 18:30,0.0,1,1.13,2.89,18.7,-2.0,2.3,18.5,1.000,87.67,15,15,794,73,7577,87.64,19.2
9/10/2023 18:45,0.0,35,1.15,3.84,18.8,-2.0,2.3,18.6,0.999,87.66,15,15,747,73,7577,87.63,19.0
9/10/2023 19:00,0.0,19,1.32,4.21,18.7,-2.0,2.2,18.6,0.990,87.66,15,15,727,73,7577,87.63,18.9
9/10/2023 19:15,0.0,28,1.23,3.28,18.7,-1.9,2.3,18.7,0.996,87.65,15,15,705,73,7577,87.61,18.8
9/10/2023 19:30,0.0,39,1.13,3.29,19.2,-2.0,2.3,19.0,0.969,87.63,15,15,674,73,7580,87.60,18.8
9/10/2023 19:45,0.0,23,1.14,3.52,19.3,-2.0,2.3,19.4,0.935,87.65,15,15,654,73,7579,87.61,18.9
9/10/2023 20:00,0.0,26,1.07,3.85,19.3,-2.0,2.3,19.2,0.937,87.64,15,15,623,73,7580,87.61,18.9
9/10/2023 20:15,0.0,29,1.15,3.49,19.4,-2.0,2.3,19.4,0.921,87.64,15,15,575,73,7577,87.61,19.0
9/10/2023 20:30,0.0,29,1.59,4.49,19.8,-2.1,2.3,19.8,0.874,87.65,15,15,468,73,7578,87.62,19.1
9/10/2023 20:45,0.0,24,1.46,4.80,20.0,-2.1,2.2,20.0,0.840,87.66,15,1,455,73,7580,87.63,19.3
9/10/2023 21:00,0.0,27,1.25,3.56,20.0,-2.1,2.2,20.0,0.844,87.66,15,0,455,73,7580,87.63,19.4
9/10/2023 21:15,0.0,33,1.27,4.13,20.2,-2.1,2.2,20.2,0.836,87.66,15,0,454,73,7580,87.63,19.6
9/10/2023 21:30,0.0,28,1.26,3.87,20.4,-2.1,2.2,20.4,0.830,87.66,15,0,454,73,7580,87.63,19.7
9/10/2023 21:45,0.0,26,0.72,3.29,20.3,-2.1,2.3,20.4,0.840,87.66,15,0,455,73,7578,87.63,19.8
9/10/2023 22:00,0.0,23,1.20,3.33,20.2,-2.1,2.3,20.1,0.857,87.67,15,0,455,73,7581,87.64,19.8
9/10/2023 22:15,0.0,28,0.99,3.93,20.1,-2.1,2.3,20.1,0.861,87.65,15,0,455,73,7580,87.61,19.8
9/10/2023 22:30,0.0,37,1.23,4.57,20.2,-2.1,2.2,20.2,0.860,87.65,15,0,455,73,7580,87.61,19.8
9/10/2023 22:45,0.0,31,0.77,2.53,20.1,-2.1,2.3,20.1,0.862,87.65,15,0,455,73,7581,87.61,19.8
9/10/2023 23:00,0.0,35,1.33,3.84,20.0,-2.0,2.3,20.0,0.871,87.65,15,0,455,73,7580,87.60,19.8
9/10/2023 23:15,0.0,35,1.25,4.35,19.9,-2.1,2.3,19.8,0.880,87.64,15,0,455,73,7580,87.60,19.8
9/10/2023 23:30,0.0,28,1.12,4.25,20.1,-2.1,2.3,20.0,0.862,87.63,15,0,455,73,7580,87.59,19.8
9/10/2023 23:45,0.0,29,1.42,4.72,20.2,-2.1,2.3,20.1,0.849,87.62,15,0,455,73,7580,87.59,19.8
9/11/2023 0:00,0.0,29,0.99,3.10,20.0,-2.1,2.2,20.0,0.850,87.62,15,0,455,74,7583,87.59,19.8
9/11/2023 0:15,0.0,20,0.85,3.16,19.7,-2.0,2.2,19.7,0.866,87.62,15,0,455,71,7564,87.58,19.8
9/11/2023 0:30,0.0,31,0.87,2.58,19.4,-2.1,2.3,19.3,0.887,87.61,15,0,456,72,7572,87.56,19.7
9/11/2023 0:45,0.0,36,0.59,2.29,19.3,-2.1,2.2,19.2,0.894,87.60,15,0,456,72,7572,87.56,19.4
9/11/2023 1:00,0.0,19,0.77,3.39,19.0,-2.1,2.2,18.9,0.908,87.59,15,0,457,72,7573,87.55,19.3
9/11/2023 1:15,0.0,30,1.42,4.70,18.8,-2.1,2.3,18.8,0.931,87.58,15,0,458,72,7573,87.53,19.1
9/11/2023 1:30,0.0,20,1.72,4.91,18.8,-2.1,2.3,18.7,0.951,87.57,15,0,459,72,7572,87.52,18.9
9/11/2023 1:45,0.0,35,1.30,4.00,18.8,-2.1,2.3,18.7,0.949,87.55,15,0,458,72,7571,87.51,18.8
9/11/2023 2:00,0.0,29,1.33,3.58,18.9,-2.1,2.3,18.8,0.929,87.53,15,0,457,73,7575,87.50,18.8
9/11/2023 2:15,0.0,26,1.33,3.93,18.9,-2.2,2.3,18.9,0.905,87.52,15,0,456,73,7574,87.49,18.8
9/11/2023 2:30,0.0,22,1.23,5.58,18.7,-2.1,2.3,18.7,0.894,87.52,15,0,456,73,7574,87.48,18.7
9/11/2023 2:45,0.0,28,1.46,4.83,18.6,-2.1,2.2,18.5,0.905,87.53,15,0,457,73,7574,87.49,18.6
9/11/2023 3:00,0.0,30,1.17,4.35,18.6,-2.1,2.3,18.5,0.915,87.51,15,0,457,73,7574,87.48,18.6
9/11/2023 3:15,0.0,24,1.31,4.05,18.6,-2.1,2.3,18.5,0.917,87.51,15,0,457,73,7576,87.48,18.5
9/11/2023 3:30,0.0,27,1.23,5.38,18.6,-2.1,2.3,18.5,0.912,87.51,15,0,457,72,7573,87.47,18.5
9/11/2023 3:45,0.0,28,1.51,5.05,18.6,-2.1,2.3,18.5,0.919,87.50,15,0,457,73,7575,87.46,18.5
9/11/2023 4:00,0.0,31,1.45,4.81,18.6,-2.1,2.3,18.5,0.933,87.50,15,0,458,73,7574,87.46,18.5
9/11/2023 4:15,0.0,32,1.65,5.07,18.6,-2.1,2.3,18.5,0.937,87.51,15,0,457,73,7574,87.47,18.5
9/11/2023 4:30,0.0,30,1.53,4.75,18.6,-2.1,2.3,18.5,0.927,87.51,15,0,457,73,7574,87.47,18.5
9/11/2023 4:45,0.0,33,1.45,4.41,18.7,-2.1,2.3,18.6,0.917,87.51,15,0,456,73,7574,87.47,18.4
9/11/2023 5:00,0.0,30,1.19,4.67,18.8,-2.1,2.2,18.7,0.906,87.51,15,0,456,73,7574,87.47,18.5
9/11/2023 5:15,0.0,32,1.52,4.47,18.7,-2.1,2.3,18.7,0.898,87.51,15,0,456,73,7574,87.48,18.5
9/11/2023 5:30,0.0,29,1.40,5.15,18.7,-2.1,2.3,18.6,0.902,87.51,15,0,456,73,7575,87.48,18.5
9/11/2023 5:45,1.6,31,1.79,6.37,18.7,-2.2,2.3,18.6,0.909,87.52,15,0,457,73,7576,87.48,18.5
9/11/2023 6:00,5.1,37,1.37,4.44,18.6,-2.1,2.3,18.5,0.920,87.54,15,0,457,73,7574,87.51,18.5
9/11/2023 6:15,8.8,30,1.69,6.35,18.7,-2.2,2.3,18.6,0.933,87.58,15,0,457,73,7575,87.54,18.5
9/11/2023 6:30,11.7,24,1.54,4.56,18.7,-2.1,2.3,18.6,0.944,87.60,15,0,458,73,7577,87.56,18.6
9/11/2023 6:45,16.1,32,1.70,5.88,18.8,-2.0,2.3,18.7,0.954,87.62,15,0,458,73,7578,87.58,18.6
9/11/2023 7:00,21.4,37,1.81,5.50,18.9,-2.2,2.3,18.8,0.953,87.63,15,0,458,73,7575,87.59,18.7
9/11/2023 7:15,37.4,29,1.34,4.17,19.1,-2.0,2.3,19.0,0.949,87.64,15,0,457,73,7574,87.61,18.9
9/11/2023 7:30,43.4,28,1.59,6.30,19.3,-2.1,2.4,19.3,0.948,87.65,15,0,458,73,7576,87.62,19.1
9/11/2023 7:45,76.9,26,1.98,5.65,19.9,-2.2,2.3,19.6,0.948,87.67,15,0,456,73,7575,87.64,19.5
9/11/2023 8:00,78.2,19,1.92,4.94,20.4,-2.1,2.3,20.1,0.932,87.68,15,0,456,73,7577,87.65,20.0
9/11/2023 8:15,89.5,22,1.53,4.40,20.1,-2.1,2.3,19.9,0.938,87.69,15,0,456,73,7579,87.66,20.2
9/11/2023 8:30,113.3,26,2.11,6.42,20.8,-2.3,2.4,20.2,0.933,87.69,15,0,456,73,7577,87.66,20.4
9/11/2023 8:45,94.8,30,1.83,5.03,21.1,-2.3,2.3,20.6,0.909,87.69,15,0,455,70,7551,87.66,21.0
9/11/2023 9:00,149.0,22,1.74,4.86,21.1,-2.3,2.3,20.6,0.920,87.70,15,0,456,70,7553,87.66,21.3
9/11/2023 9:15,185.3,29,1.97,6.75,21.2,-2.3,2.2,20.6,0.935,87.70,15,0,455,70,7556,87.67,21.2
9/11/2023 9:30,166.4,10,1.29,3.64,21.5,-2.2,2.2,21.0,0.933,87.70,15,0,455,71,7561,87.66,21.5
9/11/2023 9:45,141.9,333,1.01,3.11,21.2,-2.2,2.3,20.7,0.943,87.71,15,0,455,70,7548,87.68,21.6
9/11/2023 10:00,105.5,337,1.20,5.76,20.9,-2.2,2.3,20.6,0.945,87.71,15,0,458,70,7555,87.68,21.8
9/11/2023 10:15,84.2,336,1.31,3.60,20.3,-2.1,2.2,19.9,0.967,87.73,15,0,458,70,7556,87.69,21.2
9/11/2023 10:30,119.2,358,1.12,3.66,20.5,-2.2,2.3,20.1,0.966,87.73,15,0,457,71,7558,87.69,21.0
9/11/2023 10:45,134.8,326,0.90,4.16,21.0,-2.1,2.2,20.5,0.953,87.72,15,0,455,71,7558,87.69,21.1
9/11/2023 11:00,346.6,29,1.48,4.05,21.8,-2.2,2.3,21.5,0.913,87.71,15,0,453,71,7561,87.68,21.5
9/11/2023 11:15,316.6,21,1.37,3.90,21.8,-2.2,2.2,21.6,0.911,87.71,15,0,453,71,7561,87.68,21.9
9/11/2023 11:30,206.0,26,1.04,4.22,22.6,-2.2,2.2,22.0,0.905,87.69,15,0,453,71,7563,87.66,22.2
9/11/2023 11:45,517.5,26,1.64,3.93,22.8,-2.2,2.2,22.3,0.875,87.68,15,0,453,71,7564,87.64,22.5
9/11/2023 12:00,173.6,20,1.21,3.65,22.8,-2.2,2.2,22.4,0.880,87.66,15,0,454,71,7564,87.62,22.7
9/11/2023 12:15,84.0,325,0.78,2.92,22.3,-2.2,2.2,21.8,0.913,87.64,15,0,456,72,7567,87.60,22.6
9/11/2023 12:30,91.6,349,0.90,3.05,22.0,-2.2,2.3,21.4,0.940,87.62,15,0,455,72,7567,87.58,22.4
9/11/2023 12:45,48.3,346,0.49,1.44,22.2,-2.2,2.2,21.8,0.931,87.59,15,0,456,72,7569,87.56,22.4
9/11/2023 13:00,35.5,13,0.37,1.67,22.0,-2.1,2.3,21.6,0.937,87.58,15,0,456,72,7567,87.54,22.3
9/11/2023 13:15,94.7,336,0.49,1.48,22.1,-2.2,2.3,21.6,0.944,87.55,15,0,456,72,7568,87.51,22.2
9/11/2023 13:30,34.1,343,0.51,1.67,21.9,-2.2,2.2,21.5,0.949,87.52,15,0,458,72,7569,87.49,22.2
9/11/2023 13:45,18.7,341,0.66,2.04,21.5,-2.1,2.3,21.2,0.963,87.51,15,0,459,72,7572,87.48,22.0
9/11/2023 14:00,11.9,14,0.32,1.18,21.4,-2.1,2.3,21.0,0.974,87.52,15,3,483,72,7571,87.48,21.8
9/11/2023 14:15,13.0,17,0.24,1.32,20.7,-2.0,2.2,20.8,0.983,87.52,15,15,985,72,7571,87.49,21.5
9/11/2023 14:30,14.1,177,0.53,1.24,20.1,-1.9,2.1,20.5,0.993,87.51,15,15,944,72,7571,87.47,21.0
9/11/2023 14:45,9.9,180,0.29,1.18,20.0,-1.8,2.1,20.2,1.001,87.49,15,15,1088,72,7571,87.46,20.6
9/11/2023 15:00,10.1,201,0.49,1.57,19.8,-1.8,2.1,20.0,1.000,87.50,15,15,1022,72,7570,87.47,20.4
9/11/2023 15:15,13.5,171,0.51,1.33,19.7,-1.7,2.0,19.9,1.000,87.50,15,15,1016,72,7573,87.47,20.1
9/11/2023 15:30,16.5,57,0.37,1.23,19.6,-1.8,2.2,19.7,1.000,87.49,15,15,827,72,7571,87.46,20.0
9/11/2023 15:45,30.8,155,0.42,1.10,19.5,-1.8,2.2,19.8,1.000,87.48,15,15,742,72,7571,87.46,19.8
9/11/2023 16:00,49.4,134,0.38,1.09,19.8,-1.8,2.2,20.0,1.001,87.49,15,15,648,72,7571,87.46,19.8
9/11/2023 16:15,46.7,151,0.52,1.45,20.0,-1.8,2.2,20.3,1.000,87.48,15,15,622,68,7539,87.46,20.0
9/11/2023 16:30,36.6,116,0.35,0.68,20.1,-1.8,2.2,20.5,1.000,87.49,15,15,627,71,7564,87.46,20.2
9/11/2023 16:45,21.6,4,0.30,1.16,19.9,-1.9,2.2,20.4,1.000,87.52,15,15,575,71,7564,87.50,20.2
9/11/2023 17:00,20.5,67,0.29,1.23,20.1,-1.9,2.2,20.5,0.998,87.53,15,15,578,72,7565,87.50,20.1
9/11/2023 17:15,11.7,28,0.45,1.56,20.1,-1.8,2.2,20.5,0.999,87.55,15,15,593,71,7564,87.53,20.1
9/11/2023 17:30,3.3,37,0.74,2.32,19.9,-1.9,2.2,20.4,0.999,87.57,15,15,563,72,7566,87.54,20.1
9/11/2023 17:45,0.0,44,0.85,3.70,20.3,-1.9,2.2,20.3,0.996,87.57,15,15,574,72,7567,87.54,20.0
9/11/2023 18:00,0.0,83,0.41,1.53,20.3,-1.9,2.2,20.4,0.973,87.57,15,15,604,72,7566,87.54,19.9
9/11/2023 18:15,0.0,102,0.29,1.10,20.2,-1.9,2.2,20.3,0.968,87.60,15,15,640,72,7566,87.57,19.8
9/11/2023 18:30,0.0,81,0.32,0.86,20.1,-1.8,2.2,20.2,0.967,87.62,15,15,594,72,7568,87.60,19.7
9/11/2023 18:45,0.0,102,0.35,1.60,20.0,-1.9,2.2,20.1,0.971,87.63,15,15,618,72,7568,87.60,19.7
9/11/2023 19:00,0.0,107,0.33,1.32,20.0,-1.9,2.2,20.1,0.970,87.62,15,15,621,72,7568,87.59,19.6
9/11/2023 19:15,0.0,66,0.37,1.18,20.0,-1.9,2.2,20.2,0.965,87.62,15,15,638,72,7567,87.60,19.6
9/11/2023 19:30,0.0,118,0.30,0.86,19.8,-1.9,2.2,20.1,0.966,87.61,15,15,601,72,7566,87.58,19.6
9/11/2023 19:45,0.0,99,0.28,1.02,19.8,-1.9,2.2,20.0,0.968,87.60,15,15,624,72,7568,87.57,19.5
9/11/2023 20:00,0.0,80,0.27,0.72,19.7,-1.9,2.2,20.1,0.963,87.62,15,15,641,72,7568,87.59,19.5
9/11/2023 20:15,0.0,173,0.32,0.83,19.5,-1.8,2.2,19.8,0.979,87.62,15,15,601,72,7569,87.59,19.4
9/11/2023 20:30,0.0,19,0.62,2.90,19.6,-1.9,2.3,19.8,0.991,87.65,15,15,604,72,7569,87.62,19.4
9/11/2023 20:45,0.0,26,1.01,2.82,19.7,-1.9,2.2,19.8,0.998,87.67,15,15,603,72,7569,87.64,19.4
9/11/2023 21:00,0.0,38,0.86,2.37,19.6,-1.9,2.2,19.7,1.000,87.68,15,15,592,72,7569,87.66,19.4
9/11/2023 21:15,0.0,32,1.02,2.84,19.7,-1.9,2.3,19.7,1.000,87.69,15,15,575,72,7570,87.67,19.4
9/11/2023 21:30,0.0,34,0.90,2.59,19.8,-1.8,2.2,19.7,1.000,87.69,15,15,568,72,7568,87.67,19.5
9/11/2023 21:45,0.0,37,0.95,3.33,19.9,-1.9,2.2,19.8,1.000,87.69,15,15,566,72,7569,87.66,19.5
9/11/2023 22:00,0.0,44,0.83,2.74,19.8,-1.8,2.2,19.8,1.000,87.69,15,15,550,72,7570,87.66,19.4
9/11/2023 22:15,0.0,25,0.74,4.04,19.8,-1.9,2.2,19.9,0.990,87.69,15,15,534,72,7568,87.66,19.4
9/11/2023 22:30,0.0,30,0.73,2.15,19.6,-1.9,2.2,19.8,0.989,87.67,15,15,520,72,7573,87.64,19.4
9/11/2023 22:45,0.0,71,0.63,1.95,19.5,-1.8,2.2,19.6,0.996,87.67,15,15,505,72,7569,87.64,19.3
9/11/2023 23:00,0.0,47,0.65,2.56,19.5,-1.9,2.2,19.5,0.996,87.67,15,15,485,72,7571,87.64,19.2
9/11/2023 23:15,0.0,57,1.02,3.11,19.5,-1.8,2.3,19.5,0.993,87.67,15,15,465,72,7569,87.64,19.2
9/11/2023 23:30,0.0,57,0.93,2.95,19.4,-1.9,2.2,19.5,0.985,87.66,15,15,464,72,7569,87.64,19.1
9/11/2023 23:45,0.0,73,0.81,2.98,19.2,-1.9,2.3,19.4,0.989,87.66,15,15,466,72,7570,87.63,19.1
9/12/2023 0:00,0.0,25,1.29,3.78,19.2,-1.9,2.2,19.3,0.997,87.64,15,15,466,72,7570,87.61,19.1
9/12/2023 0:15,0.0,31,0.89,2.53,19.1,-1.9,2.2,19.2,1.000,87.63,15,15,474,72,7566,87.60,19.1
9/12/2023 0:30,0.0,33,0.85,2.43,19.1,-1.9,2.3,19.0,1.000,87.62,15,15,469,72,7567,87.59,19.0
9/12/2023 0:45,0.0,318,0.62,2.12,19.0,-1.9,2.2,19.0,0.999,87.61,15,15,468,72,7568,87.58,18.9
9/12/2023 1:00,0.0,357,0.72,2.65,18.9,-1.9,2.2,18.9,1.000,87.60,15,15,468,72,7568,87.57,18.9
9/12/2023 1:15,0.0,313,0.71,2.42,19.0,-1.8,2.2,18.9,1.000,87.58,15,15,464,72,7567,87.56,18.8
9/12/2023 1:30,0.0,19,0.79,3.87,19.0,-1.8,2.2,19.0,0.997,87.56,15,15,466,72,7569,87.53,18.8
9/12/2023 1:45,0.0,15,0.78,2.92,18.9,-1.9,2.2,18.9,0.998,87.55,15,15,472,72,7568,87.51,18.8
9/12/2023 2:00,0.0,353,0.83,2.94,18.9,-1.8,2.3,18.8,0.999,87.54,15,15,468,72,7567,87.51,18.7
9/12/2023 2:15,0.0,359,0.66,1.82,18.9,-1.9,2.3,18.8,1.000,87.53,15,15,463,72,7568,87.50,18.6
9/12/2023 2:30,0.0,295,0.51,1.44,18.9,-1.9,2.2,18.9,0.989,87.51,15,15,463,72,7567,87.48,18.6
9/12/2023 2:45,0.0,6,0.88,2.70,18.9,-1.9,2.3,18.9,0.969,87.48,15,15,462,72,7570,87.46,18.5
9/12/2023 3:00,0.0,4,0.93,3.05,18.8,-1.9,2.2,18.8,0.959,87.48,15,15,461,72,7569,87.45,18.4
9/12/2023 3:15,0.0,339,0.73,2.01,18.6,-1.8,2.2,18.7,0.956,87.48,15,15,461,72,7569,87.45,18.3
9/12/2023 3:30,0.0,348,0.75,2.81,18.5,-1.9,2.3,18.6,0.952,87.47,15,14,460,72,7567,87.44,18.2
9/12/2023 3:45,0.0,1,0.85,2.78,18.4,-1.9,2.2,18.6,0.953,87.48,15,15,463,72,7567,87.45,18.1
9/12/2023 4:00,0.0,9,1.10,3.62,18.4,-1.9,2.2,18.4,0.971,87.48,15,15,462,72,7568,87.45,18.0
9/12/2023 4:15,0.0,10,1.23,5.19,18.4,-1.9,2.3,18.4,0.977,87.48,15,15,463,72,7568,87.45,18.0
9/12/2023 4:30,0.0,17,1.12,3.77,18.6,-1.9,2.2,18.5,0.977,87.49,15,15,461,72,7567,87.46,18.1
9/12/2023 4:45,0.0,277,0.70,2.04,18.6,-1.8,2.3,18.6,0.967,87.50,15,15,461,72,7566,87.47,18.1
9/12/2023 5:00,0.0,35,1.04,3.00,18.8,-1.9,2.3,18.8,0.970,87.50,15,15,463,72,7571,87.47,18.2
9/12/2023 5:15,0.0,38,1.25,4.29,19.1,-1.9,2.2,19.0,0.973,87.51,15,15,460,72,7569,87.48,18.3
9/12/2023 5:30,0.0,36,1.42,4.64,19.5,-1.9,2.2,19.5,0.941,87.52,15,4,460,72,7568,87.49,18.4
9/12/2023 5:45,0.9,36,1.20,3.83,19.4,-1.9,2.3,19.3,0.946,87.54,15,13,460,72,7568,87.51,18.5
9/12/2023 6:00,7.0,38,0.86,3.12,19.2,-2.0,2.2,19.2,0.950,87.55,15,15,461,72,7569,87.52,18.6
9/12/2023 6:15,13.7,48,0.81,2.42,19.0,-1.9,2.3,18.9,0.968,87.57,15,15,462,72,7568,87.54,18.6
9/12/2023 6:30,25.3,41,1.15,3.64,19.1,-2.0,2.2,19.0,0.972,87.57,15,15,461,72,7568,87.54,18.6
9/12/2023 6:45,30.2,43,1.25,4.42,19.3,-2.0,2.3,19.1,0.973,87.59,15,13,460,72,7571,87.56,18.8
9/12/2023 7:00,38.5,39,1.36,3.82,19.5,-2.0,2.2,19.3,0.963,87.60,15,7,458,72,7570,87.57,19.0
9/12/2023 7:15,62.4,40,1.17,5.72,19.9,-2.1,2.3,19.9,0.951,87.61,15,0,457,72,7572,87.58,19.2
9/12/2023 7:30,65.6,41,1.24,5.29,20.2,-2.1,2.2,20.2,0.943,87.61,15,0,457,72,7572,87.58,19.7
9/12/2023 7:45,67.4,13,1.33,4.45,20.7,-2.1,2.3,20.4,0.934,87.62,15,0,457,73,7574,87.59,20.2
9/12/2023 8:00,81.8,24,1.51,5.34,20.9,-2.1,2.2,20.6,0.933,87.65,15,0,457,72,7572,87.62,20.4
9/12/2023 8:15,129.8,23,1.64,5.81,21.0,-2.1,2.3,20.7,0.943,87.66,15,0,457,73,7574,87.63,20.6
9/12/2023 8:30,112.6,22,1.74,7.44,21.1,-2.2,2.3,20.7,0.949,87.67,15,0,457,73,7574,87.64,20.7
9/12/2023 8:45,106.8,21,1.99,7.18,21.4,-2.1,2.3,20.9,0.929,87.68,15,0,456,67,7530,87.65,20.9
9/12/2023 9:00,167.5,17,2.00,7.36,21.8,-2.2,2.4,21.1,0.918,87.67,15,0,456,70,7549,87.64,21.4
9/12/2023 9:15,141.0,7,1.87,5.19,21.9,-2.1,2.3,21.3,0.915,87.69,15,0,456,70,7551,87.65,21.3
9/12/2023 9:30,153.3,29,1.63,5.94,22.1,-2.0,2.2,21.6,0.915,87.68,15,0,455,69,7546,87.65,21.6
9/12/2023 9:45,212.4,29,1.85,5.14,22.2,-2.1,2.3,21.8,0.909,87.67,15,0,455,70,7551,87.64,21.8
9/12/2023 10:00,157.1,17,1.62,4.31,22.4,-2.1,2.2,21.9,0.915,87.66,15,0,455,70,7549,87.63,22.0
9/12/2023 10:15,262.9,32,1.81,4.95,22.4,-2.1,2.2,22.1,0.909,87.65,15,0,454,70,7555,87.62,22.2
9/12/2023 10:30,269.9,26,1.38,4.57,22.6,-2.1,2.2,22.3,0.903,87.65,15,0,453,70,7555,87.62,22.5
9/12/2023 10:45,260.0,0,1.46,4.99,22.3,-2.0,2.2,22.1,0.912,87.64,15,0,455,70,7556,87.61,22.6
9/12/2023 11:00,494.0,343,1.39,3.60,22.3,-2.1,2.2,21.8,0.922,87.62,15,0,453,71,7562,87.59,22.4
9/12/2023 11:15,450.8,351,1.38,4.63,22.5,-2.1,2.2,22.2,0.911,87.62,15,0,453,71,7561,87.58,22.6
9/12/2023 11:30,158.2,359,1.77,3.97,22.2,-2.1,2.2,21.9,0.911,87.62,15,0,455,71,7562,87.59,22.5
9/12/2023 11:45,224.5,350,1.51,3.24,22.4,-2.1,2.2,22.0,0.907,87.62,15,0,454,72,7565,87.59,22.5
9/12/2023 12:00,506.5,358,1.30,4.24,22.8,-2.1,2.2,22.4,0.905,87.60,15,0,453,71,7562,87.57,22.6
9/12/2023 12:15,548.4,348,1.27,3.32,23.0,-2.2,2.2,22.5,0.890,87.58,15,0,452,72,7565,87.54,22.8
9/12/2023 12:30,304.9,339,1.29,2.56,23.3,-2.1,2.3,22.8,0.886,87.56,15,0,454,72,7569,87.53,23.0
9/12/2023 12:45,154.9,351,1.27,3.94,23.2,-2.1,2.2,22.8,0.882,87.55,15,0,454,72,7568,87.52,23.3
9/12/2023 13:00,181.5,1,1.35,3.59,23.2,-2.1,2.2,22.7,0.888,87.53,15,0,454,72,7569,87.50,23.3
9/12/2023 13:15,149.6,336,0.66,2.50,23.6,-2.1,2.1,23.2,0.895,87.51,15,0,454,72,7571,87.48,23.6
9/12/2023 13:30,83.7,345,0.95,3.43,22.7,-2.2,2.2,22.5,0.926,87.51,15,8,525,72,7572,87.48,23.6
9/12/2023 13:45,80.9,4,1.50,5.60,21.5,-2.0,2.2,21.2,0.972,87.50,15,15,926,72,7573,87.46,22.9
9/12/2023 14:00,24.9,336,1.01,2.51,20.9,-2.0,2.2,20.8,0.992,87.49,15,15,646,72,7572,87.45,22.1
9/12/2023 14:15,71.4,8,0.91,2.67,20.8,-1.9,2.2,20.7,0.999,87.46,15,15,571,72,7572,87.43,21.6
9/12/2023 14:30,74.5,11,1.20,3.04,20.9,-2.0,2.2,20.7,0.999,87.45,15,15,522,72,7571,87.41,21.4
9/12/2023 14:45,53.3,342,1.28,3.35,20.7,-2.1,2.2,20.6,0.998,87.43,15,15,497,73,7575,87.39,21.2
9/12/2023 15:00,63.5,42,0.95,3.20,20.9,-2.0,2.2,20.8,0.995,87.45,15,15,463,72,7573,87.42,21.1
9/12/2023 15:15,44.7,338,1.16,3.16,20.7,-2.0,2.2,20.7,0.990,87.43,15,15,464,72,7573,87.39,21.0
9/12/2023 15:30,15.4,346,0.91,3.36,20.4,-2.0,2.2,20.4,0.998,87.46,15,15,470,72,7573,87.42,20.9
9/12/2023 15:45,23.6,343,1.17,2.91,20.1,-2.0,2.2,20.1,1.000,87.47,15,15,468,72,7573,87.43,20.6
9/12/2023 16:00,25.5,346,0.88,2.77,20.2,-2.0,2.2,20.1,1.000,87.46,15,15,497,72,7572,87.42,20.5
9/12/2023 16:15,18.1,4,1.34,2.95,20.3,-2.0,2.2,20.0,1.001,87.46,15,15,951,72,7571,87.43,20.4
9/12/2023 16:30,8.4,357,0.96,2.72,20.2,-1.9,2.2,20.2,1.001,87.46,15,15,918,72,7565,87.43,20.4
9/12/2023 16:45,6.4,337,1.38,3.42,20.0,-2.0,2.2,20.1,1.000,87.46,15,15,698,72,7569,87.43,20.2
9/12/2023 17:00,2.7,355,1.40,5.09,19.9,-1.9,2.1,19.9,1.001,87.47,15,15,632,72,7566,87.44,20.1
9/12/2023 17:15,0.0,349,1.43,4.22,19.7,-2.0,2.2,19.8,1.000,87.47,15,15,659,72,7565,87.44,19.9
9/12/2023 17:30,0.0,354,1.22,5.68,19.7,-1.9,2.2,19.7,1.000,87.47,15,15,640,72,7565,87.44,19.8
9/12/2023 17:45,0.0,29,1.43,5.30,19.6,-1.9,2.2,19.6,1.000,87.49,15,15,601,72,7567,87.47,19.8
9/12/2023 18:00,0.0,21,0.98,2.86,19.4,-1.9,2.2,19.4,1.001,87.52,15,15,585,72,7566,87.49,19.7
9/12/2023 18:15,0.0,30,1.13,3.77,19.5,-1.9,2.2,19.4,1.001,87.54,15,15,584,72,7568,87.51,19.6
9/12/2023 18:30,0.0,27,0.82,3.03,19.5,-1.9,2.2,19.3,1.000,87.55,15,15,578,72,7568,87.52,19.5
9/12/2023 18:45,0.0,32,0.71,3.12,19.5,-1.9,2.2,19.3,1.000,87.56,15,15,589,72,7567,87.53,19.4
9/12/2023 19:00,0.0,28,0.81,2.88,19.4,-1.9,2.2,19.3,1.000,87.57,15,15,583,72,7569,87.54,19.4
9/12/2023 19:15,0.0,31,1.17,3.54,19.5,-1.9,2.3,19.2,1.000,87.58,15,15,557,72,7565,87.55,19.3
9/12/2023 19:30,0.0,33,0.96,4.77,19.4,-1.9,2.2,19.2,1.000,87.58,15,15,534,72,7568,87.55,19.2
9/12/2023 19:45,0.0,36,1.14,4.07,19.3,-1.8,2.3,19.3,0.990,87.58,15,15,506,72,7569,87.55,19.1
9/12/2023 20:00,0.0,39,1.48,4.37,19.3,-2.0,2.3,19.3,0.977,87.60,15,15,465,72,7567,87.57,19.1
9/12/2023 20:15,0.0,30,1.41,4.76,19.4,-1.9,2.3,19.4,0.961,87.60,15,15,461,72,7567,87.57,19.1
9/12/2023 20:30,0.0,33,1.22,4.43,19.2,-1.9,2.2,19.3,0.962,87.61,15,15,461,72,7568,87.59,19.0
9/12/2023 20:45,0.0,30,1.87,5.54,19.2,-1.9,2.3,19.3,0.965,87.62,15,15,462,72,7568,87.60,19.0
9/12/2023 21:00,0.0,33,1.55,5.22,19.2,-2.0,2.3,19.1,0.968,87.63,15,15,461,72,7568,87.60,19.0
9/12/2023 21:15,0.0,23,1.36,4.80,19.1,-1.9,2.3,19.1,0.971,87.65,15,15,461,72,7567,87.62,18.9
9/12/2023 21:30,0.0,42,1.20,4.98,19.4,-1.9,2.3,19.3,0.955,87.63,15,5,459,72,7568,87.60,18.9
9/12/2023 21:45,0.0,34,1.36,4.89,19.5,-2.0,2.3,19.6,0.935,87.62,15,1,460,72,7571,87.59,19.0
9/12/2023 22:00,0.0,21,1.59,4.96,19.4,-2.0,2.3,19.4,0.945,87.61,15,7,460,72,7568,87.58,19.0
9/12/2023 22:15,0.0,28,1.89,5.20,19.4,-2.0,2.3,19.4,0.951,87.60,15,11,460,72,7567,87.58,19.1
9/12/2023 22:30,0.0,30,1.60,5.05,19.4,-2.0,2.3,19.4,0.960,87.60,15,15,461,72,7570,87.57,19.1
9/12/2023 22:45,0.0,26,1.70,5.42,19.4,-2.0,2.3,19.4,0.968,87.59,15,15,461,72,7567,87.55,19.2
9/12/2023 23:00,0.0,35,1.61,6.75,19.5,-1.9,2.3,19.4,0.966,87.57,15,15,461,72,7568,87.54,19.2
9/12/2023 23:15,0.0,33,1.53,5.21,19.4,-2.0,2.3,19.4,0.966,87.55,15,15,461,72,7569,87.52,19.2
9/12/2023 23:30,0.0,27,1.54,6.30,19.5,-2.0,2.3,19.4,0.955,87.54,15,9,459,72,7569,87.51,19.2
9/12/2023 23:45,0.0,43,1.18,4.89,19.6,-1.9,2.3,19.5,0.935,87.53,15,0,459,72,7569,87.50,19.2
9/13/2023 0:00,0.0,28,1.55,5.10,19.6,-2.0,2.3,19.6,0.928,87.53,15,0,458,72,7568,87.50,19.2
9/13/2023 0:15,0.0,28,1.76,4.40,19.6,-2.0,2.2,19.5,0.921,87.51,15,0,458,70,7550,87.48,19.4
9/13/2023 0:30,0.0,30,1.27,4.97,19.3,-2.0,2.2,19.3,0.930,87.51,15,0,460,71,7560,87.48,19.3
9/13/2023 0:45,0.0,32,1.39,4.22,19.1,-2.0,2.2,19.0,0.945,87.50,15,1,460,71,7558,87.47,19.1
9/13/2023 1:00,0.0,31,1.22,4.58,19.1,-2.0,2.3,19.0,0.942,87.49,15,0,460,71,7559,87.46,19.0
9/13/2023 1:15,0.0,32,1.51,6.47,19.1,-2.0,2.3,19.0,0.947,87.47,15,2,460,71,7561,87.44,18.9
9/13/2023 1:30,0.0,28,1.26,4.42,18.9,-1.9,2.3,18.8,0.957,87.46,15,15,460,71,7561,87.42,18.9
9/13/2023 1:45,0.0,36,1.62,5.59,18.9,-2.0,2.3,18.8,0.958,87.45,15,15,460,71,7559,87.42,18.8
9/13/2023 2:00,0.0,33,1.60,4.68,18.9,-2.0,2.3,18.8,0.957,87.45,15,14,460,71,7561,87.41,18.7
9/13/2023 2:15,0.0,34,2.16,6.40,19.0,-2.0,2.3,18.9,0.941,87.43,15,2,459,71,7561,87.39,18.7
9/13/2023 2:30,0.0,29,1.68,5.30,19.0,-1.9,2.2,19.0,0.925,87.42,15,0,458,71,7562,87.39,18.7
9/13/2023 2:45,0.0,29,1.75,5.06,19.1,-2.0,2.2,19.1,0.916,87.41,15,0,458,71,7561,87.38,18.8
9/13/2023 3:00,0.0,39,1.74,6.09,19.0,-2.1,2.4,19.0,0.919,87.40,15,0,458,71,7561,87.37,18.7
9/13/2023 3:15,0.0,20,1.71,5.62,19.0,-2.0,2.3,18.9,0.910,87.40,15,0,458,71,7561,87.37,18.7
9/13/2023 3:30,0.0,28,2.60,7.41,19.1,-2.1,2.4,19.1,0.900,87.41,15,0,457,71,7561,87.38,18.7
9/13/2023 3:45,0.0,31,2.27,5.97,19.1,-2.1,2.3,19.0,0.906,87.42,15,0,457,71,7561,87.39,18.8
9/13/2023 4:00,0.0,31,2.00,7.05,19.2,-2.1,2.2,19.1,0.915,87.44,15,0,457,71,7561,87.40,18.8
9/13/2023 4:15,0.0,34,2.01,5.89,19.3,-2.1,2.3,19.3,0.903,87.45,15,0,457,71,7561,87.41,18.8
9/13/2023 4:30,0.0,33,1.66,4.83,19.2,-2.0,2.3,19.1,0.912,87.46,15,0,458,71,7562,87.43,18.9
9/13/2023 4:45,0.0,36,1.88,5.98,19.1,-2.0,2.2,19.0,0.921,87.47,15,0,458,71,7562,87.43,18.8
9/13/2023 5:00,0.0,32,1.62,4.65,19.0,-2.0,2.4,19.0,0.919,87.48,15,0,458,71,7563,87.45,18.8
9/13/2023 5:15,0.0,30,1.54,4.23,18.9,-2.0,2.2,18.8,0.928,87.50,15,0,458,71,7562,87.46,18.7
9/13/2023 5:30,0.0,31,1.86,5.11,18.9,-2.0,2.2,18.8,0.934,87.51,15,0,459,71,7562,87.47,18.7
9/13/2023 5:45,4.8,33,1.27,4.11,18.8,-2.0,2.2,18.7,0.942,87.51,15,0,459,71,7561,87.48,18.6
9/13/2023 6:00,13.5,32,0.97,3.10,18.7,-2.1,2.2,18.7,0.949,87.52,15,0,459,71,7561,87.48,18.6
9/13/2023 6:15,11.9,30,1.62,5.02,18.7,-2.0,2.2,18.6,0.957,87.54,15,3,460,71,7562,87.51,18.6
9/13/2023 6:30,18.1,28,1.54,4.32,18.8,-2.0,2.3,18.7,0.965,87.55,15,12,460,71,7563,87.52,18.6
9/13/2023 6:45,27.3,28,1.58,4.73,19.0,-2.0,2.3,18.9,0.970,87.57,15,13,460,71,7562,87.54,18.7
9/13/2023 7:00,40.3,26,1.56,5.08,19.1,-2.0,2.2,19.0,0.972,87.59,15,4,460,71,7564,87.55,18.9
9/13/2023 7:15,67.2,35,1.56,3.77,19.5,-2.1,2.3,19.4,0.970,87.59,15,0,458,71,7562,87.56,19.2
9/13/2023 7:30,70.9,30,2.29,6.92,19.7,-2.2,2.3,19.6,0.955,87.61,15,0,458,71,7564,87.58,19.5
9/13/2023 7:45,88.3,25,1.65,5.41,20.2,-2.1,2.3,19.9,0.946,87.62,15,0,457,72,7565,87.59,19.9
9/13/2023 8:00,95.9,28,1.68,5.07,20.7,-2.1,2.3,20.4,0.935,87.64,15,0,456,71,7563,87.61,20.3
9/13/2023 8:15,112.4,26,2.08,6.38,20.6,-2.2,2.2,20.4,0.936,87.66,15,0,457,72,7566,87.63,20.6
9/13/2023 8:30,132.0,23,2.19,5.14,20.9,-2.1,2.3,20.5,0.936,87.67,15,0,456,67,7523,87.64,20.7
9/13/2023 8:45,129.3,24,2.49,6.29,21.2,-2.3,2.2,20.7,0.926,87.68,15,0,456,69,7541,87.65,21.3
9/13/2023 9:00,141.2,22,2.04,5.33,21.4,-2.3,2.2,20.8,0.925,87.68,15,0,456,69,7540,87.65,21.3
9/13/2023 9:15,135.5,1,1.72,4.69,21.6,-2.2,2.2,21.1,0.927,87.69,15,0,456,68,7536,87.66,21.5
9/13/2023 9:30,125.1,6,1.71,4.93,21.5,-2.2,2.2,21.0,0.932,87.69,15,0,456,68,7536,87.65,21.6
9/13/2023 9:45,155.6,17,2.22,6.33,21.7,-2.2,2.2,21.2,0.928,87.67,15,0,455,69,7542,87.64,21.6
9/13/2023 10:00,194.8,38,1.78,5.87,22.2,-2.2,2.3,21.8,0.910,87.66,15,0,455,69,7543,87.64,21.8
9/13/2023 10:15,266.1,18,2.10,6.61,22.0,-2.2,2.2,21.7,0.911,87.67,15,0,455,69,7545,87.64,22.0
9/13/2023 10:30,516.5,30,2.00,4.79,22.1,-2.1,2.2,21.8,0.912,87.66,15,0,452,70,7548,87.63,22.2
9/13/2023 10:45,576.2,24,1.99,6.21,22.3,-2.2,2.2,22.0,0.885,87.66,15,0,452,69,7546,87.63,22.2
9/13/2023 11:00,851.4,26,2.29,6.54,22.4,-2.2,2.2,22.1,0.878,87.64,15,0,450,70,7549,87.61,22.3
9/13/2023 11:15,800.4,37,1.99,5.58,22.9,-2.1,2.3,22.6,0.857,87.62,2,0,450,70,7551,87.59,22.4
9/13/2023 11:30,152.9,32,1.63,7.08,23.4,-2.2,2.3,22.9,0.867,87.60,15,0,452,70,7550,87.57,22.6
9/13/2023 11:45,439.6,0,1.31,4.54,23.7,-2.2,2.2,23.2,0.865,87.59,15,0,451,70,7551,87.56,22.9
9/13/2023 12:00,466.9,350,1.85,5.14,23.0,-2.2,2.2,22.6,0.881,87.58,15,0,452,70,7552,87.55,23.0
9/13/2023 12:15,826.5,17,1.64,7.31,23.5,-2.2,2.2,22.9,0.865,87.56,15,0,452,70,7555,87.53,23.0
9/13/2023 12:30,360.9,343,1.23,4.07,23.5,-2.2,2.2,23.0,0.874,87.55,15,0,453,71,7557,87.52,23.2
9/13/2023 12:45,154.5,348,0.92,3.70,23.8,-2.2,2.2,23.1,0.866,87.54,15,0,452,71,7560,87.50,23.6
9/13/2023 13:00,145.8,349,1.05,2.95,24.2,-2.2,2.2,23.7,0.836,87.51,15,0,452,71,7563,87.48,24.2
9/13/2023 13:15,158.9,334,1.31,3.52,23.5,-2.2,2.2,23.0,0.865,87.50,15,0,453,72,7566,87.46,24.3
9/13/2023 13:30,115.2,349,0.98,3.04,23.5,-2.2,2.2,23.1,0.865,87.47,15,0,453,72,7569,87.43,24.2
9/13/2023 13:45,107.5,352,1.22,3.36,23.1,-2.2,2.2,22.8,0.864,87.45,15,0,454,72,7571,87.41,24.0
9/13/2023 14:00,135.9,359,1.31,5.06,23.3,-2.2,2.2,22.8,0.888,87.43,15,0,453,72,7568,87.39,23.7
9/13/2023 14:15,111.0,348,1.28,4.22,23.4,-2.2,2.2,22.9,0.867,87.40,15,0,453,72,7572,87.36,23.7
9/13/2023 14:30,101.4,342,1.13,3.63,23.3,-2.2,2.2,22.8,0.878,87.38,15,0,454,72,7570,87.35,23.5
9/13/2023 14:45,104.0,341,1.14,3.24,23.2,-2.2,2.1,22.8,0.894,87.38,15,0,454,72,7571,87.35,23.5
9/13/2023 15:00,77.8,339,1.53,3.78,23.0,-2.1,2.2,22.6,0.883,87.39,15,0,454,72,7572,87.35,23.3
9/13/2023 15:15,84.2,347,1.09,3.63,23.2,-2.2,2.3,22.8,0.878,87.39,15,0,454,72,7571,87.35,23.3
9/13/2023 15:30,82.9,341,1.38,3.95,23.2,-2.1,2.1,22.8,0.877,87.37,15,0,454,72,7573,87.34,23.3
9/13/2023 15:45,65.2,3,1.45,4.74,22.9,-2.2,2.2,22.6,0.891,87.39,15,0,454,72,7570,87.35,23.1
9/13/2023 16:00,48.5,346,1.04,3.61,22.8,-2.1,2.2,22.5,0.888,87.40,15,0,454,72,7571,87.36,22.9
9/13/2023 16:15,40.5,346,1.04,3.91,22.6,-2.2,2.2,22.4,0.882,87.40,15,0,454,72,7573,87.36,22.8
9/13/2023 16:30,36.3,331,1.31,3.68,22.4,-2.1,2.2,22.2,0.890,87.39,15,0,455,72,7571,87.35,22.6
9/13/2023 16:45,24.5,338,1.18,2.88,22.1,-2.1,2.3,22.0,0.900,87.39,15,0,455,71,7561,87.35,22.5
9/13/2023 17:00,20.7,0,1.25,3.93,22.0,-2.1,2.2,21.9,0.909,87.40,15,0,456,71,7561,87.36,22.3
9/13/2023 17:15,8.6,15,0.94,2.64,21.7,-2.1,2.2,21.6,0.930,87.41,15,0,458,71,7564,87.37,22.1
9/13/2023 17:30,5.3,12,1.08,2.63,21.4,-2.1,2.3,21.3,0.949,87.42,15,0,459,71,7564,87.38,21.8
9/13/2023 17:45,0.0,23,1.00,2.98,21.3,-2.1,2.3,21.2,0.962,87.43,15,3,460,71,7563,87.39,21.6
9/13/2023 18:00,0.0,16,0.91,2.93,21.1,-2.1,2.3,21.0,0.971,87.42,15,15,461,71,7564,87.38,21.4
9/13/2023 18:15,0.0,3,1.27,3.85,21.0,-2.1,2.2,20.9,0.982,87.44,15,15,462,71,7563,87.40,21.3
9/13/2023 18:30,0.0,332,1.13,3.36,20.9,-2.1,2.2,20.8,0.991,87.44,15,15,462,71,7564,87.41,21.1
9/13/2023 18:45,0.0,16,1.27,4.02,20.9,-2.1,2.3,20.8,0.991,87.45,15,15,464,71,7564,87.42,21.0
9/13/2023 19:00,0.0,345,1.24,2.97,20.8,-2.1,2.3,20.7,0.998,87.46,15,15,466,71,7563,87.43,20.9
9/13/2023 19:15,0.0,351,0.92,5.13,20.7,-2.1,2.2,20.6,1.000,87.47,15,15,465,72,7565,87.44,20.8
9/13/2023 19:30,0.0,28,1.36,4.44,20.8,-2.1,2.3,20.6,0.999,87.49,15,15,466,71,7564,87.46,20.8
9/13/2023 19:45,0.0,24,1.00,4.30,20.6,-2.1,2.3,20.5,1.000,87.49,15,15,463,71,7564,87.46,20.7
9/13/2023 20:00,0.0,18,0.98,3.83,20.6,-2.0,2.3,20.4,0.993,87.50,15,15,462,71,7564,87.47,20.6
9/13/2023 20:15,0.0,8,0.76,2.06,20.4,-2.0,2.3,20.3,0.987,87.52,15,15,462,71,7564,87.49,20.5
9/13/2023 20:30,0.0,12,0.90,4.11,20.2,-2.1,2.3,20.1,0.983,87.53,15,15,462,71,7563,87.50,20.4
9/13/2023 20:45,0.0,17,1.30,3.73,20.0,-2.0,2.2,20.0,0.987,87.56,15,15,463,71,7564,87.53,20.2
9/13/2023 21:00,0.0,66,0.44,2.26,19.9,-2.0,2.3,19.8,0.985,87.58,15,15,462,72,7565,87.54,20.1
9/13/2023 21:15,0.0,27,1.35,3.62,20.0,-2.0,2.3,19.9,0.967,87.57,15,10,459,71,7564,87.54,20.0
9/13/2023 21:30,0.0,28,1.31,4.80,20.0,-2.0,2.3,20.0,0.940,87.58,15,0,458,71,7563,87.54,19.9
9/13/2023 21:45,0.0,31,1.56,6.41,20.1,-2.0,2.3,20.1,0.918,87.58,15,0,457,71,7564,87.54,19.9
9/13/2023 22:00,0.0,32,1.49,5.55,20.1,-2.1,2.3,20.1,0.903,87.57,15,0,457,72,7566,87.54,19.8
9/13/2023 22:15,0.0,36,1.90,6.73,20.1,-2.1,2.3,20.1,0.905,87.56,15,0,457,71,7564,87.53,19.9
9/13/2023 22:30,0.0,24,1.91,4.93,20.2,-2.2,2.2,20.1,0.901,87.56,15,0,457,71,7562,87.53,19.9
9/13/2023 22:45,0.0,42,1.03,3.60,20.0,-2.1,2.3,19.9,0.907,87.55,15,0,457,71,7564,87.51,19.8
9/13/2023 23:00,0.0,36,1.44,4.87,19.9,-2.0,2.3,19.8,0.911,87.54,15,0,457,71,7561,87.50,19.7
9/13/2023 23:15,0.0,32,1.36,5.71,19.9,-2.1,2.3,19.8,0.909,87.53,15,0,457,71,7562,87.50,19.7
9/13/2023 23:30,0.0,30,1.32,5.74,19.8,-2.1,2.3,19.8,0.907,87.52,15,0,457,71,7562,87.49,19.7
9/13/2023 23:45,0.0,20,1.46,4.46,19.8,-2.1,2.2,19.7,0.909,87.52,15,0,457,71,7564,87.48,19.6
9/14/2023 0:00,0.0,25,1.18,4.16,19.5,-2.1,2.2,19.5,0.917,87.51,15,0,457,71,7564,87.48,19.5
9/14/2023 0:15,0.0,30,1.07,3.51,19.5,-2.0,2.3,19.5,0.923,87.50,15,0,457,69,7546,87.46,19.6
9/14/2023 0:30,0.0,29,2.04,4.63,19.7,-2.1,2.3,19.6,0.919,87.49,15,0,457,70,7552,87.46,19.6
9/14/2023 0:45,0.0,22,1.32,4.05,19.8,-2.1,2.2,19.9,0.906,87.47,15,0,457,70,7552,87.44,19.6
9/14/2023 1:00,0.0,32,1.41,4.19,19.9,-2.1,2.3,19.9,0.893,87.45,15,0,456,70,7555,87.42,19.6
9/14/2023 1:15,0.0,32,1.45,6.20,19.9,-2.1,2.3,19.9,0.887,87.44,15,0,456,70,7554,87.40,19.6
9/14/2023 1:30,0.0,29,1.56,4.89,19.8,-2.1,2.3,19.8,0.886,87.44,15,0,456,70,7555,87.40,19.6
9/14/2023 1:45,0.0,31,1.91,5.38,19.8,-2.2,2.3,19.7,0.890,87.43,15,0,456,70,7555,87.39,19.5
9/14/2023 2:00,0.0,29,2.12,6.13,19.9,-2.1,2.3,19.8,0.890,87.41,15,0,456,70,7555,87.38,19.6
9/14/2023 2:15,0.0,32,1.82,6.45,20.0,-2.2,2.3,19.9,0.883,87.40,15,0,455,70,7556,87.36,19.6
9/14/2023 2:30,0.0,27,2.20,6.34,20.2,-2.1,2.3,20.1,0.868,87.38,15,0,455,70,7555,87.34,19.7
9/14/2023 2:45,0.0,33,1.48,5.83,20.1,-2.1,2.3,20.1,0.867,87.37,15,0,455,70,7555,87.34,19.7
9/14/2023 3:00,0.0,25,1.71,5.43,20.1,-2.2,2.3,20.0,0.873,87.37,15,0,455,71,7558,87.34,19.7
9/14/2023 3:15,0.0,31,1.54,4.96,20.1,-2.1,2.3,20.1,0.876,87.37,15,0,455,71,7557,87.34,19.8
9/14/2023 3:30,0.0,30,1.18,5.23,20.0,-2.1,2.2,19.9,0.886,87.37,15,0,456,70,7555,87.34,19.7
9/14/2023 3:45,0.0,29,1.27,4.39,20.0,-2.1,2.2,19.9,0.892,87.38,15,0,456,71,7558,87.34,19.7
9/14/2023 4:00,0.0,23,1.38,5.51,19.8,-2.1,2.3,19.8,0.900,87.40,15,0,456,70,7556,87.36,19.7
9/14/2023 4:15,0.0,22,1.56,4.42,19.8,-2.1,2.3,19.8,0.907,87.42,15,0,456,71,7559,87.38,19.6
9/14/2023 4:30,0.0,29,1.44,5.54,19.7,-2.1,2.3,19.7,0.913,87.42,15,0,457,71,7558,87.39,19.6
9/14/2023 4:45,0.0,28,1.83,4.56,19.6,-2.2,2.3,19.5,0.923,87.44,15,0,457,70,7556,87.40,19.5
9/14/2023 5:00,0.0,29,1.93,4.52,19.6,-2.1,2.4,19.5,0.925,87.45,15,0,457,71,7558,87.41,19.5
9/14/2023 5:15,0.0,31,1.97,6.54,19.6,-2.1,2.3,19.5,0.930,87.47,15,0,458,71,7558,87.43,19.4
9/14/2023 5:30,0.0,29,1.92,6.53,19.5,-2.2,2.3,19.5,0.934,87.48,15,0,458,71,7558,87.44,19.4
9/14/2023 5:45,0.0,34,1.85,5.38,19.5,-2.0,2.4,19.5,0.936,87.50,15,0,458,71,7560,87.46,19.4
9/14/2023 6:00,4.9,29,1.95,5.87,19.6,-2.1,2.3,19.6,0.933,87.51,15,0,457,71,7557,87.47,19.4
9/14/2023 6:15,12.5,28,2.35,6.17,19.7,-2.1,2.3,19.6,0.930,87.53,15,0,457,71,7557,87.49,19.5
9/14/2023 6:30,17.4,28,1.86,4.50,19.8,-2.1,2.3,19.7,0.927,87.54,15,0,457,71,7560,87.50,19.5
9/14/2023 6:45,36.8,33,1.44,7.57,20.2,-2.2,2.3,20.0,0.924,87.53,15,0,456,71,7558,87.50,19.7
9/14/2023 7:00,52.6,27,2.09,7.34,20.6,-2.2,2.4,20.3,0.908,87.54,15,0,455,71,7559,87.51,20.0
9/14/2023 7:15,64.6,31,1.79,6.96,21.1,-2.3,2.2,20.8,0.895,87.54,15,0,454,71,7560,87.51,20.5
9/14/2023 7:30,70.7,30,1.83,6.04,21.2,-2.2,2.3,21.1,0.888,87.55,15,0,455,71,7561,87.52,21.0
9/14/2023 7:45,76.7,13,1.92,5.35,21.3,-2.3,2.2,21.0,0.897,87.57,15,0,455,71,7562,87.54,21.5
9/14/2023 8:00,87.7,21,1.64,5.03,21.5,-2.2,2.3,21.1,0.903,87.58,15,0,455,71,7564,87.55,21.6
9/14/2023 8:15,132.6,11,1.51,4.47,21.7,-2.3,2.2,21.3,0.906,87.59,15,0,454,71,7564,87.56,21.7
9/14/2023 8:30,134.4,28,1.68,5.77,22.0,-2.2,2.3,21.4,0.910,87.62,15,0,455,72,7565,87.59,21.9
9/14/2023 8:45,127.4,35,1.56,4.41,21.8,-2.2,2.3,21.4,0.914,87.64,15,0,455,66,7521,87.60,22.2
9/14/2023 9:00,162.4,22,1.75,6.20,22.2,-2.3,2.3,21.4,0.913,87.64,15,0,455,69,7542,87.61,22.4
9/14/2023 9:15,133.1,21,2.05,5.57,22.1,-2.4,2.3,21.6,0.908,87.63,15,0,454,69,7542,87.60,22.3
9/14/2023 9:30,158.4,35,2.17,8.18,22.5,-2.2,2.3,22.0,0.893,87.62,15,0,454,69,7542,87.58,22.4
9/14/2023 9:45,168.1,32,1.81,5.95,22.8,-2.3,2.3,22.1,0.884,87.62,15,0,454,68,7533,87.58,22.6
9/14/2023 10:00,138.6,27,1.66,4.61,23.0,-2.4,2.3,22.5,0.879,87.61,15,0,454,68,7537,87.58,22.8
9/14/2023 10:15,158.4,355,1.61,4.80,22.3,-2.2,2.2,21.9,0.910,87.62,15,0,455,69,7541,87.59,22.7
9/14/2023 10:30,189.7,347,1.67,4.81,22.2,-2.2,2.3,21.9,0.915,87.62,15,0,456,69,7541,87.58,22.6
9/14/2023 10:45,155.5,13,1.79,4.13,21.8,-2.2,2.2,21.5,0.934,87.61,15,0,455,69,7542,87.58,22.4
9/14/2023 11:00,413.6,18,1.85,5.67,22.1,-2.2,2.3,21.8,0.930,87.60,15,0,452,69,7545,87.57,22.5
9/14/2023 11:15,345.0,357,1.39,4.44,22.7,-2.2,2.2,22.3,0.914,87.58,15,0,454,69,7545,87.55,22.7
9/14/2023 11:30,165.9,356,1.66,5.90,22.5,-2.3,2.2,22.1,0.912,87.58,15,0,454,69,7547,87.55,22.7
9/14/2023 11:45,191.9,351,1.58,5.20,22.5,-2.3,2.1,22.1,0.912,87.57,15,0,454,70,7548,87.54,22.7
9/14/2023 12:00,276.5,342,1.72,4.60,22.6,-2.3,2.2,22.2,0.912,87.56,15,0,454,70,7549,87.52,22.8
9/14/2023 12:15,224.3,342,1.43,3.79,22.5,-2.2,2.2,22.0,0.921,87.54,15,0,454,70,7549,87.51,22.7
9/14/2023 12:30,366.2,357,1.32,3.12,22.8,-2.2,2.3,22.3,0.914,87.51,15,0,453,70,7551,87.48,22.8
9/14/2023 12:45,129.3,355,1.35,3.65,23.0,-2.3,2.2,22.6,0.908,87.49,15,0,455,70,7554,87.45,23.2
9/14/2023 13:00,97.6,349,1.25,3.33,23.1,-2.2,2.2,22.6,0.913,87.47,15,0,456,70,7553,87.44,23.5
9/14/2023 13:15,129.5,344,1.30,3.58,22.7,-2.2,2.2,22.3,0.927,87.45,15,0,455,71,7558,87.42,23.4
9/14/2023 13:30,99.1,350,1.41,3.78,23.0,-2.3,2.2,22.6,0.910,87.44,15,0,454,71,7558,87.41,23.4
9/14/2023 13:45,115.0,346,1.28,3.60,23.4,-2.2,2.2,23.1,0.891,87.43,15,0,454,71,7561,87.40,23.6
9/14/2023 14:00,100.5,340,1.65,3.93,22.9,-2.2,2.2,22.6,0.908,87.42,15,0,455,71,7559,87.39,23.5
9/14/2023 14:15,106.9,343,1.53,3.56,23.1,-2.3,2.2,22.7,0.899,87.40,15,0,455,71,7561,87.37,23.3
9/14/2023 14:30,91.4,353,1.61,5.11,23.0,-2.2,2.2,22.7,0.905,87.39,15,0,455,71,7562,87.36,23.3
9/14/2023 14:45,89.5,348,1.42,3.96,23.2,-2.3,2.3,23.0,0.892,87.39,15,0,455,71,7561,87.36,23.3
9/14/2023 15:00,72.7,356,1.49,5.19,22.4,-2.2,2.2,22.2,0.912,87.40,15,3,495,71,7562,87.36,23.2
9/14/2023 15:15,27.8,329,1.51,3.72,21.1,-2.1,2.2,20.8,0.963,87.41,15,15,551,71,7561,87.37,22.4
9/14/2023 15:30,21.6,4,1.25,3.50,21.0,-2.1,2.2,20.7,0.983,87.40,15,15,482,71,7563,87.36,21.8
9/14/2023 15:45,39.6,353,0.79,3.20,21.1,-2.1,2.3,20.9,0.979,87.39,15,13,459,71,7562,87.35,21.5
9/14/2023 16:00,50.7,338,0.91,2.52,21.5,-2.1,2.2,21.3,0.969,87.39,15,0,459,71,7561,87.36,21.6
9/14/2023 16:15,22.5,339,1.25,3.90,21.2,-2.1,2.2,21.1,0.976,87.41,15,13,462,71,7561,87.37,21.6
9/14/2023 16:30,24.9,336,0.84,3.58,21.2,-2.1,2.2,21.0,0.991,87.43,15,15,462,71,7561,87.39,21.4
9/14/2023 16:45,34.8,1,1.27,5.02,21.1,-2.1,2.3,20.9,0.983,87.42,15,15,866,70,7550,87.38,21.5
9/14/2023 17:00,22.9,30,1.08,3.24,20.7,-2.0,2.3,20.7,0.959,87.42,15,15,586,70,7552,87.38,21.2
9/14/2023 17:15,6.2,28,0.90,2.52,20.7,-2.0,2.3,20.7,0.953,87.43,15,15,536,70,7552,87.40,20.9
9/14/2023 17:30,1.5,38,1.12,2.69,20.7,-2.0,2.3,20.8,0.950,87.43,15,15,541,70,7551,87.40,20.8
9/14/2023 17:45,0.0,37,0.55,1.98,20.4,-2.0,2.2,20.6,0.958,87.46,15,15,531,70,7550,87.43,20.7
9/14/2023 18:00,0.0,26,0.86,2.42,20.6,-2.0,2.3,20.6,0.959,87.49,15,15,513,70,7552,87.46,20.6
9/14/2023 18:15,0.0,35,0.60,1.92,20.5,-2.0,2.3,20.6,0.964,87.50,15,15,490,70,7552,87.47,20.6
9/14/2023 18:30,0.0,36,0.45,1.86,20.5,-2.0,2.3,20.6,0.968,87.50,15,15,471,70,7552,87.47,20.6
9/14/2023 18:45,0.0,32,0.31,1.65,20.4,-2.0,2.2,20.5,0.981,87.52,15,15,466,70,7554,87.50,20.6
9/14/2023 19:00,0.0,10,0.74,1.84,20.4,-2.0,2.3,20.4,0.988,87.54,15,15,467,70,7552,87.51,20.6
9/14/2023 19:15,0.0,354,0.66,2.09,20.3,-2.1,2.3,20.3,0.998,87.53,15,15,467,70,7552,87.50,20.5
9/14/2023 19:30,0.0,28,0.61,2.94,20.3,-2.0,2.3,20.2,1.001,87.54,15,15,467,70,7552,87.51,20.5
9/14/2023 19:45,0.0,24,0.85,2.55,20.3,-2.0,2.3,20.2,1.000,87.56,15,15,767,70,7555,87.53,20.5
9/14/2023 20:00,0.0,22,0.70,3.41,20.1,-2.0,2.2,20.0,1.000,87.58,15,15,707,70,7556,87.55,20.4
9/14/2023 20:15,0.0,349,0.36,1.16,20.1,-1.9,2.2,20.0,1.000,87.58,15,15,609,70,7554,87.55,20.2
9/14/2023 20:30,0.0,44,0.28,1.10,20.1,-2.0,2.2,20.1,1.000,87.59,15,15,586,70,7554,87.56,20.2
9/14/2023 20:45,0.0,4,0.52,1.90,20.1,-1.9,2.2,20.1,1.001,87.61,15,15,1072,70,7555,87.58,20.2
9/14/2023 21:00,0.0,345,0.81,2.87,19.8,-1.9,2.2,20.0,1.000,87.64,15,15,831,70,7551,87.61,20.1
9/14/2023 21:15,0.0,344,0.94,2.61,19.8,-1.9,2.2,19.8,1.000,87.65,15,15,687,70,7553,87.62,20.0
9/14/2023 21:30,0.0,348,0.92,2.57,19.7,-1.9,2.2,19.8,1.000,87.66,15,15,717,70,7555,87.63,19.9
9/14/2023 21:45,0.0,347,0.44,2.06,19.8,-1.9,2.2,19.8,1.000,87.66,15,15,643,70,7552,87.64,19.8
9/14/2023 22:00,0.0,16,0.30,1.67,19.7,-1.8,2.2,19.7,1.000,87.66,15,15,762,70,7554,87.64,19.8
9/14/2023 22:15,0.0,30,0.60,1.85,19.7,-1.9,2.2,19.6,1.000,87.67,15,15,607,71,7557,87.64,19.7
9/14/2023 22:30,0.0,1,0.50,1.38,19.7,-1.9,2.2,19.6,1.000,87.66,15,15,588,70,7552,87.64,19.6
9/14/2023 22:45,0.0,9,0.31,0.96,19.6,-1.9,2.2,19.5,1.000,87.66,15,15,584,70,7554,87.64,19.6
9/14/2023 23:00,0.0,92,0.14,0.54,19.4,-1.9,2.2,19.4,1.000,87.65,15,15,585,70,7555,87.63,19.5
9/14/2023 23:15,0.0,82,0.32,1.46,19.3,-1.9,2.2,19.2,1.000,87.64,15,15,631,70,7553,87.62,19.3
9/14/2023 23:30,0.0,24,0.40,1.17,19.2,-1.8,2.2,19.0,1.001,87.64,15,15,592,70,7552,87.61,19.2
9/14/2023 23:45,0.0,15,0.33,0.97,19.0,-1.9,2.2,19.1,1.000,87.62,15,15,607,70,7553,87.59,19.1
9/15/2023 0:00,0.0,24,0.53,1.71,18.9,-1.9,2.2,19.0,0.999,87.60,15,15,582,70,7553,87.57,19.0
9/15/2023 0:15,0.0,37,0.88,3.32,19.0,-1.9,2.2,18.9,1.000,87.58,15,15,612,70,7549,87.56,19.0
9/15/2023 0:30,0.0,29,1.04,3.48,19.2,-1.9,2.2,19.1,0.992,87.57,15,15,567,70,7550,87.55,18.9
9/15/2023 0:45,0.0,26,0.96,3.21,19.1,-1.9,2.2,19.2,0.984,87.56,15,15,557,70,7550,87.54,18.8
9/15/2023 1:00,0.0,23,1.21,2.65,19.2,-1.9,2.3,19.1,0.990,87.54,15,15,541,70,7550,87.52,18.8
9/15/2023 1:15,0.0,36,0.99,3.13,19.3,-1.9,2.3,19.3,0.976,87.52,15,15,509,70,7552,87.49,18.8
9/15/2023 1:30,0.0,35,0.81,3.71,19.2,-1.9,2.3,19.3,0.982,87.51,15,15,495,70,7551,87.49,18.9
9/15/2023 1:45,0.0,27,0.95,3.44,19.1,-1.9,2.2,19.1,0.993,87.50,15,15,486,70,7552,87.47,18.9
9/15/2023 2:00,0.0,35,1.03,3.71,19.0,-1.9,2.2,19.0,0.999,87.48,15,15,471,70,7551,87.46,18.9
9/15/2023 2:15,0.0,26,1.20,3.53,19.0,-2.0,2.2,18.9,1.000,87.48,15,15,464,70,7550,87.46,18.8
9/15/2023 2:30,0.0,34,0.58,2.06,18.9,-1.9,2.2,18.9,0.990,87.46,15,15,466,70,7551,87.44,18.8
9/15/2023 2:45,0.0,12,0.51,1.72,18.8,-1.9,2.2,18.8,0.990,87.44,15,15,466,70,7550,87.41,18.7
9/15/2023 3:00,0.0,19,0.85,2.58,18.7,-2.0,2.2,18.6,0.994,87.43,15,15,468,70,7551,87.40,18.6
9/15/2023 3:15,0.0,30,0.77,2.56,18.5,-1.9,2.3,18.5,0.998,87.41,15,15,467,70,7552,87.39,18.5
9/15/2023 3:30,0.0,27,1.01,4.40,18.6,-1.9,2.2,18.5,0.995,87.42,15,15,465,70,7552,87.40,18.4
9/15/2023 3:45,0.0,28,0.69,2.55,18.5,-1.9,2.3,18.5,0.987,87.43,15,15,463,70,7549,87.41,18.4
9/15/2023 4:00,0.0,21,1.23,4.64,18.7,-2.0,2.2,18.7,0.973,87.44,15,15,462,70,7552,87.41,18.3
9/15/2023 4:15,0.0,29,1.17,4.25,18.8,-2.0,2.3,18.7,0.963,87.45,15,15,461,70,7552,87.42,18.4
9/15/2023 4:30,0.0,26,1.25,3.48,18.9,-1.9,2.3,18.8,0.962,87.44,15,15,461,70,7549,87.42,18.4
9/15/2023 4:45,0.0,29,1.50,5.10,19.1,-1.9,2.3,19.0,0.948,87.45,15,14,460,70,7551,87.42,18.5
9/15/2023 5:00,0.0,23,1.11,3.88,19.1,-2.0,2.3,19.1,0.926,87.46,15,2,458,70,7550,87.44,18.6
9/15/2023 5:15,0.0,25,1.51,3.97,19.1,-2.0,2.3,19.1,0.903,87.48,15,0,458,70,7552,87.45,18.6
9/15/2023 5:30,0.0,24,1.63,4.67,19.1,-2.0,2.3,19.0,0.894,87.47,15,0,457,70,7551,87.44,18.6
9/15/2023 5:45,2.9,25,1.45,6.47,19.2,-2.0,2.2,19.2,0.877,87.47,15,0,456,70,7552,87.44,18.7
9/15/2023 6:00,16.7,28,1.96,4.75,19.3,-2.0,2.3,19.2,0.870,87.48,15,0,455,70,7552,87.45,18.7
9/15/2023 6:15,32.4,28,1.52,5.34,19.5,-2.0,2.2,19.4,0.855,87.49,15,0,455,70,7551,87.46,18.9
9/15/2023 6:30,26.2,28,1.50,5.41,19.8,-2.1,2.3,19.8,0.837,87.51,15,0,455,70,7552,87.48,19.2
9/15/2023 6:45,47.1,35,1.75,4.27,20.1,-2.0,2.3,19.9,0.860,87.52,15,0,455,70,7551,87.49,19.5
9/15/2023 7:00,57.5,32,2.08,5.64,20.2,-2.1,2.3,19.8,0.885,87.55,15,0,455,70,7552,87.51,19.8
9/15/2023 7:15,63.5,22,1.76,5.82,20.4,-2.2,2.3,20.1,0.893,87.56,15,0,455,70,7554,87.53,20.0
9/15/2023 7:30,70.3,34,1.76,6.13,20.7,-2.0,2.2,20.5,0.892,87.55,15,0,455,70,7555,87.52,20.4
9/15/2023 7:45,72.1,24,1.68,5.14,20.8,-2.1,2.3,20.5,0.898,87.58,15,0,455,70,7555,87.55,20.9
9/15/2023 8:00,77.1,19,1.33,4.65,20.8,-2.1,2.2,20.5,0.901,87.59,15,0,455,70,7555,87.55,21.0
9/15/2023 8:15,82.6,13,1.40,4.12,20.6,-2.1,2.2,20.3,0.916,87.60,15,0,456,67,7523,87.57,21.2
9/15/2023 8:30,90.5,23,1.44,3.75,20.7,-2.1,2.2,20.4,0.924,87.62,15,0,456,67,7528,87.58,21.3
9/15/2023 8:45,118.5,30,2.16,7.74,20.8,-2.2,2.3,20.4,0.923,87.65,15,0,456,68,7532,87.61,21.1
9/15/2023 9:00,110.8,22,1.25,4.21,21.1,-2.1,2.3,20.5,0.932,87.65,15,0,456,68,7533,87.61,21.1
9/15/2023 9:15,102.9,26,1.62,4.61,20.6,-2.0,2.3,20.3,0.946,87.66,15,0,456,67,7524,87.62,21.3
9/15/2023 9:30,103.6,344,1.09,2.33,20.8,-2.0,2.3,20.5,0.948,87.65,15,0,458,67,7524,87.62,21.2
