z6-15996,Port 1,Port 1,Port 1,Port 2,Port 2,Port 2,Port 2,Port 2,Port 2,Port 2,Port 2,Port 2,Port 2,Port 2,Port 2,Port 2,Port 2,Port 3,Port 3,Port 7,Port 7,Port 8,Port 8
Records: 793,PHYTOS 31,PHYTOS 31,PHYTOS 31,ATMOS 41,ATMOS 41,ATMOS 41,ATMOS 41,ATMOS 41,ATMOS 41,ATMOS 41,ATMOS 41,ATMOS 41,ATMOS 41,ATMOS 41,ATMOS 41,ATMOS 41,ATMOS 41,ECRN-100,ECRN-100,Battery,Battery,Barometer,Barometer
Timestamp, min Leaf Wetness, min Leaf Wetness (high), Wetness Level, W/m² Solar Radiation, mm Precipitation, Lightning Activity, km Lightning Distance,° Wind Direction, m/s Wind Speed, m/s Gust Speed, °C Air Temperature, RH Relative Humidity, kPa Atmospheric Pressure,° X-axis Level,° Y-axis Level, mm/h Max Precip Rate, °C RH Sensor Temp, mm Precipitation, mm/h Max Precip Rate,% Battery Percent, mV Battery Voltage, kPa Reference Pressure, °C Logger Temperature
7/31/2024 9:15,15,15,471,171.9,0.000,0,0,206,1.55,4.68,19.2,0.997,86.14,1.4,0.1,0.0,20.2,0.0,0.0,100,8010,85.98,20.8
7/31/2024 9:30,15,10,461,227.9,0.000,0,0,211,1.63,4.12,19.2,0.995,86.16,1.5,0.1,0.0,20.5,0.0,0.0,100,8012,86.00,21.1
7/31/2024 9:45,15,12,654,184.8,0.528,0,0,198,1.22,3.03,19.3,1.005,86.18,1.5,0.2,10.2,20.6,0.0,0.0,100,8016,86.02,21.2
7/31/2024 10:00,15,15,538,277.7,0.051,0,0,184,1.40,3.15,19.6,0.996,86.16,1.6,0.2,1.0,20.8,0.0,0.0,100,8019,86.01,21.1
7/31/2024 10:15,15,15,489,435.1,0.000,0,0,186,1.45,4.21,20.2,1.002,86.18,1.6,0.1,0.0,21.4,0.0,0.0,100,8026,86.02,21.8
7/31/2024 10:30,15,6,455,529.2,0.000,0,0,181,1.59,3.55,20.8,1.002,86.16,1.6,0.1,0.0,22.3,0.0,0.0,100,8033,86.00,23.3
7/31/2024 10:45,15,2,460,369.4,0.000,0,0,179,1.35,3.98,21.0,0.999,86.14,1.6,0.2,0.0,22.9,0.0,0.0,100,8037,85.98,24.5
7/31/2024 11:00,15,15,921,95.1,3.570,0,0,180,1.06,3.56,20.7,1.001,86.15,1.6,0.2,49.0,22.5,0.0,0.0,100,8034,85.99,24.1
7/31/2024 11:15,15,15,864,40.3,17.749,1,1,220,1.14,4.62,19.4,1.002,86.18,1.6,0.2,102.0,20.9,2.8,24.0,100,8031,86.02,21.8
7/31/2024 11:30,15,15,666,43.9,7.923,0,0,165,2.25,6.31,18.0,1.002,86.16,1.6,0.0,86.7,19.1,2.6,36.0,100,8026,85.99,20.1
7/31/2024 11:45,15,15,642,51.1,0.664,1,14,194,0.86,2.02,18.4,0.999,86.15,1.5,0.2,7.1,18.5,0.2,12.0,100,8023,85.98,19.5
7/31/2024 12:00,15,15,627,34.7,0.187,0,0,176,1.12,2.68,18.7,0.999,86.13,1.5,0.1,2.0,18.6,0.0,0.0,100,8021,85.96,19.3
7/31/2024 12:15,15,15,610,93.0,0.034,0,0,199,1.06,2.55,18.8,1.002,86.12,1.5,0.3,1.0,18.9,0.2,12.0,100,8018,85.95,19.4
7/31/2024 12:30,15,15,630,100.1,0.187,0,0,186,0.94,2.01,19.1,0.999,86.11,1.6,0.2,2.0,19.3,0.0,0.0,100,8021,85.95,19.6
7/31/2024 12:45,15,15,637,141.3,0.391,0,0,191,1.00,2.79,19.1,1.001,86.09,1.6,0.1,2.0,19.6,0.0,0.0,100,8020,85.93,19.8
7/31/2024 13:00,15,15,618,196.4,0.153,0,0,180,1.22,2.30,19.3,0.994,86.06,1.6,0.2,2.0,20.0,0.0,0.0,100,8023,85.90,20.1
7/31/2024 13:15,15,15,544,215.1,0.000,0,0,166,1.97,3.84,19.4,1.000,86.03,1.5,0.2,0.0,20.2,0.0,0.0,100,8025,85.87,20.4
7/31/2024 13:30,15,15,485,238.9,0.000,0,0,170,1.73,2.79,20.1,1.001,86.03,1.6,0.2,0.0,20.4,0.0,0.0,100,8027,85.87,20.9
7/31/2024 13:45,15,4,456,339.3,0.000,1,12,173,1.88,3.48,20.2,0.998,86.03,1.5,0.2,0.0,20.8,0.0,0.0,100,8035,85.87,21.6
7/31/2024 14:00,15,0,456,295.4,0.000,0,0,160,1.41,2.30,20.8,1.005,86.02,1.5,0.1,0.0,21.5,0.0,0.0,100,8038,85.86,22.7
7/31/2024 14:15,15,0,456,238.1,0.000,0,0,160,1.01,1.76,21.1,0.997,86.01,1.5,0.1,0.0,22.3,0.0,0.0,100,8041,85.85,23.6
7/31/2024 14:30,15,0,456,185.5,0.000,0,0,179,0.94,1.77,20.7,1.005,85.99,1.5,0.2,0.0,22.4,0.0,0.0,100,8039,85.82,23.9
7/31/2024 14:45,15,0,455,255.1,0.000,0,0,170,0.63,1.36,20.5,0.999,85.98,1.6,0.2,0.0,22.4,0.0,0.0,100,8045,85.82,23.9
7/31/2024 15:00,15,0,455,247.7,0.000,0,0,176,0.71,1.15,20.9,1.004,85.97,1.6,0.1,0.0,22.5,0.0,0.0,100,8045,85.81,24.3
7/31/2024 15:15,15,0,456,138.3,0.000,0,0,181,1.06,2.09,21.2,1.008,85.97,1.6,0.1,0.0,22.6,0.0,0.0,100,8041,85.80,24.4
7/31/2024 15:30,15,0,457,146.1,0.000,0,0,179,1.48,2.56,20.9,0.998,85.96,1.6,0.1,0.0,22.3,0.0,0.0,100,8039,85.79,24.0
7/31/2024 15:45,15,0,457,154.6,0.000,0,0,178,1.39,2.71,20.7,1.001,85.96,1.5,0.2,0.0,22.0,0.0,0.0,100,8042,85.80,23.7
7/31/2024 16:00,15,0,457,107.4,0.000,0,0,178,1.22,2.57,20.6,0.999,85.98,1.5,0.2,0.0,21.7,0.0,0.0,100,8041,85.81,23.2
7/31/2024 16:15,15,0,458,94.3,0.000,0,0,172,0.78,1.80,20.7,1.001,85.99,1.5,0.2,0.0,21.5,0.0,0.0,100,8036,85.82,22.9
7/31/2024 16:30,15,0,459,63.3,0.000,0,0,169,0.59,1.24,20.6,1.000,86.01,1.6,0.2,0.0,21.4,0.0,0.0,100,8035,85.84,22.6
7/31/2024 16:45,15,9,461,20.7,0.000,0,0,190,0.89,1.76,20.3,1.000,86.06,1.6,0.2,0.0,21.0,0.0,0.0,100,8034,85.89,22.0
7/31/2024 17:00,15,15,512,20.9,0.000,0,0,200,0.87,2.05,19.8,1.002,86.07,1.6,0.1,0.0,20.5,0.0,0.0,100,8031,85.90,21.3
7/31/2024 17:15,15,15,804,9.2,15.485,0,0,181,0.98,2.57,19.5,1.002,86.09,1.6,0.1,114.2,20.0,0.4,12.0,100,8028,85.92,20.6
7/31/2024 17:30,15,15,874,4.3,15.081,0,0,114,1.37,2.42,18.2,1.004,86.10,1.5,0.2,80.6,19.2,1.0,12.0,100,8026,85.93,19.6
7/31/2024 17:45,15,15,707,3.0,4.353,2,6,144,0.60,1.39,18.1,1.001,86.11,1.5,0.2,31.6,18.2,1.2,12.0,100,8021,85.94,18.8
7/31/2024 18:00,15,15,722,1.6,0.936,0,0,150,1.62,2.98,18.1,1.000,86.11,1.5,0.1,10.2,18.0,0.6,12.0,100,8023,85.95,18.5
7/31/2024 18:15,15,15,618,0.0,0.170,1,24,166,1.73,2.80,18.0,0.999,86.15,1.5,0.2,3.1,17.9,0.2,12.0,100,8020,85.98,18.2
7/31/2024 18:30,15,15,624,0.0,0.000,0,0,148,1.49,2.66,17.9,1.000,86.16,1.5,0.2,0.0,17.8,0.4,12.0,100,8019,85.99,18.1
7/31/2024 18:45,15,15,628,0.0,0.000,0,0,149,0.79,1.29,17.9,1.000,86.17,1.5,0.2,0.0,17.8,0.0,0.0,100,8017,86.00,17.9
7/31/2024 19:00,15,15,631,0.0,0.000,1,17,149,1.03,1.63,17.9,0.996,86.17,1.5,0.2,0.0,17.7,0.2,12.0,100,8017,86.00,17.8
7/31/2024 19:15,15,15,647,0.0,0.034,0,0,162,1.00,1.48,17.8,0.999,86.18,1.6,0.3,1.0,17.7,0.0,0.0,100,8015,86.01,17.7
7/31/2024 19:30,15,15,690,0.0,0.068,1,12,160,0.97,1.59,17.6,1.001,86.18,1.5,0.2,1.0,17.5,0.0,0.0,100,8013,86.01,17.5
7/31/2024 19:45,15,15,629,0.0,0.136,1,12,169,0.92,1.69,17.5,1.000,86.20,1.5,0.1,1.0,17.4,0.2,12.0,100,8015,86.03,17.4
7/31/2024 20:00,15,15,636,0.0,0.187,1,17,171,0.79,1.44,17.5,1.000,86.23,1.5,0.2,1.0,17.3,0.0,0.0,100,8014,86.06,17.3
7/31/2024 20:15,15,15,660,0.0,0.238,0,0,161,0.88,1.83,17.4,0.999,86.25,1.5,0.2,1.0,17.2,0.2,12.0,100,8010,86.08,17.2
7/31/2024 20:30,15,15,666,0.0,0.426,0,0,167,0.88,2.08,17.3,0.999,86.24,1.5,0.2,4.1,17.1,0.0,0.0,100,8009,86.08,17.1
7/31/2024 20:45,15,15,663,0.0,1.936,0,0,185,0.74,1.81,17.2,1.000,86.25,1.5,0.2,11.2,17.1,1.0,12.0,100,8006,86.08,17.1
7/31/2024 21:00,15,15,736,0.0,1.328,0,0,166,1.13,2.25,17.0,1.001,86.24,1.5,0.2,7.1,16.9,0.6,12.0,100,8007,86.07,17.0
7/31/2024 21:15,15,15,646,0.0,0.579,0,0,146,0.85,2.24,16.7,1.000,86.24,1.5,0.2,5.1,16.7,0.4,12.0,100,8004,86.07,16.8
7/31/2024 21:30,15,15,626,0.0,0.085,0,0,154,0.98,1.16,16.6,1.001,86.24,1.5,0.2,1.0,16.5,0.0,0.0,100,8004,86.07,16.6
7/31/2024 21:45,15,15,626,0.0,0.034,0,0,151,1.23,2.02,16.6,0.999,86.23,1.5,0.2,1.0,16.5,0.0,0.0,100,8005,86.06,16.5
7/31/2024 22:00,15,15,628,0.0,0.000,0,0,167,0.69,1.13,16.7,0.993,86.22,1.5,0.2,0.0,16.4,0.2,12.0,100,8003,86.05,16.5
7/31/2024 22:15,15,15,616,0.0,0.000,0,0,153,1.22,1.74,16.8,0.992,86.21,1.5,0.2,0.0,16.5,0.0,0.0,100,8001,86.05,16.4
7/31/2024 22:30,15,15,640,0.0,0.000,0,0,146,1.36,1.86,16.8,0.994,86.23,1.6,0.2,0.0,16.5,0.0,0.0,100,8001,86.07,16.4
7/31/2024 22:45,15,15,625,0.0,0.000,0,0,156,1.84,2.55,16.9,0.992,86.25,1.5,0.2,0.0,16.6,0.0,0.0,100,8000,86.08,16.5
7/31/2024 23:00,15,15,634,0.0,0.000,0,0,144,1.39,2.41,17.1,0.987,86.25,1.5,0.2,0.0,16.7,0.0,0.0,100,7999,86.08,16.6
7/31/2024 23:15,15,15,611,0.0,0.000,0,0,161,0.90,1.66,17.1,0.990,86.26,1.5,0.2,0.0,16.8,0.0,0.0,100,7998,86.10,16.6
7/31/2024 23:30,15,15,617,0.0,0.000,0,0,165,0.75,1.25,17.1,0.990,86.27,1.5,0.1,0.0,16.8,0.0,0.0,100,7998,86.10,16.7
7/31/2024 23:45,15,15,621,0.0,0.000,0,0,159,1.00,1.43,17.2,0.992,86.25,1.5,0.2,0.0,16.9,0.0,0.0,100,7996,86.08,16.8
8/1/2024 0:00,15,15,624,0.0,0.000,0,0,158,0.84,1.34,17.3,0.994,86.25,1.6,0.2,0.0,17.0,0.0,0.0,100,7994,86.08,17.0
8/1/2024 0:15,15,15,627,0.0,0.000,0,0,162,0.78,1.58,17.4,0.996,86.22,1.5,0.2,0.0,17.1,0.0,0.0,100,7989,86.05,17.1
8/1/2024 0:30,15,15,626,0.0,0.000,0,0,183,0.67,1.83,17.5,0.967,86.19,1.5,0.2,0.0,17.2,0.2,12.0,100,7991,86.02,17.2
8/1/2024 0:45,15,15,626,0.0,0.000,0,0,180,0.91,2.75,17.6,0.995,86.16,1.5,0.2,0.0,17.4,0.0,0.0,100,7989,86.00,17.3
8/1/2024 1:00,15,15,599,0.0,0.000,0,0,191,1.04,2.62,17.7,0.995,86.14,1.5,0.1,0.0,17.4,0.0,0.0,100,7988,85.97,17.3
8/1/2024 1:15,15,15,603,0.0,0.000,0,0,182,1.16,2.58,17.7,0.998,86.12,1.5,0.2,0.0,17.5,0.0,0.0,100,7988,85.96,17.4
8/1/2024 1:30,15,15,604,0.0,0.000,0,0,169,0.95,1.85,17.5,0.999,86.10,1.5,0.2,0.0,17.4,0.0,0.0,100,7987,85.93,17.3
8/1/2024 1:45,15,15,608,0.0,0.000,0,0,170,0.99,2.04,17.5,0.998,86.08,1.5,0.2,0.0,17.3,0.0,0.0,100,7988,85.91,17.2
8/1/2024 2:00,15,15,607,0.0,0.000,0,0,164,1.02,2.12,17.5,0.996,86.06,1.6,0.1,0.0,17.2,0.0,0.0,100,7985,85.89,17.2
8/1/2024 2:15,15,15,606,0.0,0.000,0,0,174,0.98,1.76,17.6,0.996,86.05,1.6,0.2,0.0,17.3,0.0,0.0,100,7985,85.89,17.3
8/1/2024 2:30,15,15,604,0.0,0.000,0,0,172,1.15,3.24,17.6,0.998,86.05,1.5,0.2,0.0,17.4,0.0,0.0,100,7983,85.88,17.4
8/1/2024 2:45,15,15,602,0.0,0.000,0,0,176,0.99,2.23,17.7,0.998,86.03,1.6,0.2,0.0,17.4,0.0,0.0,100,7983,85.87,17.4
8/1/2024 3:00,15,15,599,0.0,0.000,0,0,175,0.85,2.66,17.6,0.998,86.03,1.5,0.2,0.0,17.4,0.0,0.0,100,7982,85.86,17.4
8/1/2024 3:15,15,15,597,0.0,0.000,0,0,164,1.05,3.13,17.6,0.998,86.04,1.6,0.2,0.0,17.4,0.0,0.0,100,7982,85.87,17.4
8/1/2024 3:30,15,15,592,0.0,0.000,0,0,165,1.45,2.71,17.6,0.998,86.07,1.6,0.1,0.0,17.4,0.2,12.0,100,7979,85.90,17.4
8/1/2024 3:45,15,15,582,0.0,0.000,0,0,151,1.77,3.28,17.8,0.989,86.10,1.4,0.2,0.0,17.4,0.0,0.0,100,7980,85.93,17.4
8/1/2024 4:00,15,15,582,0.0,0.000,0,0,168,0.78,1.40,17.7,0.993,86.11,1.5,0.2,0.0,17.4,0.0,0.0,100,7978,85.94,17.4
8/1/2024 4:15,15,15,580,0.0,0.000,0,0,159,0.95,1.77,17.7,0.996,86.12,1.5,0.2,0.0,17.5,0.0,0.0,100,7976,85.95,17.5
8/1/2024 4:30,15,15,602,0.0,0.017,0,0,182,0.73,1.71,17.7,0.997,86.11,1.5,0.2,1.0,17.5,0.0,0.0,100,7978,85.95,17.5
8/1/2024 4:45,15,15,598,0.0,0.017,0,0,186,0.80,2.13,17.8,0.996,86.09,1.6,0.2,1.0,17.6,0.0,0.0,100,7976,85.92,17.5
8/1/2024 5:00,15,15,612,0.0,0.000,0,0,185,0.97,3.15,17.8,0.998,86.10,1.6,0.1,0.0,17.6,0.0,0.0,100,7975,85.93,17.6
8/1/2024 5:15,15,15,626,0.0,0.102,0,0,188,1.01,2.57,17.9,0.996,86.12,1.6,0.2,1.0,17.7,0.0,0.0,100,7974,85.96,17.6
8/1/2024 5:30,15,15,626,0.0,0.068,0,0,175,0.82,2.18,17.9,0.999,86.12,1.5,0.2,1.0,17.7,0.0,0.0,100,7974,85.96,17.7
8/1/2024 5:45,15,15,622,1.2,0.136,0,0,166,0.87,1.80,18.0,0.996,86.13,1.6,0.1,1.0,17.7,0.0,0.0,100,7973,85.97,17.7
8/1/2024 6:00,15,15,659,3.8,0.187,0,0,175,1.04,2.34,18.0,0.998,86.14,1.5,0.1,1.0,17.8,0.2,12.0,100,7971,85.97,17.8
8/1/2024 6:15,15,15,645,7.9,0.153,0,0,191,1.01,2.08,18.1,0.999,86.14,1.6,0.2,2.0,17.9,0.0,0.0,100,7972,85.98,17.9
8/1/2024 6:30,15,15,692,15.1,0.153,0,0,185,1.00,2.18,18.1,0.999,86.16,1.5,0.2,1.0,17.9,0.2,12.0,100,7967,85.99,18.0
8/1/2024 6:45,15,15,659,30.7,0.357,0,0,189,1.03,3.02,18.1,1.000,86.17,1.6,0.2,3.1,18.0,0.2,12.0,100,7966,86.01,18.1
8/1/2024 7:00,15,15,628,32.3,0.204,0,0,176,1.09,3.18,18.2,1.001,86.20,1.5,0.2,2.0,18.1,0.2,12.0,100,7964,86.03,18.2
8/1/2024 7:15,15,15,629,43.9,0.068,0,0,177,0.97,2.22,18.2,0.999,86.22,1.6,0.2,1.0,18.2,0.0,0.0,100,7966,86.05,18.3
8/1/2024 7:30,15,15,755,77.7,0.357,0,0,163,1.05,2.37,18.3,1.000,86.23,1.5,0.2,3.1,18.4,0.2,12.0,100,7965,86.07,18.4
8/1/2024 7:45,15,15,641,67.7,0.221,0,0,174,0.96,3.27,18.3,0.999,86.24,1.6,0.1,2.0,18.5,0.4,12.0,100,7966,86.07,18.6
8/1/2024 8:00,15,15,640,76.1,0.221,0,0,151,1.07,3.35,18.3,1.001,86.24,1.6,0.2,2.0,18.6,0.2,12.0,100,7963,86.07,18.7
8/1/2024 8:15,15,15,637,84.1,0.136,0,0,164,1.04,3.75,18.3,1.001,86.24,1.6,0.1,2.0,18.7,0.2,12.0,100,7963,86.07,18.7
8/1/2024 8:30,15,15,610,119.5,0.017,0,0,179,1.07,3.88,18.4,0.997,86.25,1.5,0.2,1.0,18.9,0.2,12.0,100,7964,86.09,18.9
8/1/2024 8:45,15,15,694,80.5,0.306,0,0,160,0.89,1.92,18.4,1.002,86.27,1.5,0.2,5.1,18.9,0.2,12.0,100,7963,86.11,19.0
8/1/2024 9:00,15,15,626,138.0,0.170,0,0,175,1.03,2.43,18.5,1.002,86.29,1.6,0.2,3.1,19.1,0.2,12.0,100,7964,86.13,19.1
8/1/2024 9:15,15,15,708,174.5,0.494,0,0,175,1.01,2.44,18.7,0.998,86.31,1.6,0.2,7.1,19.4,0.4,12.0,100,7965,86.15,19.5
8/1/2024 9:30,15,15,657,185.9,0.868,0,0,185,0.98,2.51,18.8,0.996,86.32,1.6,0.2,12.2,19.8,0.6,12.0,100,7971,86.17,19.7
8/1/2024 9:45,15,15,637,185.9,0.272,0,0,192,0.95,3.56,18.7,1.006,86.33,1.6,0.2,3.1,19.9,0.6,12.0,100,7971,86.17,19.9
8/1/2024 10:00,15,15,741,164.2,1.715,0,0,152,0.98,2.77,18.8,0.997,86.33,1.5,0.3,12.2,19.8,1.6,24.0,100,7974,86.17,19.8
8/1/2024 10:15,15,15,649,197.1,0.579,0,0,204,1.35,5.17,18.8,1.003,86.34,1.7,0.2,5.1,19.9,0.8,12.0,100,7975,86.18,19.9
8/1/2024 10:30,15,15,672,197.1,0.562,0,0,192,1.34,3.90,18.7,1.008,86.33,1.6,0.2,5.1,19.9,0.6,12.0,100,7976,86.17,19.9
8/1/2024 10:45,15,15,672,185.9,2.600,0,0,173,1.20,3.22,18.5,0.996,86.35,1.6,0.2,33.7,19.7,2.4,24.0,100,7980,86.19,19.8
8/1/2024 11:00,15,15,673,171.6,1.140,0,0,206,1.36,4.59,18.1,1.004,86.36,1.5,0.2,8.2,19.4,1.0,12.0,100,7981,86.20,19.6
8/1/2024 11:15,15,15,634,237.3,0.579,0,0,245,1.15,2.88,17.9,0.996,86.33,1.5,0.1,5.1,19.2,0.6,12.0,100,7985,86.17,19.4
8/1/2024 11:30,15,15,635,196.1,0.596,0,0,219,1.08,3.76,18.1,0.996,86.30,1.5,0.1,5.1,19.1,0.6,12.0,100,7986,86.14,19.4
8/1/2024 11:45,15,15,626,132.5,0.051,0,0,187,1.14,3.59,18.2,0.999,86.30,1.5,0.1,1.0,19.0,0.2,12.0,100,7990,86.13,19.3
8/1/2024 12:00,15,15,604,158.3,0.000,0,0,229,1.29,3.51,18.0,1.001,86.26,1.6,0.1,0.0,18.8,0.0,0.0,100,7985,86.10,19.1
8/1/2024 12:15,15,15,542,239.9,0.000,0,0,196,1.14,3.39,18.2,1.000,86.23,1.6,0.2,0.0,19.0,0.0,0.0,100,7991,86.07,19.3
8/1/2024 12:30,15,15,474,304.5,0.000,0,0,214,1.29,4.09,18.5,1.000,86.19,1.5,0.2,0.0,19.6,0.2,12.0,100,7996,86.03,20.1
8/1/2024 12:45,15,13,461,178.7,0.000,0,0,212,1.25,4.00,18.6,0.997,86.17,1.5,0.2,0.0,19.7,0.0,0.0,100,7998,86.00,20.5
8/1/2024 13:00,15,15,472,115.6,0.000,0,0,221,1.09,4.04,18.5,0.999,86.15,1.5,0.1,0.0,19.4,0.0,0.0,100,7995,85.98,20.2
8/1/2024 13:15,15,11,460,170.9,0.000,0,0,201,1.16,3.35,18.7,1.000,86.12,1.5,0.2,0.0,19.4,0.0,0.0,100,7998,85.96,20.1
8/1/2024 13:30,15,0,459,262.3,0.000,0,0,189,1.35,4.17,19.1,0.996,86.10,1.5,0.1,0.0,19.9,0.0,0.0,100,8001,85.94,20.5
8/1/2024 13:45,15,2,459,211.2,0.000,0,0,201,1.35,3.47,19.4,1.003,86.09,1.6,0.2,0.0,20.4,0.0,0.0,100,8004,85.92,21.2
8/1/2024 14:00,15,0,458,253.6,0.000,0,0,181,1.37,3.96,19.5,1.000,86.07,1.5,0.2,0.0,20.7,0.0,0.0,100,8007,85.91,21.6
8/1/2024 14:15,15,0,458,260.7,0.000,0,0,220,1.83,3.94,19.6,1.005,86.05,1.6,0.2,0.0,21.0,0.0,0.0,100,8008,85.88,22.0
8/1/2024 14:30,15,0,457,247.9,0.000,0,0,210,1.35,2.88,19.8,1.002,86.04,1.6,0.1,0.0,21.2,0.0,0.0,100,8012,85.88,22.3
8/1/2024 14:45,15,0,457,237.9,0.000,0,0,229,1.76,4.49,19.8,0.998,86.05,1.5,0.1,0.0,21.3,0.0,0.0,100,8015,85.89,22.4
8/1/2024 15:00,15,0,458,173.4,0.000,0,0,195,1.45,4.06,20.0,1.003,86.07,1.6,0.1,0.0,21.4,0.0,0.0,100,8015,85.90,22.6
8/1/2024 15:15,15,0,458,125.8,0.000,0,0,189,1.44,3.37,19.6,0.997,86.09,1.6,0.2,0.0,21.1,0.0,0.0,100,8014,85.93,22.3
8/1/2024 15:30,15,1,459,91.3,0.000,0,0,179,1.09,1.98,19.4,0.999,86.12,1.6,0.2,0.0,20.6,0.0,0.0,100,8012,85.95,21.7
8/1/2024 15:45,15,0,458,145.3,0.000,0,0,183,1.09,2.53,19.4,0.998,86.12,1.6,0.2,0.0,20.4,0.0,0.0,100,8013,85.96,21.4
8/1/2024 16:00,15,2,459,136.6,0.000,0,0,199,1.18,3.12,19.4,1.003,86.11,1.5,0.2,0.0,20.5,0.0,0.0,100,8014,85.94,21.6
8/1/2024 16:15,15,7,476,81.6,0.000,0,0,199,0.84,1.98,19.1,1.000,86.12,1.5,0.2,0.0,20.2,0.0,0.0,100,8010,85.95,21.2
8/1/2024 16:30,15,15,579,65.0,0.000,0,0,205,0.80,1.83,19.1,0.999,86.13,1.6,0.2,0.0,19.8,0.0,0.0,100,8010,85.97,20.6
8/1/2024 16:45,15,15,676,31.2,0.306,0,0,196,0.91,2.23,19.0,1.000,86.15,1.6,0.2,2.0,19.5,0.0,0.0,100,8006,85.98,20.1
8/1/2024 17:00,15,15,637,19.9,0.102,0,0,193,1.16,2.93,18.8,1.000,86.16,1.5,0.2,1.0,19.1,0.0,0.0,100,8004,85.99,19.5
8/1/2024 17:15,15,15,620,18.5,0.102,1,17,176,1.09,2.37,18.8,0.999,86.18,1.5,0.1,1.0,18.9,0.0,0.0,100,8002,86.01,19.2
8/1/2024 17:30,15,15,618,17.3,0.051,0,0,187,1.05,2.65,18.7,1.001,86.18,1.5,0.1,1.0,18.8,0.0,0.0,100,8001,86.02,19.1
8/1/2024 17:45,15,15,643,9.7,0.085,1,31,193,1.04,1.98,18.7,1.000,86.20,1.5,0.1,1.0,18.7,0.0,0.0,100,8001,86.03,18.9
8/1/2024 18:00,15,15,621,11.5,0.017,2,14,196,0.93,2.21,18.6,1.000,86.18,1.6,0.1,1.0,18.6,0.0,0.0,100,7998,86.02,18.8
8/1/2024 18:15,15,15,617,1.8,0.051,1,14,186,0.78,2.62,18.6,1.001,86.20,1.6,0.2,1.0,18.5,0.0,0.0,100,7998,86.03,18.7
8/1/2024 18:30,15,15,639,0.0,0.136,0,0,170,0.94,2.54,18.6,1.001,86.23,1.5,0.1,1.0,18.5,0.2,12.0,100,7996,86.07,18.6
8/1/2024 18:45,15,15,647,0.0,0.170,0,0,181,0.85,1.84,18.6,0.999,86.25,1.5,0.2,1.0,18.5,0.0,0.0,100,7994,86.08,18.5
8/1/2024 19:00,15,15,722,0.0,0.306,0,0,169,1.12,2.49,18.6,1.000,86.25,1.6,0.2,2.0,18.4,0.0,0.0,100,7992,86.08,18.5
8/1/2024 19:15,15,15,661,0.0,0.136,0,0,176,1.12,2.88,18.7,0.999,86.26,1.5,0.2,2.0,18.5,0.2,12.0,100,7994,86.10,18.5
8/1/2024 19:30,15,15,657,0.0,0.102,0,0,176,1.03,3.36,18.7,0.997,86.28,1.5,0.2,1.0,18.5,0.2,12.0,100,7995,86.12,18.5
8/1/2024 19:45,15,15,631,0.0,0.170,0,0,175,1.04,1.61,18.7,0.998,86.31,1.6,0.2,1.0,18.5,0.0,0.0,100,7991,86.15,18.5
8/1/2024 20:00,15,15,674,0.0,0.409,0,0,177,1.05,1.96,18.7,1.000,86.32,1.6,0.2,3.1,18.5,0.6,12.0,100,7989,86.16,18.5
8/1/2024 20:15,15,15,680,0.0,0.426,0,0,174,0.99,1.68,18.7,0.999,86.32,1.6,0.2,3.1,18.5,0.6,12.0,100,7988,86.16,18.5
8/1/2024 20:30,15,15,649,0.0,0.204,0,0,171,1.10,1.77,18.7,1.001,86.35,1.5,0.2,2.0,18.6,0.4,12.0,100,7987,86.19,18.5
8/1/2024 20:45,15,15,863,0.0,0.426,0,0,174,1.16,2.09,18.7,0.999,86.37,1.5,0.2,12.2,18.6,0.8,12.0,100,7986,86.21,18.6
8/1/2024 21:00,15,15,720,0.0,0.800,0,0,171,1.14,1.47,18.7,0.998,86.38,1.5,0.2,10.2,18.5,0.6,12.0,100,7985,86.22,18.5
8/1/2024 21:15,15,15,646,0.0,0.272,0,0,171,0.96,1.20,18.7,0.998,86.38,1.5,0.2,6.1,18.5,0.4,12.0,100,7983,86.21,18.5
8/1/2024 21:30,15,15,634,0.0,0.000,1,14,173,0.92,1.78,18.7,0.999,86.38,1.5,0.1,0.0,18.5,0.2,12.0,100,7986,86.21,18.5
8/1/2024 21:45,15,15,630,0.0,0.000,1,14,167,1.11,1.70,18.7,0.999,86.38,1.5,0.2,0.0,18.5,0.0,0.0,100,7982,86.21,18.5
8/1/2024 22:00,15,15,611,0.0,0.000,0,0,157,1.13,1.46,18.7,0.998,86.38,1.6,0.2,0.0,18.5,0.2,12.0,100,7982,86.22,18.5
8/1/2024 22:15,15,15,614,0.0,0.000,0,0,172,0.91,1.56,18.6,1.000,86.39,1.5,0.1,0.0,18.4,0.0,0.0,100,7980,86.23,18.4
8/1/2024 22:30,15,15,606,0.0,0.000,0,0,159,1.29,1.94,18.5,0.999,86.40,1.5,0.2,0.0,18.3,0.2,12.0,100,7979,86.24,18.3
8/1/2024 22:45,15,15,609,0.0,0.017,0,0,166,1.07,1.84,18.5,0.999,86.41,1.5,0.2,1.0,18.3,0.0,0.0,100,7979,86.24,18.2
8/1/2024 23:00,15,15,606,0.0,0.000,0,0,157,1.02,1.43,18.4,0.998,86.41,1.5,0.2,0.0,18.2,0.0,0.0,100,7975,86.25,18.1
8/1/2024 23:15,15,15,622,0.0,0.000,0,0,157,0.99,1.39,18.4,0.994,86.41,1.5,0.1,0.0,18.1,0.0,0.0,100,7976,86.24,18.1
8/1/2024 23:30,15,15,609,0.0,0.000,0,0,170,0.86,1.06,18.5,0.993,86.41,1.5,0.1,0.0,18.2,0.0,0.0,100,7976,86.25,18.1
8/1/2024 23:45,15,15,621,0.0,0.000,0,0,169,0.89,1.21,18.5,0.995,86.41,1.5,0.1,0.0,18.3,0.0,0.0,100,7975,86.24,18.2
8/2/2024 0:00,15,15,626,0.0,0.000,0,0,169,1.01,1.14,18.6,0.995,86.39,1.5,0.2,0.0,18.3,0.0,0.0,100,7974,86.23,18.3
8/2/2024 0:15,15,15,609,0.0,0.000,0,0,165,1.19,1.78,18.6,0.998,86.38,1.5,0.2,0.0,18.4,0.0,0.0,100,7965,86.21,18.5
8/2/2024 0:30,15,15,618,0.0,0.000,0,0,171,1.10,1.36,18.6,0.976,86.37,1.5,0.2,0.0,18.4,0.0,0.0,100,7965,86.20,18.4
8/2/2024 0:45,15,15,634,0.0,0.000,0,0,169,1.05,1.46,18.6,1.000,86.35,1.5,0.2,0.0,18.4,0.2,12.0,100,7962,86.18,18.4
8/2/2024 1:00,15,15,640,0.0,0.017,0,0,176,0.92,1.28,18.6,0.999,86.31,1.5,0.2,1.0,18.4,0.0,0.0,100,7967,86.14,18.4
8/2/2024 1:15,15,15,612,0.0,0.000,0,0,172,0.89,1.25,18.5,1.000,86.28,1.5,0.1,0.0,18.4,0.0,0.0,100,7962,86.11,18.4
8/2/2024 1:30,15,15,627,0.0,0.017,0,0,172,0.93,1.27,18.5,0.998,86.24,1.5,0.2,1.0,18.3,0.0,0.0,100,7961,86.07,18.4
8/2/2024 1:45,15,15,634,0.0,0.000,0,0,171,1.13,1.44,18.4,1.000,86.21,1.5,0.2,0.0,18.3,0.0,0.0,100,7961,86.04,18.3
8/2/2024 2:00,15,15,643,0.0,0.017,0,0,176,0.88,1.39,18.2,1.001,86.21,1.6,0.1,1.0,18.1,0.0,0.0,100,7960,86.04,18.1
8/2/2024 2:15,15,15,622,0.0,0.000,0,0,170,0.69,1.02,18.0,0.998,86.20,1.5,0.2,0.0,17.9,0.0,0.0,100,7961,86.04,17.8
8/2/2024 2:30,15,15,644,0.0,0.017,0,0,162,0.85,1.28,17.9,0.994,86.20,1.5,0.1,1.0,17.6,0.0,0.0,100,7960,86.03,17.5
8/2/2024 2:45,15,15,638,0.0,0.000,0,0,168,0.90,1.84,17.7,0.991,86.19,1.5,0.2,0.0,17.4,0.0,0.0,100,7960,86.02,17.3
8/2/2024 3:00,15,15,616,0.0,0.017,0,0,182,0.64,1.32,17.6,0.993,86.17,1.5,0.2,1.0,17.2,0.0,0.0,100,7958,86.00,17.1
8/2/2024 3:15,15,15,621,0.0,0.000,0,0,164,0.79,1.46,17.4,0.992,86.17,1.5,0.2,0.0,17.1,0.0,0.0,100,7957,86.00,16.9
8/2/2024 3:30,15,15,631,0.0,0.017,0,0,169,0.83,1.23,17.3,0.986,86.16,1.5,0.2,1.0,16.9,0.0,0.0,100,7954,85.99,16.7
8/2/2024 3:45,15,15,624,0.0,0.000,0,0,168,0.88,1.65,17.3,0.981,86.16,1.5,0.2,0.0,16.8,0.0,0.0,100,7956,85.99,16.6
8/2/2024 4:00,15,15,628,0.0,0.000,0,0,174,0.92,1.97,17.3,0.978,86.15,1.5,0.2,0.0,16.8,0.2,12.0,100,7953,85.99,16.6
8/2/2024 4:15,15,15,618,0.0,0.017,0,0,179,0.82,1.57,17.3,0.981,86.17,1.6,0.2,1.0,16.8,0.0,0.0,100,7955,86.00,16.6
8/2/2024 4:30,15,15,628,0.0,0.000,0,0,177,0.82,1.41,17.3,0.985,86.17,1.6,0.1,0.0,16.8,0.0,0.0,100,7953,86.00,16.6
8/2/2024 4:45,15,15,639,0.0,0.017,0,0,175,0.79,1.82,17.1,0.989,86.18,1.5,0.2,1.0,16.7,0.0,0.0,100,7951,86.01,16.5
8/2/2024 5:00,15,15,621,0.0,0.000,0,0,188,0.68,2.88,17.1,0.988,86.18,1.5,0.2,0.0,16.7,0.0,0.0,100,7953,86.01,16.4
8/2/2024 5:15,15,15,633,0.0,0.017,0,0,171,0.76,1.77,17.2,0.984,86.18,1.5,0.2,1.0,16.8,0.0,0.0,100,7950,86.02,16.5
8/2/2024 5:30,15,15,627,0.0,0.000,0,0,177,0.95,2.26,17.4,0.985,86.18,1.5,0.2,0.0,16.9,0.0,0.0,100,7951,86.01,16.7
8/2/2024 5:45,15,15,627,3.9,0.000,0,0,186,0.98,2.37,17.5,0.990,86.17,1.6,0.2,0.0,17.2,0.0,0.0,100,7951,86.00,16.9
8/2/2024 6:00,15,15,621,13.9,0.000,0,0,179,1.09,2.25,17.6,0.996,86.18,1.6,0.2,0.0,17.3,0.0,0.0,100,7948,86.02,17.2
8/2/2024 6:15,15,15,627,32.2,0.000,0,0,177,1.14,2.33,17.6,1.000,86.20,1.6,0.2,0.0,17.5,0.0,0.0,100,7950,86.04,17.4
8/2/2024 6:30,15,15,607,53.1,0.000,0,0,175,1.08,2.37,17.5,0.999,86.20,1.5,0.2,0.0,17.6,0.0,0.0,100,7949,86.03,17.4
8/2/2024 6:45,15,15,602,62.5,0.000,0,0,175,1.06,1.85,17.5,0.998,86.21,1.5,0.2,0.0,17.7,0.0,0.0,100,7944,86.05,17.5
8/2/2024 7:00,15,15,588,75.2,0.000,0,0,192,1.03,2.08,17.7,1.000,86.22,1.5,0.1,0.0,17.7,0.0,0.0,100,7946,86.06,17.7
8/2/2024 7:15,15,15,561,89.1,0.000,0,0,189,0.94,2.66,18.0,0.998,86.23,1.5,0.2,0.0,18.0,0.0,0.0,100,7944,86.06,18.0
8/2/2024 7:30,15,15,526,144.5,0.000,0,0,182,0.92,1.87,18.3,1.003,86.23,1.6,0.2,0.0,18.5,0.0,0.0,100,7945,86.07,18.4
8/2/2024 7:45,15,15,487,166.9,0.000,0,0,171,1.07,2.38,18.7,0.997,86.22,1.6,0.2,0.0,19.2,0.0,0.0,100,7947,86.07,19.2
8/2/2024 8:00,15,15,462,126.5,0.000,0,0,180,0.88,1.86,18.6,0.999,86.24,1.6,0.2,0.0,19.2,0.0,0.0,100,7948,86.08,19.4
8/2/2024 8:15,15,10,460,152.5,0.000,0,0,189,1.04,1.94,18.9,1.003,86.25,1.6,0.2,0.0,19.4,0.0,0.0,100,7949,86.09,19.7
8/2/2024 8:30,15,0,459,159.1,0.000,0,0,174,0.98,2.63,19.0,0.997,86.25,1.6,0.1,0.0,19.8,0.0,0.0,100,7948,86.09,20.2
8/2/2024 8:45,15,0,457,211.3,0.000,0,0,193,1.21,2.94,19.2,1.003,86.26,1.5,0.1,0.0,20.1,0.0,0.0,100,7951,86.10,20.7
8/2/2024 9:00,15,0,457,240.1,0.000,0,0,184,1.09,3.11,19.5,0.994,86.26,1.5,0.2,0.0,20.7,0.0,0.0,100,7955,86.10,21.6
8/2/2024 9:15,15,0,455,293.9,0.000,0,0,195,1.44,6.66,19.9,1.003,86.27,1.5,0.2,0.0,21.2,0.0,0.0,100,7958,86.11,22.2
8/2/2024 9:30,15,0,455,347.5,0.000,0,0,205,1.37,4.70,20.0,0.996,86.27,1.6,0.1,0.0,21.6,0.0,0.0,100,7960,86.11,22.7
8/2/2024 9:45,15,0,454,510.9,0.000,0,0,190,1.70,4.24,20.5,1.005,86.27,1.6,0.1,0.0,22.4,0.0,0.0,100,7967,86.11,23.6
8/2/2024 10:00,15,0,453,585.7,0.000,0,0,229,1.17,3.28,21.1,1.000,86.27,1.6,0.2,0.0,23.5,0.0,0.0,100,7972,86.12,24.9
8/2/2024 10:15,15,0,453,448.5,0.000,0,0,185,1.22,3.16,21.6,1.004,86.29,1.6,0.1,0.0,24.3,0.0,0.0,100,7977,86.13,25.9
8/2/2024 10:30,15,0,454,341.7,0.000,0,0,196,1.32,3.42,21.2,1.010,86.29,1.6,0.1,0.0,24.2,0.0,0.0,100,7980,86.13,25.8
8/2/2024 10:45,15,0,454,422.0,0.000,0,0,219,1.49,5.45,21.1,1.000,86.27,1.6,0.1,0.0,23.8,0.0,0.0,100,7984,86.11,25.5
8/2/2024 11:00,15,0,453,378.0,0.000,0,0,209,0.91,4.54,21.2,1.002,86.27,1.6,0.1,0.0,23.8,0.0,0.0,100,7988,86.10,25.4
8/2/2024 11:15,15,0,452,620.7,0.000,0,0,194,1.01,2.80,22.0,0.995,86.27,1.6,0.1,0.0,24.3,0.0,0.0,100,7995,86.11,26.0
8/2/2024 11:30,15,0,453,463.0,0.000,0,0,197,1.09,2.48,22.2,1.000,86.27,1.7,0.1,0.0,25.0,0.0,0.0,100,7998,86.10,26.7
8/2/2024 11:45,15,0,454,323.2,0.000,0,0,179,1.12,2.52,22.3,0.997,86.25,1.6,0.1,0.0,24.9,0.0,0.0,100,7999,86.08,26.5
8/2/2024 12:00,15,0,452,637.5,0.000,0,0,186,1.50,3.04,22.7,0.999,86.22,1.6,0.2,0.0,25.2,0.0,0.0,100,8012,86.06,26.8
8/2/2024 12:15,15,0,453,391.4,0.000,0,0,178,1.13,2.41,22.3,1.009,86.21,1.6,0.1,0.0,25.6,0.0,0.0,100,8015,86.05,27.4
8/2/2024 12:30,15,0,454,233.2,0.000,0,0,188,0.96,2.24,21.7,1.004,86.20,1.5,0.2,0.0,24.8,0.0,0.0,100,8013,86.03,26.6
8/2/2024 12:45,15,0,454,264.9,0.000,0,0,174,0.72,1.61,21.4,0.996,86.19,1.6,0.1,0.0,24.0,0.0,0.0,100,8017,86.02,25.7
8/2/2024 13:00,15,0,452,682.0,0.000,0,0,201,1.02,2.49,22.8,0.999,86.16,1.5,0.1,0.0,24.8,0.0,0.0,100,8031,86.00,26.5
8/2/2024 13:15,15,0,454,226.8,0.000,0,0,179,1.16,2.98,21.8,1.002,86.15,1.6,0.1,0.0,24.8,0.0,0.0,100,8028,85.98,26.8
8/2/2024 13:30,15,0,452,580.5,0.000,0,0,188,1.21,2.43,23.0,0.986,86.12,1.6,0.1,0.0,24.9,0.0,0.0,100,8046,85.95,26.7
8/2/2024 13:45,15,0,453,369.2,0.000,0,0,162,1.31,2.74,22.9,1.003,86.10,1.6,0.1,0.0,25.7,0.0,0.0,100,8050,85.93,27.8
8/2/2024 14:00,15,0,453,257.1,0.000,0,0,203,1.02,2.79,22.4,1.003,86.08,1.6,0.1,0.0,25.3,0.0,0.0,100,8050,85.91,27.5
8/2/2024 14:15,15,0,453,330.7,0.000,0,0,184,0.73,2.06,22.7,0.995,86.08,1.6,0.1,0.0,25.1,0.0,0.0,100,8057,85.92,27.1
8/2/2024 14:30,15,0,452,465.2,0.000,0,0,215,0.69,1.47,22.7,0.998,86.05,1.6,0.1,0.0,25.7,0.0,0.0,100,8063,85.88,27.7
8/2/2024 14:45,15,0,454,287.3,0.000,0,0,203,0.89,2.50,22.5,0.994,86.03,1.6,0.1,0.0,25.5,0.0,0.0,100,8067,85.86,27.8
8/2/2024 15:00,15,0,454,250.5,0.000,0,0,175,0.86,1.71,22.7,0.997,86.03,1.6,0.1,0.0,25.2,0.0,0.0,100,8064,85.86,27.4
8/2/2024 15:15,15,9,586,232.1,0.102,1,31,172,0.82,1.79,22.3,1.000,86.01,1.6,0.1,3.1,24.9,0.0,0.0,100,8067,85.85,27.0
8/2/2024 15:30,15,15,645,191.7,0.323,0,0,151,0.69,1.73,21.5,1.002,86.03,1.6,0.2,2.0,23.8,0.0,0.0,100,8065,85.86,25.4
8/2/2024 15:45,15,15,590,231.8,0.204,1,17,168,0.81,2.06,21.3,0.999,85.99,1.5,0.2,3.1,23.4,0.0,0.0,100,8066,85.82,24.5
8/2/2024 16:00,15,15,750,23.3,15.468,2,10,182,1.02,4.37,20.4,1.008,86.02,1.5,0.1,147.9,22.3,1.0,12.0,100,8062,85.85,23.2
8/2/2024 16:15,15,15,913,12.3,19.004,15,9,274,1.00,2.63,18.9,1.000,86.04,1.5,0.2,118.3,20.0,2.8,36.0,100,8060,85.86,21.1
8/2/2024 16:30,15,15,686,3.7,12.119,12,1,179,1.40,3.81,18.6,1.001,86.04,1.5,0.1,90.8,19.0,1.4,12.0,100,8052,85.87,20.1
8/2/2024 16:45,15,15,642,2.7,0.817,8,5,192,1.17,4.03,18.4,1.000,86.05,1.5,0.2,9.2,18.5,0.6,12.0,100,8053,85.88,19.4
8/2/2024 17:00,15,15,619,0.6,0.323,14,6,197,1.14,4.14,18.6,0.999,86.06,1.6,0.2,4.1,18.4,0.2,12.0,100,8051,85.89,19.0
8/2/2024 17:15,15,15,618,0.9,0.017,7,9,185,1.07,2.87,18.3,1.000,86.10,1.5,0.2,1.0,18.3,0.0,0.0,100,8049,85.93,18.8
8/2/2024 17:30,15,15,737,0.2,0.919,4,10,184,0.85,2.00,18.1,1.001,86.10,1.5,0.2,15.3,18.1,0.0,0.0,100,8048,85.93,18.5
8/2/2024 17:45,15,15,745,0.0,3.655,3,9,191,0.90,2.09,18.1,0.999,86.12,1.5,0.2,65.3,18.0,0.8,12.0,100,8046,85.95,18.2
8/2/2024 18:00,15,15,639,0.0,0.885,2,6,190,0.93,2.58,18.1,0.998,86.14,1.5,0.2,8.2,17.9,0.4,12.0,100,8044,85.98,18.1
8/2/2024 18:15,15,15,625,0.0,0.204,5,7,200,0.75,2.03,18.1,1.000,86.15,1.5,0.2,2.0,17.9,0.2,12.0,100,8042,85.99,18.0
8/2/2024 18:30,15,15,647,0.0,0.255,1,1,176,0.85,1.64,18.0,0.999,86.17,1.5,0.2,2.0,17.8,0.2,12.0,100,8040,86.00,17.9
8/2/2024 18:45,15,15,640,0.0,0.443,0,0,172,0.91,1.45,17.9,1.000,86.17,1.5,0.2,3.1,17.8,0.4,12.0,100,8037,86.01,17.8
8/2/2024 19:00,15,15,625,0.0,0.136,0,0,184,0.81,2.07,17.9,0.998,86.18,1.5,0.2,1.0,17.7,0.0,0.0,100,8039,86.01,17.8
8/2/2024 19:15,15,15,624,0.0,0.017,0,0,179,0.73,1.63,17.9,0.998,86.18,1.5,0.2,1.0,17.7,0.2,12.0,100,8033,86.01,17.7
8/2/2024 19:30,15,15,626,0.0,0.000,1,27,182,0.67,1.69,17.8,0.998,86.18,1.5,0.2,0.0,17.6,0.0,0.0,100,8033,86.01,17.6
8/2/2024 19:45,15,15,620,0.0,0.000,0,0,177,0.83,3.00,17.6,1.000,86.21,1.5,0.2,0.0,17.5,0.0,0.0,100,8033,86.05,17.5
8/2/2024 20:00,15,15,621,0.0,0.051,1,12,167,0.91,2.18,17.1,1.001,86.21,1.5,0.2,1.0,17.2,0.0,0.0,100,8029,86.04,17.2
8/2/2024 20:15,15,15,633,0.0,0.051,0,0,174,0.69,2.33,16.9,0.998,86.21,1.5,0.1,1.0,16.9,0.0,0.0,100,8032,86.04,17.0
8/2/2024 20:30,15,15,622,0.0,0.017,0,0,164,1.21,5.34,17.1,0.976,86.21,1.5,0.1,1.0,16.6,0.0,0.0,100,8027,86.05,16.7
8/2/2024 20:45,15,15,605,0.0,0.017,0,0,189,0.54,1.93,16.9,0.984,86.22,1.5,0.2,1.0,16.4,0.2,12.0,100,8023,86.05,16.6
8/2/2024 21:00,15,15,614,0.0,0.017,0,0,161,0.59,1.19,16.7,0.986,86.22,1.6,0.3,1.0,16.3,0.0,0.0,100,8026,86.06,16.5
8/2/2024 21:15,15,15,623,0.0,0.017,0,0,169,0.70,1.20,16.6,0.982,86.24,1.5,0.2,1.0,16.2,0.0,0.0,100,8023,86.07,16.3
8/2/2024 21:30,15,15,624,0.0,0.000,0,0,179,0.54,1.13,16.9,0.970,86.25,1.5,0.2,0.0,16.2,0.0,0.0,100,8023,86.08,16.3
8/2/2024 21:45,15,15,628,0.0,0.000,0,0,183,0.66,1.19,17.0,0.973,86.26,1.5,0.2,0.0,16.4,0.2,12.0,100,8019,86.10,16.3
8/2/2024 22:00,15,15,624,0.0,0.000,0,0,152,0.99,1.80,17.1,0.971,86.29,1.5,0.2,0.0,16.4,0.0,0.0,100,8020,86.12,16.4
8/2/2024 22:15,15,15,610,0.0,0.000,0,0,147,1.59,2.09,17.5,0.953,86.30,1.5,0.1,0.0,16.5,0.0,0.0,100,8020,86.14,16.5
8/2/2024 22:30,15,15,590,0.0,0.000,0,0,141,1.76,2.44,17.7,0.949,86.31,1.5,0.2,0.0,16.7,0.0,0.0,100,8017,86.14,16.6
8/2/2024 22:45,15,15,587,0.0,0.000,0,0,149,1.49,2.13,17.6,0.966,86.30,1.5,0.2,0.0,16.8,0.0,0.0,100,8019,86.13,16.7
8/2/2024 23:00,15,15,588,0.0,0.000,0,0,156,0.76,1.56,17.4,0.979,86.31,1.5,0.2,0.0,16.9,0.0,0.0,100,8017,86.14,16.8
8/2/2024 23:15,15,15,583,0.0,0.000,0,0,166,1.38,2.66,17.2,0.987,86.31,1.5,0.1,0.0,16.9,0.0,0.0,100,8014,86.15,16.8
8/2/2024 23:30,15,15,578,0.0,0.000,0,0,172,1.61,3.36,17.3,0.978,86.31,1.5,0.2,0.0,16.8,0.0,0.0,100,8017,86.14,16.7
8/2/2024 23:45,15,15,575,0.0,0.000,0,0,156,1.45,2.38,17.3,0.986,86.30,1.5,0.2,0.0,16.8,0.0,0.0,100,8013,86.13,16.8
8/3/2024 0:00,15,15,578,0.0,0.000,0,0,155,0.77,1.30,17.2,0.990,86.28,1.5,0.2,0.0,16.8,0.2,12.0,100,8011,86.11,16.7
8/3/2024 0:15,15,15,577,0.0,0.000,0,0,147,1.07,1.75,17.2,0.986,86.27,1.5,0.2,0.0,16.8,0.0,0.0,100,7985,86.11,16.9
8/3/2024 0:30,15,15,587,0.0,0.000,0,0,152,0.92,1.23,17.3,0.960,86.26,1.5,0.2,0.0,16.8,0.0,0.0,100,7996,86.10,16.9
8/3/2024 0:45,15,15,617,0.0,0.051,0,0,130,0.61,0.85,17.4,0.976,86.25,1.5,0.2,2.0,16.8,0.0,0.0,100,7996,86.08,16.8
8/3/2024 1:00,15,15,617,0.0,0.017,0,0,143,0.84,1.24,17.4,0.980,86.24,1.5,0.2,1.0,16.9,0.0,0.0,100,7997,86.07,16.8
8/3/2024 1:15,15,15,592,0.0,0.017,0,0,163,0.77,1.21,17.2,0.990,86.22,1.5,0.2,1.0,16.9,0.0,0.0,100,7994,86.05,16.8
8/3/2024 1:30,15,15,588,0.0,0.000,0,0,165,0.58,0.95,17.1,0.992,86.20,1.5,0.2,0.0,16.8,0.0,0.0,100,7995,86.03,16.8
8/3/2024 1:45,15,15,583,0.0,0.000,0,0,162,0.65,1.26,17.1,0.988,86.18,1.5,0.2,0.0,16.8,0.0,0.0,100,7995,86.02,16.7
8/3/2024 2:00,15,15,573,0.0,0.000,0,0,152,1.10,2.19,17.3,0.976,86.18,1.5,0.2,0.0,16.7,0.0,0.0,100,7991,86.01,16.7
8/3/2024 2:15,15,15,566,0.0,0.000,0,0,155,0.89,1.68,17.2,0.977,86.17,1.5,0.2,0.0,16.6,0.0,0.0,100,7992,86.01,16.6
8/3/2024 2:30,15,15,560,0.0,0.000,0,0,159,0.89,1.64,17.0,0.980,86.18,1.5,0.2,0.0,16.5,0.0,0.0,100,7990,86.01,16.5
8/3/2024 2:45,15,15,551,0.0,0.000,0,0,156,1.11,1.69,17.1,0.975,86.18,1.6,0.2,0.0,16.5,0.0,0.0,100,7988,86.02,16.5
8/3/2024 3:00,15,15,544,0.0,0.000,0,0,154,1.40,1.81,17.2,0.972,86.18,1.5,0.2,0.0,16.5,0.0,0.0,100,7989,86.01,16.6
8/3/2024 3:15,15,15,544,0.0,0.000,0,0,151,1.19,1.55,17.1,0.978,86.16,1.5,0.2,0.0,16.6,0.0,0.0,100,7988,86.00,16.6
8/3/2024 3:30,15,15,545,0.0,0.000,0,0,154,0.94,1.43,17.1,0.977,86.14,1.5,0.2,0.0,16.6,0.0,0.0,100,7984,85.97,16.5
8/3/2024 3:45,15,15,545,0.0,0.000,0,0,154,0.97,1.37,17.0,0.980,86.13,1.5,0.2,0.0,16.5,0.0,0.0,100,7985,85.96,16.4
8/3/2024 4:00,15,15,543,0.0,0.000,0,0,160,0.91,1.16,17.0,0.981,86.12,1.6,0.2,0.0,16.5,0.0,0.0,100,7985,85.96,16.4
8/3/2024 4:15,15,15,543,0.0,0.000,0,0,153,1.53,2.00,17.0,0.983,86.12,1.5,0.2,0.0,16.6,0.0,0.0,100,7983,85.96,16.4
8/3/2024 4:30,15,15,538,0.0,0.000,0,0,150,1.26,2.03,17.2,0.972,86.12,1.5,0.2,0.0,16.5,0.0,0.0,100,7983,85.96,16.4
8/3/2024 4:45,15,15,540,0.0,0.000,0,0,151,0.69,1.40,16.9,0.980,86.13,1.5,0.2,0.0,16.4,0.0,0.0,100,7981,85.96,16.3
8/3/2024 5:00,15,15,549,0.0,0.000,0,0,151,0.67,1.20,16.6,0.990,86.14,1.5,0.2,0.0,16.2,0.0,0.0,100,7981,85.97,16.1
8/3/2024 5:15,15,15,559,0.0,0.017,0,0,120,0.37,0.93,16.5,0.986,86.14,1.6,0.2,1.0,16.1,0.0,0.0,100,7979,85.97,16.0
8/3/2024 5:30,15,15,569,0.3,0.000,0,0,140,0.51,0.94,16.5,0.983,86.14,1.6,0.2,0.0,16.1,0.0,0.0,100,7979,85.97,15.9
8/3/2024 5:45,15,15,577,4.7,0.000,0,0,159,0.66,1.53,16.5,0.979,86.14,1.5,0.3,0.0,16.0,0.2,12.0,100,7976,85.97,15.8
8/3/2024 6:00,15,15,578,15.7,0.000,0,0,215,0.54,1.45,16.6,0.977,86.14,1.5,0.2,0.0,16.0,0.0,0.0,100,7976,85.98,15.8
8/3/2024 6:15,15,15,572,29.3,0.017,0,0,173,0.64,1.73,16.7,0.980,86.17,1.5,0.2,1.0,16.2,0.0,0.0,100,7972,86.01,16.1
8/3/2024 6:30,15,15,557,47.6,0.000,0,0,185,0.86,2.52,17.1,0.980,86.20,1.6,0.2,0.0,16.6,0.0,0.0,100,7974,86.04,16.4
8/3/2024 6:45,15,15,539,75.0,0.000,0,0,192,0.73,1.89,17.2,0.998,86.22,1.5,0.2,0.0,17.0,0.0,0.0,100,7975,86.06,16.8
8/3/2024 7:00,15,15,511,52.1,0.000,0,0,186,0.90,2.87,17.5,0.999,86.23,1.5,0.2,0.0,17.4,0.0,0.0,100,7971,86.07,17.2
8/3/2024 7:15,15,15,486,54.7,0.000,0,0,172,0.94,2.19,17.7,1.000,86.25,1.5,0.1,0.0,17.6,0.0,0.0,100,7976,86.08,17.5
8/3/2024 7:30,15,15,460,153.9,0.000,0,0,187,0.88,2.84,17.9,0.999,86.25,1.6,0.2,0.0,18.1,0.0,0.0,100,7967,86.09,18.1
8/3/2024 7:45,15,3,458,218.2,0.000,0,0,204,0.98,2.92,18.4,0.996,86.24,1.5,0.2,0.0,18.9,0.0,0.0,100,7969,86.08,19.0
8/3/2024 8:00,15,0,456,328.9,0.000,0,0,179,0.87,2.78,18.9,1.001,86.23,1.5,0.2,0.0,20.0,0.0,0.0,100,7972,86.08,20.5
8/3/2024 8:15,15,0,455,353.4,0.000,0,0,202,1.11,3.21,19.3,0.997,86.23,1.5,0.2,0.0,20.8,0.0,0.0,100,7971,86.08,21.8
8/3/2024 8:30,15,0,454,438.5,0.000,0,0,197,1.15,2.93,20.1,1.000,86.23,1.6,0.2,0.0,21.7,0.0,0.0,100,7956,86.07,23.0
8/3/2024 8:45,15,0,454,425.8,0.000,0,0,204,1.50,4.18,20.5,0.992,86.23,1.6,0.1,0.0,22.8,0.0,0.0,100,7975,86.07,24.4
8/3/2024 9:00,15,0,454,345.8,0.000,0,0,216,1.59,4.32,20.2,1.002,86.24,1.6,0.1,0.0,23.1,0.0,0.0,100,7978,86.08,24.6
8/3/2024 9:15,15,0,456,208.3,0.000,0,0,216,1.53,2.96,19.7,1.002,86.25,1.5,0.1,0.0,22.4,0.0,0.0,100,7982,86.09,23.9
8/3/2024 9:30,15,0,455,268.2,0.000,0,0,208,1.39,3.49,19.6,0.997,86.25,1.6,0.2,0.0,21.8,0.0,0.0,100,7984,86.08,23.2
8/3/2024 9:45,15,0,457,288.2,0.000,0,0,208,1.41,3.11,19.9,0.995,86.23,1.7,0.1,0.0,22.0,0.0,0.0,100,7986,86.07,23.5
8/3/2024 10:00,15,0,454,417.9,0.000,0,0,217,1.53,3.16,20.1,0.995,86.23,1.6,0.1,0.0,22.3,0.0,0.0,100,7991,86.07,23.6
8/3/2024 10:15,15,0,455,450.5,0.000,0,0,228,1.44,4.64,20.6,1.010,86.23,1.6,0.1,0.0,23.2,0.0,0.0,100,7995,86.07,24.7
8/3/2024 10:30,15,0,455,289.8,0.000,0,0,195,1.37,3.16,20.2,0.997,86.22,1.6,0.1,0.0,22.9,0.0,0.0,100,7999,86.05,24.4
8/3/2024 10:45,15,0,454,329.7,0.000,0,0,202,1.29,3.57,20.2,1.002,86.19,1.5,0.1,0.0,22.8,0.0,0.0,100,8000,86.03,24.3
8/3/2024 11:00,15,0,455,301.5,0.000,0,0,187,1.49,3.59,20.4,0.999,86.17,1.6,0.1,0.0,22.8,0.0,0.0,100,8003,86.01,24.2
8/3/2024 11:15,15,0,454,316.8,0.000,0,0,183,1.17,3.54,20.5,0.991,86.15,1.6,0.1,0.0,22.8,0.0,0.0,100,8006,85.99,24.2
8/3/2024 11:30,15,0,454,334.7,0.000,0,0,209,1.14,2.88,20.5,1.002,86.14,1.5,0.1,0.0,23.0,0.0,0.0,100,8013,85.98,24.4
8/3/2024 11:45,15,0,454,378.1,0.000,0,0,214,1.13,2.35,20.5,0.997,86.13,1.6,0.1,0.0,23.2,0.0,0.0,100,8014,85.96,24.7
8/3/2024 12:00,15,0,453,472.5,0.000,0,0,220,0.99,3.08,21.3,1.006,86.11,1.6,0.1,0.0,23.6,0.0,0.0,100,8021,85.95,25.2
8/3/2024 12:15,15,0,452,529.3,0.000,0,0,198,0.84,2.13,22.2,1.000,86.10,1.6,0.1,0.0,24.5,0.0,0.0,100,8032,85.94,26.1
8/3/2024 12:30,15,0,451,496.7,0.000,0,0,190,0.92,3.34,22.3,0.996,86.09,1.6,0.1,0.0,25.3,0.0,0.0,100,8042,85.94,26.9
8/3/2024 12:45,15,0,451,532.6,0.000,0,0,184,0.75,2.75,22.7,1.004,86.09,1.6,0.1,0.0,25.9,0.0,0.0,100,8047,85.93,27.6
8/3/2024 13:00,15,0,451,561.9,0.000,0,0,179,0.96,2.30,23.1,0.994,86.08,1.6,0.1,0.0,26.3,0.0,0.0,100,8058,85.92,28.2
8/3/2024 13:15,15,0,452,533.9,0.000,0,0,198,1.19,2.67,23.1,1.000,86.07,1.6,0.1,0.0,26.5,0.0,0.0,100,8070,85.91,28.5
8/3/2024 13:30,15,0,452,540.3,0.000,0,0,205,1.09,2.81,22.7,1.000,86.06,1.6,0.1,0.0,26.3,0.0,0.0,100,8077,85.90,28.5
8/3/2024 13:45,15,0,451,573.7,0.000,0,0,159,1.20,3.35,22.9,0.985,86.06,1.6,0.1,0.0,26.1,0.0,0.0,100,8086,85.89,28.3
8/3/2024 14:00,15,0,451,608.4,0.000,0,0,174,1.06,2.60,23.3,0.981,86.04,1.6,0.1,0.0,26.3,0.0,0.0,100,8102,85.88,28.8
8/3/2024 14:15,15,0,451,799.9,0.000,0,0,179,1.28,3.62,24.1,0.971,86.02,1.7,0.0,0.0,27.3,0.0,0.0,100,8118,85.86,30.0
8/3/2024 14:30,15,0,451,533.5,0.000,0,0,181,1.14,3.14,24.2,0.971,86.00,1.6,0.1,0.0,27.9,0.0,0.0,100,8124,85.84,31.1
8/3/2024 14:45,15,0,452,262.3,0.000,0,0,196,0.93,2.35,23.0,0.993,86.00,1.7,0.1,0.0,27.2,0.0,0.0,100,8114,85.83,30.4
8/3/2024 15:00,15,0,453,194.9,0.000,0,0,167,1.22,3.03,22.8,0.978,86.00,1.6,0.1,0.0,25.8,0.0,0.0,100,8109,85.82,28.5
8/3/2024 15:15,15,0,454,179.9,0.000,0,0,166,0.71,1.50,22.2,1.004,85.98,1.6,0.2,0.0,25.0,0.0,0.0,100,8108,85.80,27.5
8/3/2024 15:30,15,0,456,73.3,0.000,2,17,177,0.81,1.99,21.9,0.998,85.98,1.5,0.2,0.0,24.1,0.0,0.0,100,8096,85.80,26.3
8/3/2024 15:45,15,0,458,31.9,0.000,5,10,179,0.72,1.92,21.1,0.998,85.98,1.5,0.2,0.0,22.9,0.0,0.0,100,8094,85.80,24.8
8/3/2024 16:00,15,0,460,12.8,0.000,3,10,165,0.47,1.31,20.6,1.002,86.00,1.5,0.1,0.0,21.8,0.0,0.0,100,8090,85.82,23.4
8/3/2024 16:15,15,5,460,16.5,0.000,4,12,182,0.72,1.76,20.1,1.001,86.01,1.5,0.2,0.0,20.9,0.0,0.0,100,8086,85.83,22.3
8/3/2024 16:30,15,15,461,12.2,0.000,9,7,181,0.68,1.38,19.8,1.000,86.00,1.6,0.2,0.0,20.4,0.0,0.0,100,8083,85.83,21.5
8/3/2024 16:45,15,15,463,7.7,0.000,7,1,191,0.48,1.16,19.6,0.999,86.04,1.5,0.2,0.0,20.1,0.0,0.0,100,8080,85.86,21.0
8/3/2024 17:00,15,15,484,4.1,0.000,1,8,206,0.40,1.18,19.4,1.002,86.04,1.5,0.2,0.0,19.8,0.0,0.0,100,8079,85.86,20.5
8/3/2024 17:15,15,15,486,4.2,0.000,0,0,185,0.55,1.29,19.3,0.999,86.06,1.6,0.1,0.0,19.5,0.0,0.0,100,8077,85.89,20.1
8/3/2024 17:30,15,15,554,3.8,0.000,0,0,178,0.67,1.30,19.3,1.000,86.07,1.5,0.2,0.0,19.4,0.0,0.0,100,8074,85.90,19.8
8/3/2024 17:45,15,15,578,1.1,0.000,0,0,174,1.51,2.96,18.7,1.000,86.09,1.5,0.2,0.0,19.1,0.0,0.0,100,8073,85.92,19.4
8/3/2024 18:00,15,15,593,0.6,0.000,1,12,168,1.17,2.46,18.4,1.001,86.09,1.5,0.2,0.0,18.7,0.0,0.0,100,8068,85.92,19.0
8/3/2024 18:15,15,15,590,0.0,0.000,0,0,152,1.35,2.41,18.4,1.000,86.11,1.5,0.2,0.0,18.5,0.0,0.0,100,8067,85.94,18.8
8/3/2024 18:30,15,15,584,0.0,0.000,0,0,179,0.83,1.37,18.4,1.000,86.12,1.5,0.1,0.0,18.4,0.0,0.0,100,8064,85.96,18.6
8/3/2024 18:45,15,15,582,0.0,0.000,1,20,166,1.13,1.98,18.4,1.001,86.14,1.5,0.2,0.0,18.4,0.0,0.0,100,8063,85.97,18.5
8/3/2024 19:00,15,15,583,0.0,0.000,2,20,167,0.85,1.59,18.5,1.000,86.14,1.5,0.2,0.0,18.4,0.0,0.0,100,8064,85.97,18.5
8/3/2024 19:15,15,15,607,0.0,0.017,15,15,174,0.78,1.34,18.6,0.997,86.16,1.5,0.1,1.0,18.4,0.0,0.0,100,8061,85.99,18.5
8/3/2024 19:30,15,15,643,0.0,0.238,19,5,170,1.19,2.43,18.5,1.000,86.19,1.5,0.2,5.1,18.3,0.0,0.0,100,8061,86.02,18.5
8/3/2024 19:45,15,15,963,0.0,3.026,39,1,157,0.84,1.92,18.6,0.999,86.22,1.5,0.2,70.4,18.4,0.0,0.0,100,8057,86.06,18.4
8/3/2024 20:00,15,15,945,0.0,24.634,54,1,151,3.29,7.16,17.2,1.006,86.25,1.7,0.3,144.8,17.8,8.4,72.0,100,8054,86.08,17.9
8/3/2024 20:15,15,15,825,0.0,4.898,29,1,#N/A,#N/A,#N/A,17.1,0.997,86.26,1.5,0.3,60.2,17.0,0.6,12.0,100,8051,86.09,17.4
8/3/2024 20:30,15,15,707,0.0,0.936,15,1,#N/A,#N/A,#N/A,17.1,0.999,86.25,1.5,0.2,8.2,17.0,0.2,12.0,100,8052,86.09,17.3
8/3/2024 20:45,15,15,700,0.0,1.311,5,1,#N/A,#N/A,#N/A,17.1,0.998,86.26,1.5,0.2,6.1,16.9,0.2,12.0,100,8048,86.09,17.2
8/3/2024 21:00,15,15,678,0.0,1.464,4,1,#N/A,#N/A,#N/A,17.1,1.000,86.27,1.5,0.2,8.2,17.0,0.2,12.0,100,8049,86.10,17.1
8/3/2024 21:15,15,15,774,0.0,0.987,0,0,#N/A,#N/A,#N/A,16.7,1.001,86.28,1.5,0.2,5.1,16.7,0.2,12.0,100,8048,86.11,16.9
8/3/2024 21:30,15,15,690,0.0,0.715,0,0,#N/A,#N/A,#N/A,16.7,0.999,86.28,1.5,0.1,4.1,16.6,0.2,12.0,100,8045,86.11,16.7
8/3/2024 21:45,15,15,674,0.0,0.647,0,0,#N/A,#N/A,#N/A,16.6,0.999,86.29,1.5,0.3,3.1,16.5,0.2,12.0,100,8044,86.12,16.6
8/3/2024 22:00,15,15,677,0.0,0.528,0,0,#N/A,#N/A,#N/A,16.6,0.999,86.27,1.5,0.2,3.1,16.4,0.2,12.0,100,8042,86.10,16.5
8/3/2024 22:15,15,15,637,0.0,0.289,0,0,#N/A,#N/A,#N/A,16.4,1.002,86.27,1.5,0.2,2.0,16.3,0.0,0.0,100,8040,86.10,16.4
8/3/2024 22:30,15,15,641,0.0,0.170,0,0,#N/A,#N/A,#N/A,16.4,0.998,86.26,1.5,0.2,1.0,16.2,0.0,0.0,100,8040,86.09,16.3
8/3/2024 22:45,15,15,655,0.0,0.051,0,0,#N/A,#N/A,#N/A,16.4,0.999,86.26,1.5,0.2,1.0,16.2,0.2,12.0,100,8038,86.09,16.3
8/3/2024 23:00,15,15,622,0.0,0.000,0,0,#N/A,#N/A,#N/A,16.5,0.995,86.27,1.5,0.2,0.0,16.3,0.0,0.0,100,8036,86.10,16.3
8/3/2024 23:15,15,15,621,0.0,0.000,0,0,#N/A,#N/A,#N/A,16.5,0.995,86.25,1.5,0.2,0.0,16.2,0.0,0.0,100,8035,86.08,16.3
8/3/2024 23:30,15,15,608,0.0,0.000,0,0,#N/A,#N/A,#N/A,16.4,0.998,86.23,1.5,0.2,0.0,16.3,0.0,0.0,100,8034,86.06,16.3
8/3/2024 23:45,15,15,604,0.0,0.000,0,0,#N/A,#N/A,#N/A,16.4,0.998,86.21,1.5,0.2,0.0,16.2,0.0,0.0,100,8036,86.05,16.2
8/4/2024 0:00,15,15,599,0.0,0.000,0,0,#N/A,#N/A,#N/A,16.4,0.997,86.19,1.5,0.2,0.0,16.1,0.0,0.0,100,8031,86.03,16.2
8/4/2024 0:15,15,15,599,0.0,0.000,0,0,#N/A,#N/A,#N/A,16.3,1.000,86.17,1.5,0.2,0.0,16.1,0.0,0.0,100,8004,86.00,16.3
8/4/2024 0:30,15,15,603,0.0,0.000,0,0,#N/A,#N/A,#N/A,16.6,0.962,86.15,1.6,0.2,0.0,16.1,0.0,0.0,100,8017,85.98,16.2
8/4/2024 0:45,15,15,601,0.0,0.000,0,0,#N/A,#N/A,#N/A,16.8,0.980,86.12,1.4,0.2,0.0,16.3,0.0,0.0,100,8020,85.96,16.2
8/4/2024 1:00,15,15,598,0.0,0.000,0,0,#N/A,#N/A,#N/A,17.0,0.982,86.10,1.5,0.2,0.0,16.5,0.0,0.0,100,8016,85.94,16.4
8/4/2024 1:15,15,15,595,0.0,0.000,0,0,#N/A,#N/A,#N/A,17.2,0.986,86.09,1.5,0.2,0.0,16.8,0.0,0.0,100,8014,85.92,16.7
8/4/2024 1:30,15,15,592,0.0,0.000,0,0,#N/A,#N/A,#N/A,17.3,0.993,86.08,1.6,0.2,0.0,17.0,0.0,0.0,100,8015,85.91,16.9
8/4/2024 1:45,15,15,590,0.0,0.000,0,0,#N/A,#N/A,#N/A,17.4,0.996,86.06,1.5,0.2,0.0,17.1,0.0,0.0,100,8014,85.89,17.0
8/4/2024 2:00,15,15,589,0.0,0.000,0,0,#N/A,#N/A,#N/A,17.5,0.994,86.03,1.5,0.2,0.0,17.3,0.0,0.0,100,8014,85.86,17.2
8/4/2024 2:15,15,15,594,0.0,0.000,0,0,#N/A,#N/A,#N/A,17.6,0.995,86.02,1.5,0.1,0.0,17.3,0.0,0.0,100,8011,85.85,17.3
8/4/2024 2:30,15,15,599,0.0,0.017,0,0,#N/A,#N/A,#N/A,17.6,0.997,86.02,1.5,0.1,1.0,17.4,0.0,0.0,100,8010,85.85,17.3
8/4/2024 2:45,15,15,609,0.0,0.017,0,0,#N/A,#N/A,#N/A,17.5,1.001,86.01,1.6,0.2,1.0,17.4,0.0,0.0,100,8009,85.84,17.4
8/4/2024 3:00,15,15,585,0.0,0.000,0,0,#N/A,#N/A,#N/A,17.4,0.999,86.00,1.5,0.2,0.0,17.3,0.0,0.0,100,8007,85.83,17.3
8/4/2024 3:15,15,15,584,0.0,0.000,0,0,#N/A,#N/A,#N/A,17.3,1.001,85.99,1.6,0.2,0.0,17.2,0.0,0.0,100,8007,85.83,17.3
8/4/2024 3:30,15,15,586,0.0,0.000,0,0,#N/A,#N/A,#N/A,17.3,1.000,85.99,1.5,0.2,0.0,17.1,0.0,0.0,100,8008,85.82,17.2
8/4/2024 3:45,15,15,581,0.0,0.000,0,0,#N/A,#N/A,#N/A,17.2,1.000,85.99,1.5,0.2,0.0,17.0,0.0,0.0,100,8007,85.82,17.1
8/4/2024 4:00,15,15,577,0.0,0.000,0,0,#N/A,#N/A,#N/A,17.2,0.998,85.98,1.6,0.2,0.0,17.0,0.0,0.0,100,8006,85.81,17.1
8/4/2024 4:15,15,15,574,0.0,0.000,0,0,#N/A,#N/A,#N/A,17.1,0.999,85.99,1.5,0.2,0.0,16.9,0.0,0.0,100,8004,85.82,17.0
8/4/2024 4:30,15,15,569,0.0,0.000,0,0,#N/A,#N/A,#N/A,17.1,0.998,86.00,1.5,0.2,0.0,16.9,0.0,0.0,100,8004,85.83,17.0
8/4/2024 4:45,15,15,565,0.0,0.000,0,0,#N/A,#N/A,#N/A,17.2,0.997,86.04,1.6,0.2,0.0,17.0,0.0,0.0,100,8002,85.87,17.0
8/4/2024 5:00,15,15,562,0.0,0.000,0,0,#N/A,#N/A,#N/A,17.2,0.999,86.05,1.6,0.2,0.0,17.0,0.0,0.0,100,8002,85.89,17.0
8/4/2024 5:15,15,15,561,0.0,0.000,0,0,#N/A,#N/A,#N/A,17.2,0.998,86.06,1.5,0.1,0.0,17.0,0.0,0.0,100,7999,85.89,17.0
8/4/2024 5:30,15,15,559,0.1,0.000,0,0,#N/A,#N/A,#N/A,17.2,0.998,86.07,1.5,0.2,0.0,17.0,0.0,0.0,100,8000,85.91,17.0
8/4/2024 5:45,15,15,559,2.5,0.000,0,0,#N/A,#N/A,#N/A,17.2,0.998,86.08,1.6,0.2,0.0,17.0,0.0,0.0,100,7997,85.92,17.0
8/4/2024 6:00,15,15,560,9.3,0.000,0,0,#N/A,#N/A,#N/A,17.1,0.999,86.09,1.5,0.2,0.0,17.0,0.0,0.0,100,7999,85.93,17.0
8/4/2024 6:15,15,15,557,15.6,0.000,0,0,#N/A,#N/A,#N/A,17.1,0.998,86.11,1.6,0.2,0.0,16.9,0.0,0.0,100,7995,85.95,17.0
8/4/2024 6:30,15,15,556,30.3,0.000,0,0,#N/A,#N/A,#N/A,17.2,1.000,86.14,1.5,0.2,0.0,17.0,0.0,0.0,100,7992,85.97,17.1
8/4/2024 6:45,15,15,544,49.1,0.000,0,0,#N/A,#N/A,#N/A,17.1,0.999,86.16,1.6,0.2,0.0,17.1,0.0,0.0,100,7992,85.99,17.0
8/4/2024 7:00,15,15,501,104.1,0.000,0,0,#N/A,#N/A,#N/A,17.5,0.996,86.16,1.5,0.2,0.0,17.3,0.0,0.0,100,7997,86.01,17.3
8/4/2024 7:15,15,15,460,197.4,0.000,0,0,#N/A,#N/A,#N/A,18.0,0.996,86.18,1.6,0.2,0.0,17.9,0.0,0.0,100,7992,86.02,18.2
8/4/2024 7:30,15,0,457,227.1,0.000,0,0,#N/A,#N/A,#N/A,18.5,0.998,86.20,1.5,0.1,0.0,18.6,0.0,0.0,100,7991,86.05,19.2
8/4/2024 7:45,15,0,457,259.5,0.000,0,0,188,1.20,1.84,19.1,1.000,86.20,1.5,0.2,0.0,19.5,0.0,0.0,100,7991,86.04,20.5
8/4/2024 8:00,15,0,456,234.7,0.000,0,0,186,1.19,2.21,18.7,0.996,86.22,1.6,0.2,0.0,19.9,0.0,0.0,100,7992,86.06,20.9
8/4/2024 8:15,15,0,454,369.5,0.000,0,0,193,1.21,3.33,19.3,1.001,86.21,1.5,0.1,0.0,20.8,0.0,0.0,100,7993,86.06,22.1
8/4/2024 8:30,15,0,454,406.7,0.000,0,0,193,1.31,3.22,19.9,0.997,86.23,1.6,0.1,0.0,21.8,0.0,0.0,100,7995,86.08,23.4
8/4/2024 8:45,15,0,454,299.5,0.000,0,0,186,1.31,3.67,19.8,1.002,86.26,1.6,0.2,0.0,22.1,0.0,0.0,100,7999,86.10,23.6
8/4/2024 9:00,15,0,454,356.4,0.000,0,0,174,1.88,3.68,19.7,0.999,86.27,1.6,0.2,0.0,21.9,0.0,0.0,100,7998,86.11,23.2
8/4/2024 9:15,15,0,454,357.9,0.000,0,0,171,2.15,5.25,20.0,0.997,86.28,1.5,0.1,0.0,22.0,0.0,0.0,100,8002,86.11,23.4
8/4/2024 9:30,15,0,454,404.2,0.000,0,0,167,1.98,4.27,20.2,0.995,86.28,1.5,0.1,0.0,22.0,0.0,0.0,100,7998,86.11,23.3
8/4/2024 9:45,15,0,453,517.9,0.000,0,0,190,1.41,3.03,20.9,1.004,86.28,1.5,0.2,0.0,22.4,0.0,0.0,100,7997,86.12,23.9
8/4/2024 10:00,15,0,453,571.1,0.000,0,0,212,1.06,3.30,21.5,1.000,86.28,1.6,0.1,0.0,23.8,0.0,0.0,100,7999,86.12,25.6
8/4/2024 10:15,15,0,453,435.6,0.000,0,0,170,1.26,2.93,21.1,0.992,86.29,1.6,0.2,0.0,23.8,0.0,0.0,100,8004,86.13,25.2
8/4/2024 10:30,15,0,452,666.5,0.000,0,0,160,1.25,3.49,21.9,0.993,86.29,1.6,0.2,0.0,24.5,0.0,0.0,100,8004,86.13,25.9
8/4/2024 10:45,15,0,453,322.1,0.000,0,0,164,1.15,2.06,21.8,0.996,86.30,1.6,0.1,0.0,24.6,0.0,0.0,100,8009,86.13,25.9
8/4/2024 11:00,15,0,452,331.3,0.000,0,0,163,0.93,2.03,21.9,0.998,86.30,1.6,0.1,0.0,24.7,0.0,0.0,100,8014,86.13,26.1
8/4/2024 11:15,15,0,453,341.4,0.000,0,0,203,0.87,2.29,21.8,1.005,86.30,1.6,0.1,0.0,24.9,0.0,0.0,100,8019,86.13,26.5
8/4/2024 11:30,15,0,453,322.2,0.000,0,0,212,0.74,1.42,21.6,1.005,86.28,1.6,0.1,0.0,24.8,0.0,0.0,100,8020,86.11,26.7
8/4/2024 11:45,15,0,454,213.0,0.000,0,0,181,0.70,1.61,21.7,1.000,86.27,1.6,0.1,0.0,24.6,0.0,0.0,100,8021,86.10,26.4
8/4/2024 12:00,15,0,454,238.5,0.000,0,0,168,0.81,1.48,21.4,1.005,86.26,1.7,0.1,0.0,24.1,0.0,0.0,100,8025,86.08,25.8
8/4/2024 12:15,15,0,453,383.1,0.000,0,0,186,1.28,2.91,21.3,0.998,86.21,1.6,0.1,0.0,23.8,0.0,0.0,100,8031,86.05,25.5
8/4/2024 12:30,15,2,451,617.5,0.000,0,0,163,1.35,2.52,22.0,0.993,86.18,1.6,0.2,0.0,24.2,0.0,0.0,100,8043,86.02,25.9
8/4/2024 12:45,15,0,453,507.4,0.000,0,0,168,1.23,3.20,22.6,0.987,86.17,1.6,0.1,0.0,25.1,0.0,0.0,100,8051,86.00,26.9
8/4/2024 13:00,15,0,453,390.8,0.000,0,0,193,1.06,2.39,22.6,1.012,86.16,1.6,0.1,0.0,25.5,0.0,0.0,100,8051,85.99,27.5
8/4/2024 13:15,15,0,453,261.6,0.000,0,0,176,0.84,2.53,22.1,1.006,86.15,1.6,0.1,0.0,25.1,0.0,0.0,100,8053,85.97,27.1
8/4/2024 13:30,15,0,453,417.6,0.000,0,0,186,0.98,2.13,22.2,0.993,86.11,1.6,0.1,0.0,25.0,0.0,0.0,100,8058,85.94,26.8
8/4/2024 13:45,15,0,453,282.3,0.000,0,0,181,1.07,2.12,21.8,0.998,86.09,1.6,0.1,0.0,24.9,0.0,0.0,100,8061,85.92,26.8
8/4/2024 14:00,15,0,453,247.7,0.000,0,0,179,1.09,2.88,21.9,1.003,86.08,1.6,0.1,0.0,24.4,0.0,0.0,100,8062,85.91,26.3
8/4/2024 14:15,15,0,452,323.1,0.000,0,0,178,1.12,2.29,22.1,1.004,86.05,1.6,0.1,0.0,24.3,0.0,0.0,100,8070,85.88,26.1
8/4/2024 14:30,15,0,453,409.7,0.000,0,0,155,2.00,3.67,22.0,0.990,86.02,1.6,0.0,0.0,24.5,0.0,0.0,100,8078,85.85,26.2
8/4/2024 14:45,15,0,452,369.1,0.000,0,0,176,1.86,3.39,22.4,0.977,86.00,1.6,0.1,0.0,24.6,0.0,0.0,100,8079,85.83,26.3
8/4/2024 15:00,15,0,453,322.3,0.000,0,0,184,1.58,2.88,22.6,0.997,85.98,1.6,0.1,0.0,24.8,0.0,0.0,100,8083,85.81,26.7
8/4/2024 15:15,15,0,454,257.1,0.000,0,0,178,1.70,3.42,22.1,1.003,85.99,1.5,0.2,0.0,24.5,0.0,0.0,100,8084,85.82,26.4
8/4/2024 15:30,15,0,455,163.3,0.000,0,0,159,1.46,3.16,21.9,1.001,86.01,1.5,0.2,0.0,23.9,0.0,0.0,100,8083,85.84,25.7
8/4/2024 15:45,15,0,458,30.0,0.000,0,0,178,0.68,1.55,21.6,1.001,86.04,1.6,0.1,0.0,23.1,0.0,0.0,100,8077,85.86,24.7
8/4/2024 16:00,15,0,459,39.3,0.000,0,0,274,0.60,1.95,20.8,0.998,86.05,1.6,0.1,0.0,22.2,0.0,0.0,100,8073,85.88,23.5
8/4/2024 16:15,15,0,458,68.3,0.000,0,0,256,0.81,2.35,20.1,1.000,86.07,1.5,0.1,0.0,21.3,0.0,0.0,100,8069,85.89,22.5
8/4/2024 16:30,15,0,458,68.5,0.000,0,0,196,0.59,1.91,20.1,1.002,86.08,1.6,0.1,0.0,21.0,0.0,0.0,100,8067,85.90,22.0
8/4/2024 16:45,15,0,458,50.5,0.000,0,0,204,0.68,2.12,20.2,0.998,86.07,1.5,0.2,0.0,20.8,0.0,0.0,100,8065,85.90,21.7
8/4/2024 17:00,15,0,458,72.2,0.000,6,8,206,0.77,2.50,20.1,0.998,86.09,1.5,0.1,0.0,20.7,0.0,0.0,100,8064,85.92,21.4
8/4/2024 17:15,15,3,480,66.0,0.000,1,8,196,0.85,2.47,20.2,0.999,86.09,1.6,0.1,0.0,20.7,0.0,0.0,100,8061,85.92,21.4
8/4/2024 17:30,15,15,665,8.5,2.634,0,0,175,1.08,2.37,19.9,1.002,86.10,1.5,0.1,34.7,20.4,0.0,0.0,100,8061,85.92,20.8
8/4/2024 17:45,15,15,616,1.5,0.034,0,0,196,0.98,2.77,19.6,1.001,86.10,1.5,0.2,1.0,19.9,0.2,12.0,100,8057,85.93,20.2
8/4/2024 18:00,15,15,684,0.3,0.170,0,0,231,1.26,4.08,19.3,1.001,86.11,1.5,0.2,2.0,19.5,0.0,0.0,100,8055,85.94,19.8
8/4/2024 18:15,15,15,641,0.0,0.136,0,0,204,1.13,3.24,19.0,1.000,86.12,1.6,0.1,2.0,19.1,0.2,12.0,100,8052,85.95,19.4
8/4/2024 18:30,15,15,641,0.0,0.017,0,0,188,1.21,2.87,18.7,1.000,86.15,1.5,0.1,1.0,18.9,0.0,0.0,100,8051,85.98,19.1
8/4/2024 18:45,15,15,607,0.0,0.000,0,0,239,1.07,3.81,18.3,1.001,86.17,1.5,0.2,0.0,18.5,0.0,0.0,100,8048,86.00,18.8
8/4/2024 19:00,15,15,618,0.0,0.000,0,0,204,0.78,2.73,18.2,1.001,86.20,1.5,0.2,0.0,18.2,0.0,0.0,100,8048,86.03,18.4
8/4/2024 19:15,15,15,606,0.0,0.000,0,0,177,0.66,2.38,18.2,1.001,86.22,1.5,0.2,0.0,18.0,0.0,0.0,100,8041,86.06,18.2
8/4/2024 19:30,15,15,609,0.0,0.000,0,0,191,0.71,2.21,18.1,0.998,86.26,1.5,0.2,0.0,17.9,0.0,0.0,100,8045,86.09,18.1
8/4/2024 19:45,15,15,665,0.0,0.119,0,0,207,0.79,2.29,18.1,0.994,86.27,1.5,0.2,2.0,17.9,0.0,0.0,100,8043,86.11,18.0
8/4/2024 20:00,15,15,734,0.0,0.153,0,0,203,0.84,1.75,18.1,0.996,86.28,1.5,0.2,3.1,17.9,0.0,0.0,100,8041,86.11,18.0
8/4/2024 20:15,15,15,628,0.0,0.221,0,0,256,1.34,4.35,18.1,0.999,86.28,1.5,0.3,3.1,18.0,0.0,0.0,100,8042,86.11,18.0
8/4/2024 20:30,15,15,621,0.0,0.000,0,0,225,1.01,3.43,17.7,0.999,86.28,1.6,0.2,0.0,17.7,0.0,0.0,100,8039,86.11,17.7
8/4/2024 20:45,15,15,629,0.0,0.000,0,0,261,1.25,3.83,17.5,1.000,86.29,1.5,0.1,0.0,17.3,0.2,12.0,100,8039,86.12,17.3
8/4/2024 21:00,15,15,620,0.0,0.017,0,0,270,1.30,4.94,17.4,0.991,86.31,1.4,0.2,1.0,17.0,0.0,0.0,100,8035,86.15,17.1
8/4/2024 21:15,15,15,613,0.0,0.000,0,0,278,1.30,4.19,17.5,0.979,86.33,1.5,0.2,0.0,17.0,0.0,0.0,100,8036,86.16,17.0
8/4/2024 21:30,15,15,626,0.0,0.000,0,0,266,1.39,3.85,17.5,0.980,86.34,1.5,0.1,0.0,17.0,0.0,0.0,100,8033,86.17,16.9
8/4/2024 21:45,15,15,607,0.0,0.017,0,0,250,1.19,4.39,17.5,0.979,86.36,1.5,0.2,1.0,17.0,0.0,0.0,100,8032,86.19,16.9
8/4/2024 22:00,15,15,614,0.0,0.000,0,0,265,1.14,3.20,17.3,0.986,86.36,1.5,0.2,0.0,16.9,0.0,0.0,100,8029,86.19,16.8
8/4/2024 22:15,15,15,620,0.0,0.017,0,0,234,0.86,3.04,17.3,0.985,86.36,1.6,0.1,1.0,16.8,0.0,0.0,100,8028,86.19,16.7
8/4/2024 22:30,15,15,626,0.0,0.000,0,0,219,0.83,2.38,17.2,0.982,86.36,1.5,0.2,0.0,16.7,0.0,0.0,100,8027,86.19,16.6
8/4/2024 22:45,15,15,617,0.0,0.017,0,0,214,0.72,2.16,17.2,0.977,86.36,1.6,0.2,1.0,16.7,0.0,0.0,100,8027,86.19,16.5
8/4/2024 23:00,15,15,603,0.0,0.000,0,0,162,0.87,4.44,17.3,0.975,86.36,1.5,0.2,0.0,16.7,0.0,0.0,100,8029,86.19,16.5
8/4/2024 23:15,15,15,625,0.0,0.000,0,0,181,0.84,2.65,17.2,0.984,86.35,1.6,0.2,0.0,16.7,0.0,0.0,100,8023,86.18,16.5
8/4/2024 23:30,15,15,614,0.0,0.017,0,0,194,0.73,2.07,17.2,0.980,86.34,1.5,0.2,1.0,16.7,0.0,0.0,100,8022,86.17,16.5
8/4/2024 23:45,15,15,628,0.0,0.000,0,0,161,1.03,2.52,17.3,0.974,86.31,1.5,0.2,0.0,16.7,0.0,0.0,100,8020,86.15,16.5
8/5/2024 0:00,15,15,618,0.0,0.000,0,0,176,0.94,2.53,17.1,0.985,86.29,1.6,0.2,0.0,16.7,0.0,0.0,100,8020,86.12,16.5
8/5/2024 0:15,15,15,639,0.0,0.017,0,0,228,0.75,2.29,17.0,0.985,86.27,1.5,0.1,1.0,16.6,0.0,0.0,100,8017,86.10,16.4
8/5/2024 0:30,15,15,634,0.0,0.000,0,0,231,0.86,3.27,16.9,0.958,86.24,1.6,0.2,0.0,16.4,0.0,0.0,100,8016,86.07,16.2
8/5/2024 0:45,15,15,634,0.0,0.017,0,0,176,0.81,3.40,16.8,0.980,86.23,1.5,0.2,1.0,16.3,0.0,0.0,100,8013,86.07,16.1
8/5/2024 1:00,15,15,614,0.0,0.017,0,0,223,0.83,2.45,16.9,0.972,86.21,1.5,0.2,1.0,16.3,0.0,0.0,100,8016,86.04,16.0
8/5/2024 1:15,15,15,614,0.0,0.000,0,0,232,0.86,2.20,16.9,0.976,86.19,1.6,0.3,0.0,16.3,0.0,0.0,100,8012,86.02,16.1
8/5/2024 1:30,15,15,617,0.0,0.017,0,0,219,0.86,2.02,17.0,0.974,86.17,1.5,0.2,1.0,16.3,0.0,0.0,100,8011,86.00,16.1
8/5/2024 1:45,15,15,618,0.0,0.000,0,0,196,0.73,2.26,17.0,0.979,86.16,1.6,0.2,0.0,16.4,0.0,0.0,100,8010,85.99,16.2
8/5/2024 2:00,15,15,614,0.0,0.000,0,0,187,0.91,2.81,17.1,0.977,86.15,1.5,0.2,0.0,16.5,0.0,0.0,100,8010,85.99,16.3
8/5/2024 2:15,15,15,614,0.0,0.000,0,0,175,0.66,1.91,17.1,0.985,86.15,1.5,0.2,0.0,16.7,0.0,0.0,100,8009,85.98,16.5
8/5/2024 2:30,15,15,621,0.0,0.017,0,0,188,0.93,2.80,17.3,0.987,86.12,1.5,0.2,1.0,16.9,0.0,0.0,100,8009,85.95,16.7
8/5/2024 2:45,15,15,604,0.0,0.000,0,0,209,1.16,2.67,17.4,0.992,86.11,1.6,0.2,0.0,17.1,0.0,0.0,100,8009,85.94,16.9
8/5/2024 3:00,15,15,607,0.0,0.000,0,0,208,0.95,3.21,17.4,0.997,86.10,1.5,0.2,0.0,17.2,0.0,0.0,100,8005,85.94,17.0
8/5/2024 3:15,15,15,606,0.0,0.000,0,0,204,0.98,4.64,17.4,0.998,86.11,1.6,0.2,0.0,17.2,0.0,0.0,100,8003,85.95,17.1
8/5/2024 3:30,15,15,604,0.0,0.000,0,0,206,1.08,2.70,17.5,0.991,86.12,1.5,0.2,0.0,17.2,0.0,0.0,100,8003,85.95,17.1
8/5/2024 3:45,15,15,604,0.0,0.000,0,0,211,1.07,3.64,17.5,0.993,86.10,1.5,0.2,0.0,17.2,0.0,0.0,100,8001,85.94,17.1
8/5/2024 4:00,15,15,596,0.0,0.000,0,0,222,1.22,3.17,17.5,0.990,86.10,1.6,0.1,0.0,17.2,0.0,0.0,100,8002,85.93,17.1
8/5/2024 4:15,15,15,590,0.0,0.000,0,0,187,1.14,3.16,17.6,0.986,86.10,1.6,0.2,0.0,17.2,0.0,0.0,100,8002,85.94,17.2
8/5/2024 4:30,15,15,583,0.0,0.000,0,0,214,1.18,4.25,17.6,0.986,86.11,1.5,0.2,0.0,17.2,0.0,0.0,100,8003,85.94,17.1
8/5/2024 4:45,15,15,580,0.0,0.000,0,0,186,1.29,3.89,17.5,0.986,86.12,1.6,0.2,0.0,17.0,0.0,0.0,100,8000,85.95,17.0
8/5/2024 5:00,15,15,579,0.0,0.000,0,0,195,1.12,2.64,17.5,0.979,86.13,1.5,0.2,0.0,17.0,0.0,0.0,100,7997,85.96,16.9
8/5/2024 5:15,15,15,577,0.0,0.000,0,0,201,0.98,2.74,17.4,0.988,86.14,1.6,0.2,0.0,17.0,0.0,0.0,100,7998,85.97,17.0
8/5/2024 5:30,15,15,575,0.0,0.000,0,0,224,0.95,2.38,17.5,0.989,86.13,1.6,0.2,0.0,17.1,0.0,0.0,100,7998,85.97,17.0
8/5/2024 5:45,15,15,570,1.6,0.000,0,0,205,1.04,3.05,17.6,0.990,86.14,1.5,0.2,0.0,17.2,0.0,0.0,100,7995,85.97,17.2
8/5/2024 6:00,15,15,564,5.4,0.000,0,0,230,1.11,4.30,17.7,0.991,86.14,1.5,0.1,0.0,17.4,0.0,0.0,100,7997,85.98,17.3
8/5/2024 6:15,15,15,559,18.7,0.000,0,0,160,1.01,3.59,17.8,0.996,86.15,1.6,0.2,0.0,17.5,0.0,0.0,100,7991,85.99,17.5
8/5/2024 6:30,15,15,550,34.7,0.000,0,0,204,1.10,3.37,17.8,0.998,86.16,1.5,0.1,0.0,17.7,0.0,0.0,100,7992,86.00,17.6
8/5/2024 6:45,15,15,539,57.8,0.000,0,0,279,1.14,3.42,18.0,0.999,86.17,1.6,0.2,0.0,17.8,0.0,0.0,100,7991,86.01,17.8
8/5/2024 7:00,15,15,533,63.6,0.000,0,0,193,1.16,2.84,18.1,1.001,86.19,1.6,0.2,0.0,18.1,0.0,0.0,100,7991,86.03,18.0
8/5/2024 7:15,15,15,491,84.7,0.000,0,0,213,1.08,3.73,18.2,1.000,86.21,1.5,0.2,0.0,18.3,0.0,0.0,100,7987,86.05,18.3
8/5/2024 7:30,15,15,461,121.7,0.000,0,0,215,1.19,3.27,18.4,0.997,86.22,1.6,0.2,0.0,18.5,0.0,0.0,100,7989,86.06,18.6
8/5/2024 7:45,15,6,460,137.6,0.000,0,0,211,1.13,3.08,18.5,1.000,86.23,1.6,0.2,0.0,18.9,0.0,0.0,100,7990,86.07,19.0
8/5/2024 8:00,15,9,460,118.1,0.000,0,0,217,1.42,4.71,18.6,0.998,86.26,1.6,0.1,0.0,19.0,0.0,0.0,100,7989,86.10,19.3
8/5/2024 8:15,15,9,460,112.0,0.000,0,0,257,1.25,3.52,18.6,1.001,86.28,1.5,0.2,0.0,19.1,0.0,0.0,100,7990,86.12,19.5
8/5/2024 8:30,15,15,479,88.0,0.000,0,0,213,1.15,2.45,18.6,1.001,86.30,1.5,0.1,0.0,19.1,0.0,0.0,100,7988,86.14,19.5
8/5/2024 8:45,15,12,459,174.1,0.000,0,0,227,1.48,6.16,18.7,1.001,86.30,1.5,0.2,0.0,19.2,0.0,0.0,100,7990,86.14,19.6
8/5/2024 9:00,15,0,458,187.4,0.000,0,0,202,1.48,4.94,18.9,1.002,86.30,1.6,0.1,0.0,19.6,0.0,0.0,100,7991,86.14,20.2
8/5/2024 9:15,15,0,458,176.5,0.000,0,0,187,1.51,3.89,19.2,0.996,86.30,1.6,0.2,0.0,19.9,0.0,0.0,100,7991,86.14,20.6
8/5/2024 9:30,15,1,458,177.1,0.000,0,0,197,1.36,3.18,19.2,0.997,86.30,1.6,0.2,0.0,20.0,0.0,0.0,100,7995,86.14,20.7
8/5/2024 9:45,15,0,456,282.2,0.000,0,0,227,1.45,5.22,19.5,1.000,86.30,1.5,0.2,0.0,20.5,0.0,0.0,100,7996,86.14,21.3
8/5/2024 10:00,15,0,457,274.7,0.000,0,0,230,1.48,4.61,19.7,0.996,86.30,1.6,0.2,0.0,21.0,0.0,0.0,100,7998,86.13,21.9
8/5/2024 10:15,15,0,455,404.1,0.000,0,0,202,1.29,2.87,20.0,1.000,86.28,1.6,0.2,0.0,21.5,0.0,0.0,100,8004,86.12,22.4
8/5/2024 10:30,15,1,457,230.9,0.000,0,0,229,1.35,4.03,20.2,0.992,86.28,1.6,0.2,0.0,22.0,0.0,0.0,100,8007,86.12,23.1
8/5/2024 10:45,15,0,455,326.5,0.000,0,0,217,1.24,3.93,20.2,1.002,86.29,1.6,0.1,0.0,22.0,0.0,0.0,100,8007,86.13,23.0
8/5/2024 11:00,15,0,454,397.0,0.000,0,0,189,1.62,3.80,20.7,0.997,86.28,1.6,0.1,0.0,22.3,0.0,0.0,100,8012,86.12,23.5
8/5/2024 11:15,15,0,454,497.8,0.000,0,0,198,1.36,3.92,21.0,1.007,86.28,1.6,0.2,0.0,23.0,0.0,0.0,100,8022,86.12,24.3
8/5/2024 11:30,15,0,454,357.9,0.000,0,0,194,1.48,5.05,20.9,1.010,86.29,1.6,0.1,0.0,23.2,0.0,0.0,100,8022,86.12,24.5
8/5/2024 11:45,15,0,453,544.6,0.000,0,0,201,1.57,4.40,21.3,0.999,86.27,1.6,0.1,0.0,23.5,0.0,0.0,100,8024,86.11,24.8
8/5/2024 12:00,15,0,453,663.5,0.000,0,0,213,1.41,5.51,21.7,1.000,86.25,1.6,0.1,0.0,24.1,0.0,0.0,100,8037,86.10,25.5
8/5/2024 12:15,15,0,453,664.0,0.000,0,0,233,1.50,4.07,22.1,0.993,86.23,1.6,0.1,0.0,24.5,0.0,0.0,100,8050,86.07,25.9
8/5/2024 12:30,15,0,452,780.9,0.000,0,0,230,1.59,4.22,22.7,0.988,86.24,1.7,0.1,0.0,25.1,0.0,0.0,100,8062,86.08,26.7
8/5/2024 12:45,15,0,452,723.4,0.000,0,0,214,1.59,8.93,23.0,0.991,86.23,1.6,0.1,0.0,25.5,0.0,0.0,100,8074,86.07,27.2
8/5/2024 13:00,15,0,452,716.4,0.000,0,0,219,1.54,4.52,23.1,0.985,86.20,1.6,0.2,0.0,25.9,0.0,0.0,100,8087,86.04,27.8
8/5/2024 13:15,15,0,452,529.3,0.000,0,0,203,1.50,5.67,22.7,0.994,86.20,1.6,0.1,0.0,25.8,0.0,0.0,100,8091,86.03,27.8
8/5/2024 13:30,15,0,452,650.9,0.000,0,0,191,1.47,5.20,23.0,0.982,86.19,1.6,0.1,0.0,25.7,0.0,0.0,100,8106,86.02,27.8
8/5/2024 13:45,15,0,453,721.9,0.000,0,0,237,1.50,5.38,22.9,0.973,86.16,1.7,0.1,0.0,25.8,0.0,0.0,100,8122,86.00,28.1
8/5/2024 14:00,15,0,452,743.4,0.000,0,0,171,1.61,5.33,23.4,0.956,86.13,1.6,0.1,0.0,26.1,0.0,0.0,100,8137,85.97,28.8
8/5/2024 14:15,15,0,452,659.1,0.000,0,0,200,1.28,5.67,23.5,0.954,86.12,1.6,0.1,0.0,26.3,0.0,0.0,100,8149,85.95,29.2
8/5/2024 14:30,15,0,452,588.8,0.000,0,0,222,1.14,3.86,23.5,0.968,86.10,1.6,0.2,0.0,26.7,0.0,0.0,100,8154,85.93,29.8
8/5/2024 14:45,15,0,453,289.7,0.000,0,0,196,1.20,3.67,22.9,0.989,86.11,1.7,0.1,0.0,26.5,0.0,0.0,100,8148,85.94,29.7
8/5/2024 15:00,15,0,454,171.5,0.000,0,0,172,1.20,2.79,22.1,1.002,86.11,1.6,0.1,0.0,25.1,0.0,0.0,100,8142,85.94,28.0
8/5/2024 15:15,15,0,455,179.3,0.000,0,0,185,1.10,3.17,21.5,1.004,86.10,1.6,0.1,0.0,24.0,0.0,0.0,100,8140,85.93,26.5
8/5/2024 15:30,15,0,454,257.4,0.000,0,0,192,1.05,3.07,21.5,1.004,86.11,1.6,0.1,0.0,23.5,0.0,0.0,100,8137,85.93,25.6
8/5/2024 15:45,15,0,454,227.7,0.000,0,0,185,1.14,2.69,21.5,0.996,86.11,1.6,0.1,0.0,23.3,0.0,0.0,100,8139,85.94,25.2
8/5/2024 16:00,15,0,454,160.3,0.000,0,0,244,0.79,2.51,21.4,1.001,86.11,1.5,0.2,0.0,23.3,0.0,0.0,100,8137,85.93,25.2
8/5/2024 16:15,15,0,456,72.9,0.000,0,0,256,0.83,2.24,21.0,1.001,86.13,1.6,0.1,0.0,22.6,0.0,0.0,100,8133,85.95,24.5
8/5/2024 16:30,15,0,458,50.5,0.000,0,0,193,1.13,2.95,20.7,0.998,86.15,1.5,0.2,0.0,21.9,0.0,0.0,100,8128,85.97,23.5
8/5/2024 16:45,15,8,466,16.8,0.000,0,0,224,0.94,3.39,20.1,1.002,86.17,1.6,0.2,0.0,21.1,0.0,0.0,100,8125,85.99,22.4
8/5/2024 17:00,15,15,612,28.9,0.238,0,0,189,0.87,2.84,19.9,1.000,86.19,1.5,0.1,11.2,20.5,0.0,0.0,100,8123,86.01,21.5
8/5/2024 17:15,15,15,661,20.2,1.464,1,17,185,0.96,3.45,19.7,1.002,86.18,1.5,0.1,20.4,20.1,0.0,0.0,100,8119,86.00,20.9
8/5/2024 17:30,15,15,593,18.1,0.017,0,0,210,0.92,2.35,19.3,1.001,86.19,1.5,0.1,1.0,19.6,0.0,0.0,100,8115,86.02,20.2
8/5/2024 17:45,15,15,585,11.9,0.000,2,21,225,1.09,3.61,19.1,1.000,86.21,1.5,0.2,0.0,19.3,0.0,0.0,100,8112,86.04,19.8
8/5/2024 18:00,15,15,589,3.0,0.000,4,17,238,1.05,3.01,18.9,1.001,86.19,1.5,0.2,0.0,19.0,0.0,0.0,100,8111,86.02,19.4
8/5/2024 18:15,15,15,588,0.3,0.000,1,27,245,1.08,2.71,18.8,1.000,86.18,1.5,0.2,0.0,18.8,0.0,0.0,100,8108,86.01,19.1
8/5/2024 18:30,15,15,589,0.0,0.017,14,11,138,0.99,3.12,18.7,0.999,86.21,1.5,0.2,1.0,18.6,0.0,0.0,100,8105,86.04,18.9
8/5/2024 18:45,15,15,636,0.0,0.187,4,1,209,1.11,4.03,18.5,1.000,86.27,1.5,0.2,4.1,18.4,0.0,0.0,100,8105,86.10,18.7
8/5/2024 19:00,15,15,619,0.0,0.391,1,1,228,0.91,3.07,18.4,1.000,86.24,1.6,0.2,6.1,18.3,0.0,0.0,100,8102,86.07,18.5
8/5/2024 19:15,15,15,626,0.0,0.017,0,0,190,1.01,2.43,18.3,1.000,86.23,1.5,0.2,1.0,18.2,0.0,0.0,100,8102,86.06,18.4
8/5/2024 19:30,15,15,662,0.0,0.255,6,15,245,1.12,4.16,18.2,1.001,86.25,1.5,0.2,2.0,18.1,0.0,0.0,100,8100,86.08,18.2
8/5/2024 19:45,15,15,743,0.0,0.357,11,11,226,1.16,4.91,18.1,1.001,86.28,1.5,0.2,4.1,18.0,0.2,12.0,100,8098,86.11,18.1
8/5/2024 20:00,15,15,605,0.0,0.034,1,8,245,0.93,2.98,18.1,0.997,86.27,1.5,0.1,1.0,17.9,0.0,0.0,100,8095,86.10,18.0
8/5/2024 20:15,15,15,631,0.0,0.085,0,0,233,0.93,2.67,18.3,0.993,86.30,1.5,0.2,2.0,18.0,0.0,0.0,100,8096,86.13,18.1
8/5/2024 20:30,15,15,602,0.0,0.034,0,0,194,1.12,4.67,18.4,0.994,86.36,1.5,0.1,1.0,18.1,0.0,0.0,100,8093,86.20,18.2
8/5/2024 20:45,15,15,608,0.0,0.000,0,0,221,0.94,2.69,18.3,0.999,86.39,1.5,0.1,0.0,18.2,0.0,0.0,100,8091,86.22,18.2
8/5/2024 21:00,15,15,598,0.0,0.000,0,0,179,0.99,2.53,18.1,0.999,86.38,1.6,0.2,0.0,18.0,0.0,0.0,100,8091,86.22,18.1
8/5/2024 21:15,15,15,615,0.0,0.000,0,0,205,0.97,2.89,18.2,0.999,86.39,1.5,0.2,0.0,18.0,0.0,0.0,100,8087,86.22,18.0
8/5/2024 21:30,15,15,604,0.0,0.000,0,0,253,0.97,2.77,18.0,0.999,86.39,1.7,0.2,0.0,17.9,0.0,0.0,100,8085,86.22,17.9
8/5/2024 21:45,15,15,620,0.0,0.000,0,0,229,0.92,2.71,17.6,1.000,86.39,1.6,0.2,0.0,17.6,0.0,0.0,100,8083,86.23,17.6
8/5/2024 22:00,15,15,608,0.0,0.017,0,0,236,1.07,3.98,17.5,0.998,86.41,1.6,0.2,1.0,17.3,0.0,0.0,100,8085,86.24,17.3
8/5/2024 22:15,15,15,623,0.0,0.000,0,0,215,0.82,2.06,17.1,1.000,86.40,1.6,0.2,0.0,17.0,0.0,0.0,100,8081,86.23,17.0
8/5/2024 22:30,15,15,626,0.0,0.000,0,0,248,0.95,3.35,16.8,0.996,86.38,1.5,0.2,0.0,16.6,0.0,0.0,100,8081,86.21,16.6
8/5/2024 22:45,15,15,602,0.0,0.017,0,0,212,0.74,3.02,16.5,0.993,86.38,1.5,0.2,1.0,16.2,0.0,0.0,100,8080,86.21,16.3
8/5/2024 23:00,15,15,601,0.0,0.000,0,0,221,0.85,2.05,16.5,0.984,86.37,1.5,0.2,0.0,16.0,0.0,0.0,100,8077,86.20,16.0
8/5/2024 23:15,15,15,598,0.0,0.000,0,0,242,0.98,3.37,16.8,0.971,86.35,1.6,0.2,0.0,16.2,0.0,0.0,100,8079,86.18,16.2
8/5/2024 23:30,15,15,593,0.0,0.000,0,0,216,1.10,3.51,17.1,0.973,86.32,1.5,0.2,0.0,16.5,0.0,0.0,100,8077,86.15,16.4
8/5/2024 23:45,15,15,592,0.0,0.000,0,0,174,1.07,4.76,17.4,0.980,86.28,1.5,0.1,0.0,16.8,0.0,0.0,100,8072,86.11,16.7
8/6/2024 0:00,15,15,605,0.0,0.017,0,0,257,1.01,2.78,17.6,0.986,86.24,1.5,0.2,1.0,17.1,0.0,0.0,100,8074,86.07,17.0
8/6/2024 0:15,15,15,622,0.0,0.017,0,0,245,1.30,4.98,17.8,0.988,86.20,1.5,0.2,1.0,17.4,0.0,0.0,100,8049,86.04,17.4
8/6/2024 0:30,15,15,611,0.0,0.000,0,0,209,1.12,2.71,17.8,0.972,86.19,1.5,0.2,0.0,17.6,0.0,0.0,100,8057,86.03,17.6
8/6/2024 0:45,15,15,613,0.0,0.000,0,0,239,1.06,2.61,17.7,1.001,86.18,1.5,0.2,0.0,17.6,0.0,0.0,100,8060,86.01,17.6
8/6/2024 1:00,15,15,605,0.0,0.000,0,0,272,1.33,4.13,17.6,0.999,86.14,1.5,0.2,0.0,17.5,0.0,0.0,100,8057,85.98,17.5
8/6/2024 1:15,15,15,597,0.0,0.000,0,0,260,1.33,5.83,17.6,0.999,86.12,1.6,0.2,0.0,17.5,0.0,0.0,100,8054,85.95,17.5
8/6/2024 1:30,15,15,608,0.0,0.000,0,0,262,1.54,4.69,17.6,0.999,86.09,1.5,0.2,0.0,17.4,0.0,0.0,100,8054,85.92,17.5
8/6/2024 1:45,15,15,603,0.0,0.000,0,0,229,1.79,5.83,17.7,0.998,86.07,1.5,0.2,0.0,17.5,0.2,12.0,100,8055,85.91,17.5
8/6/2024 2:00,15,15,612,0.0,0.000,0,0,260,1.46,4.59,17.8,0.995,86.08,1.6,0.2,0.0,17.6,0.0,0.0,100,8051,85.92,17.6
8/6/2024 2:15,15,15,606,0.0,0.017,0,0,216,1.38,3.64,17.8,0.999,86.08,1.5,0.1,1.0,17.6,0.0,0.0,100,8052,85.90,17.6
8/6/2024 2:30,15,15,602,0.0,0.034,0,0,266,1.64,4.00,17.8,0.998,86.06,1.6,0.2,1.0,17.6,0.0,0.0,100,8049,85.89,17.6
8/6/2024 2:45,15,15,601,0.0,0.000,0,0,315,1.35,5.04,17.7,1.000,86.07,1.5,0.1,0.0,17.6,0.0,0.0,100,8051,85.90,17.6
8/6/2024 3:00,15,15,610,0.0,0.034,0,0,268,1.42,3.88,17.7,1.000,86.07,1.5,0.2,1.0,17.5,0.0,0.0,100,8048,85.90,17.6
8/6/2024 3:15,15,15,632,0.0,0.187,0,0,230,1.44,4.51,17.7,0.999,86.06,1.6,0.2,2.0,17.5,0.0,0.0,100,8046,85.89,17.6
8/6/2024 3:30,15,15,602,0.0,0.017,0,0,250,1.43,3.36,17.7,0.997,86.06,1.5,0.2,1.0,17.5,0.2,12.0,100,8045,85.89,17.6
8/6/2024 3:45,15,15,602,0.0,0.017,0,0,265,1.53,4.17,17.7,0.998,86.04,1.6,0.2,1.0,17.5,0.0,0.0,100,8045,85.88,17.6
8/6/2024 4:00,15,15,596,0.0,0.000,0,0,269,1.29,5.52,17.8,0.999,86.04,1.5,0.1,0.0,17.6,0.0,0.0,100,8044,85.87,17.6
8/6/2024 4:15,15,15,618,0.0,0.017,0,0,283,1.60,5.03,17.8,0.998,86.04,1.5,0.1,1.0,17.6,0.0,0.0,100,8044,85.87,17.6
8/6/2024 4:30,15,15,605,0.0,0.000,0,0,240,1.35,3.45,17.8,0.997,86.04,1.5,0.2,0.0,17.6,0.0,0.0,100,8042,85.88,17.7
8/6/2024 4:45,15,15,608,0.0,0.000,0,0,240,1.37,3.97,17.7,1.000,86.05,1.5,0.2,0.0,17.6,0.2,12.0,100,8040,85.88,17.6
8/6/2024 5:00,15,15,602,0.0,0.034,0,0,233,1.62,4.81,17.7,1.000,86.07,1.6,0.1,1.0,17.6,0.0,0.0,100,8041,85.91,17.6
8/6/2024 5:15,15,15,599,0.0,0.000,0,0,227,1.51,4.64,17.6,1.000,86.09,1.5,0.1,0.0,17.5,0.0,0.0,100,8037,85.92,17.5
8/6/2024 5:30,15,15,606,0.1,0.000,0,0,202,1.50,4.58,17.4,1.000,86.10,1.5,0.2,0.0,17.4,0.0,0.0,100,8039,85.93,17.4
8/6/2024 5:45,15,15,615,4.1,0.017,0,0,230,1.49,6.32,17.0,1.002,86.08,1.5,0.2,1.0,17.1,0.0,0.0,100,8033,85.92,17.1
8/6/2024 6:00,15,15,616,11.7,0.000,0,0,243,1.37,3.70,16.8,1.001,86.11,1.5,0.2,0.0,16.8,0.0,0.0,100,8036,85.94,16.8
8/6/2024 6:15,15,15,611,19.3,0.000,0,0,259,1.42,5.31,16.8,0.999,86.13,1.5,0.2,0.0,16.7,0.0,0.0,100,8026,85.96,16.9
8/6/2024 6:30,15,15,602,33.1,0.000,0,0,223,1.19,3.67,16.8,1.001,86.11,1.5,0.2,0.0,16.8,0.0,0.0,100,8030,85.95,16.8
8/6/2024 6:45,15,15,588,47.5,0.000,0,0,237,1.30,3.45,16.7,1.000,86.10,1.5,0.2,0.0,16.8,0.0,0.0,100,8027,85.94,16.8
8/6/2024 7:00,15,15,563,76.6,0.000,0,0,225,1.47,3.64,17.0,0.998,86.09,1.5,0.2,0.0,17.0,0.0,0.0,100,8025,85.93,17.0
8/6/2024 7:15,15,15,671,78.7,0.034,0,0,238,1.98,5.85,17.5,1.000,86.10,1.6,0.3,1.0,17.5,0.0,0.0,100,8024,85.94,17.5
8/6/2024 7:30,15,15,585,109.5,0.068,0,0,247,1.54,5.03,17.7,1.000,86.13,1.5,0.2,2.0,17.9,0.2,12.0,100,8020,85.97,17.8
8/6/2024 7:45,15,15,574,83.7,0.000,0,0,203,1.43,3.91,17.8,1.002,86.17,1.6,0.2,0.0,18.1,0.0,0.0,100,8023,86.01,18.1
8/6/2024 8:00,15,15,564,46.2,0.000,0,0,234,1.26,5.19,17.9,1.000,86.18,1.6,0.2,0.0,18.1,0.0,0.0,100,8020,86.01,18.1
8/6/2024 8:15,15,15,532,112.7,0.000,0,0,249,1.45,4.61,17.9,1.001,86.15,1.6,0.3,0.0,18.1,0.0,0.0,100,8023,85.98,18.2
8/6/2024 8:30,15,15,522,132.2,0.000,0,0,212,1.38,4.50,18.1,1.000,86.14,1.6,0.2,0.0,18.6,0.0,0.0,100,8020,85.98,18.6
8/6/2024 8:45,15,15,460,229.0,0.000,0,0,255,1.53,4.10,18.1,0.999,86.15,1.5,0.1,0.0,18.9,0.0,0.0,100,8024,86.00,19.1
8/6/2024 9:00,15,14,468,131.9,0.000,0,0,200,1.51,5.83,18.3,1.000,86.19,1.6,0.1,0.0,19.2,0.0,0.0,100,8025,86.03,19.6
8/6/2024 9:15,15,15,654,173.3,0.000,0,0,181,1.48,4.81,18.5,0.999,86.23,1.5,0.2,0.0,19.3,0.0,0.0,100,8024,86.07,19.7
8/6/2024 9:30,15,15,646,173.3,0.085,0,0,201,1.58,4.60,18.7,1.001,86.25,1.5,0.2,1.0,19.4,0.0,0.0,100,8029,86.09,19.7
8/6/2024 9:45,15,15,613,141.0,0.068,0,0,211,1.58,4.61,18.7,0.995,86.24,1.6,0.2,1.0,19.3,0.0,0.0,100,8027,86.09,19.6
8/6/2024 10:00,15,15,592,253.9,0.034,0,0,228,1.15,3.54,18.8,1.002,86.23,1.7,0.2,1.0,19.4,0.0,0.0,100,8031,86.08,19.7
8/6/2024 10:15,15,15,539,246.3,0.000,0,0,212,1.78,4.87,19.0,1.004,86.22,1.6,0.1,0.0,20.0,0.0,0.0,100,8034,86.07,20.3
8/6/2024 10:30,15,15,519,136.4,0.000,0,0,217,1.57,3.58,18.7,1.001,86.24,1.6,0.2,0.0,19.7,0.0,0.0,100,8036,86.07,20.2
8/6/2024 10:45,15,15,614,132.5,0.017,0,0,201,1.29,4.23,18.6,0.999,86.25,1.6,0.1,1.0,19.3,0.0,0.0,100,8034,86.09,19.9
8/6/2024 11:00,15,15,657,108.7,0.289,0,0,191,1.17,4.04,18.7,0.998,86.26,1.6,0.2,2.0,19.2,0.0,0.0,100,8030,86.09,19.8
8/6/2024 11:15,15,15,652,117.0,0.749,0,0,219,1.46,4.10,18.6,0.999,86.24,1.5,0.2,4.1,19.1,0.0,0.0,100,8033,86.08,19.6
8/6/2024 11:30,15,15,699,90.2,1.123,0,0,227,1.41,4.72,18.3,1.000,86.21,1.6,0.3,7.1,18.8,0.2,12.0,100,8030,86.05,19.2
8/6/2024 11:45,15,15,653,115.9,0.766,0,0,219,1.07,3.92,18.2,1.001,86.21,1.5,0.2,5.1,18.6,0.0,0.0,100,8029,86.05,18.9
8/6/2024 12:00,15,15,651,92.4,0.749,0,0,218,0.87,2.30,18.2,0.998,86.21,1.5,0.2,5.1,18.5,0.0,0.0,100,8027,86.05,18.9
8/6/2024 12:15,15,15,594,149.3,0.051,0,0,245,1.16,4.15,18.1,1.000,86.21,1.6,0.1,1.0,18.5,0.0,0.0,100,8029,86.05,18.8
8/6/2024 12:30,15,15,558,214.1,0.000,0,0,239,1.24,4.42,18.1,0.997,86.19,1.6,0.2,0.0,18.7,0.0,0.0,100,8033,86.03,18.9
8/6/2024 12:45,15,15,509,233.6,0.000,0,0,200,1.05,3.30,18.7,1.003,86.14,1.6,0.2,0.0,19.2,0.0,0.0,100,8034,85.99,19.5
8/6/2024 13:00,15,15,496,215.8,0.000,0,0,195,0.92,2.70,18.9,0.999,86.14,1.6,0.2,0.0,19.7,0.0,0.0,100,8037,85.98,20.1
8/6/2024 13:15,15,6,456,300.1,0.000,0,0,208,1.05,2.62,19.1,0.996,86.13,1.6,0.2,0.0,20.0,0.0,0.0,100,8042,85.97,20.7
8/6/2024 13:30,15,0,455,343.0,0.000,0,0,189,1.04,2.71,19.7,0.987,86.11,1.5,0.2,0.0,20.7,0.0,0.0,100,8047,85.95,21.7
8/6/2024 13:45,15,0,456,325.0,0.000,0,0,184,1.13,3.91,20.0,1.003,86.09,1.6,0.1,0.0,21.4,0.0,0.0,100,8050,85.92,22.6
8/6/2024 14:00,15,0,455,334.0,0.000,0,0,201,1.28,3.63,20.1,0.995,86.06,1.6,0.1,0.0,21.8,0.0,0.0,100,8059,85.90,23.1
8/6/2024 14:15,15,0,455,286.3,0.000,0,0,188,1.23,2.82,20.5,0.996,86.04,1.6,0.1,0.0,22.1,0.0,0.0,100,8058,85.88,23.6
8/6/2024 14:30,15,0,454,275.8,0.000,0,0,171,0.93,3.09,20.5,1.001,86.02,1.6,0.2,0.0,22.3,0.0,0.0,100,8062,85.86,24.0
8/6/2024 14:45,15,0,455,234.0,0.000,0,0,182,1.05,2.58,20.4,1.005,86.02,1.6,0.1,0.0,22.4,0.0,0.0,100,8061,85.85,24.0
8/6/2024 15:00,15,0,456,186.5,0.000,0,0,174,1.30,3.34,20.3,1.000,86.00,1.5,0.2,0.0,22.0,0.0,0.0,100,8061,85.83,23.7
8/6/2024 15:15,15,0,457,149.1,0.000,0,0,169,1.70,3.82,20.2,1.000,86.01,1.5,0.2,0.0,21.4,0.0,0.0,100,8058,85.84,22.9
8/6/2024 15:30,15,6,458,87.5,0.000,0,0,201,1.35,2.74,20.2,1.000,86.03,1.5,0.2,0.0,21.1,0.0,0.0,100,8056,85.86,22.5
8/6/2024 15:45,15,0,458,73.6,0.000,0,0,211,1.09,3.12,19.5,1.000,86.05,1.6,0.1,0.0,20.6,0.0,0.0,100,8054,85.88,21.9
8/6/2024 16:00,15,8,501,46.7,0.000,0,0,184,1.02,2.22,19.2,0.999,86.05,1.6,0.2,0.0,20.1,0.0,0.0,100,8050,85.88,21.2
8/6/2024 16:15,15,15,583,33.1,0.017,0,0,198,0.84,2.33,18.9,1.001,86.07,1.5,0.2,1.0,19.6,0.0,0.0,100,8048,85.90,20.5
8/6/2024 16:30,15,15,790,19.9,0.357,0,0,180,0.76,1.96,18.7,1.001,86.10,1.5,0.2,5.1,19.2,0.0,0.0,100,8047,85.93,19.9
8/6/2024 16:45,15,15,638,24.9,0.221,0,0,186,0.98,2.81,18.6,1.002,86.11,1.5,0.2,3.1,18.9,0.0,0.0,100,8045,85.94,19.4
8/6/2024 17:00,15,15,622,37.9,0.000,0,0,165,1.17,2.94,18.4,1.000,86.07,1.5,0.1,0.0,18.7,0.0,0.0,100,8043,85.90,19.1
8/6/2024 17:15,15,15,584,30.9,0.000,0,0,169,1.85,3.93,18.7,0.993,86.05,1.5,0.2,0.0,18.5,0.0,0.0,100,8041,85.88,18.8
8/6/2024 17:30,15,15,531,20.7,0.000,0,0,159,2.39,4.06,19.1,0.966,86.05,1.5,0.2,0.0,18.4,0.0,0.0,100,8037,85.88,18.6
8/6/2024 17:45,15,15,527,10.1,0.000,0,0,152,1.01,2.96,18.8,0.972,86.09,1.5,0.2,0.0,18.2,0.0,0.0,100,8036,85.93,18.5
8/6/2024 18:00,15,15,540,1.9,0.000,0,0,164,0.52,1.01,18.1,0.998,86.13,1.6,0.1,0.0,17.9,0.0,0.0,100,8038,85.96,18.2
8/6/2024 18:15,15,15,543,0.0,0.000,0,0,148,0.49,1.10,17.9,0.993,86.16,1.6,0.2,0.0,17.6,0.0,0.0,100,8034,86.00,17.9
8/6/2024 18:30,15,15,543,0.0,0.000,0,0,170,1.02,1.79,17.9,0.991,86.17,1.5,0.2,0.0,17.6,0.0,0.0,100,8036,86.00,17.8
8/6/2024 18:45,15,15,558,0.0,0.000,0,0,176,1.03,1.89,17.9,0.997,86.17,1.5,0.2,0.0,17.6,0.0,0.0,100,8033,86.01,17.8
8/6/2024 19:00,15,15,570,0.0,0.000,0,0,186,0.93,1.63,17.9,0.999,86.21,1.5,0.2,0.0,17.7,0.0,0.0,100,8033,86.04,17.8
8/6/2024 19:15,15,15,574,0.0,0.000,0,0,181,1.04,1.87,17.9,0.999,86.23,1.5,0.2,0.0,17.7,0.0,0.0,100,8029,86.06,17.7
8/6/2024 19:30,15,15,580,0.0,0.000,0,0,175,0.99,1.39,17.8,0.999,86.22,1.6,0.2,0.0,17.6,0.0,0.0,100,8031,86.06,17.6
8/6/2024 19:45,15,15,587,0.0,0.000,0,0,179,0.86,1.31,17.6,0.999,86.22,1.5,0.2,0.0,17.5,0.0,0.0,100,8029,86.05,17.4
8/6/2024 20:00,15,15,592,0.0,0.000,0,0,176,0.93,1.67,17.5,0.998,86.22,1.6,0.2,0.0,17.3,0.0,0.0,100,8025,86.05,17.2
8/6/2024 20:15,15,15,596,0.0,0.017,0,0,179,0.97,1.68,17.5,0.988,86.22,1.5,0.2,1.0,17.1,0.0,0.0,100,8024,86.06,17.1
8/6/2024 20:30,15,15,600,0.0,0.000,0,0,186,0.71,1.60,17.4,0.991,86.23,1.6,0.2,0.0,17.1,0.0,0.0,100,8026,86.07,17.0
8/6/2024 20:45,15,15,603,0.0,0.000,0,0,183,0.89,1.85,17.3,0.990,86.24,1.5,0.2,0.0,17.0,0.0,0.0,100,8023,86.08,16.9
8/6/2024 21:00,15,15,607,0.0,0.017,0,0,193,0.84,3.25,17.4,0.989,86.23,1.6,0.2,1.0,17.0,0.0,0.0,100,8021,86.06,16.9
8/6/2024 21:15,15,15,611,0.0,0.000,0,0,196,0.92,2.72,17.4,0.985,86.22,1.6,0.2,0.0,17.0,0.0,0.0,100,8020,86.06,16.9
8/6/2024 21:30,15,15,609,0.0,0.000,0,0,177,0.93,2.06,17.6,0.985,86.24,1.6,0.1,0.0,17.1,0.0,0.0,100,8020,86.07,17.0
8/6/2024 21:45,15,15,610,0.0,0.000,0,0,187,0.95,2.47,17.6,0.991,86.23,1.6,0.2,0.0,17.3,0.0,0.0,100,8019,86.06,17.2
8/6/2024 22:00,15,15,611,0.0,0.000,0,0,214,0.95,2.70,17.7,0.994,86.23,1.6,0.2,0.0,17.4,0.0,0.0,100,8017,86.06,17.3
8/6/2024 22:15,15,15,611,0.0,0.000,0,0,211,0.99,2.47,17.7,0.997,86.21,1.6,0.1,0.0,17.5,0.0,0.0,100,8018,86.04,17.4
8/6/2024 22:30,15,15,613,0.0,0.017,0,0,195,0.80,1.70,17.7,1.000,86.20,1.5,0.2,1.0,17.5,0.0,0.0,100,8016,86.03,17.5
8/6/2024 22:45,15,15,613,0.0,0.000,0,0,209,0.82,2.47,17.8,0.997,86.19,1.6,0.2,0.0,17.6,0.0,0.0,100,8016,86.02,17.5
8/6/2024 23:00,15,15,636,0.0,0.034,0,0,177,0.88,2.66,17.8,0.998,86.17,1.5,0.2,1.0,17.6,0.0,0.0,100,8015,86.00,17.6
8/6/2024 23:15,15,15,633,0.0,0.000,0,0,184,0.85,2.34,17.8,0.999,86.15,1.5,0.2,0.0,17.6,0.0,0.0,100,8014,85.98,17.6
8/6/2024 23:30,15,15,636,0.0,0.017,0,0,200,1.00,2.40,17.9,0.995,86.12,1.5,0.2,1.0,17.6,0.0,0.0,100,8014,85.96,17.6
8/6/2024 23:45,15,15,610,0.0,0.017,0,0,225,1.05,2.43,17.9,0.997,86.11,1.5,0.2,1.0,17.7,0.0,0.0,100,8013,85.94,17.7
8/7/2024 0:00,15,15,609,0.0,0.000,0,0,217,1.00,2.20,17.9,0.998,86.09,1.6,0.2,0.0,17.7,0.0,0.0,100,8011,85.92,17.7
8/7/2024 0:15,15,15,651,0.0,0.068,0,0,175,0.89,2.56,17.9,0.997,86.07,1.5,0.2,1.0,17.7,0.0,0.0,100,7987,85.90,17.9
8/7/2024 0:30,15,15,625,0.0,0.051,0,0,183,0.83,1.74,17.9,0.977,86.04,1.5,0.2,1.0,17.7,0.0,0.0,100,7995,85.88,17.9
8/7/2024 0:45,15,15,609,0.0,0.000,0,0,184,0.86,2.45,17.9,1.000,86.03,1.5,0.2,0.0,17.8,0.0,0.0,100,7995,85.86,17.8
8/7/2024 1:00,15,15,605,0.0,0.017,0,0,191,0.92,1.87,17.9,1.001,86.01,1.6,0.2,1.0,17.8,0.0,0.0,100,7993,85.84,17.8
8/7/2024 1:15,15,15,637,0.0,0.068,0,0,195,0.99,2.27,18.0,0.999,86.01,1.5,0.2,1.0,17.8,0.0,0.0,100,7995,85.84,17.8
8/7/2024 1:30,15,15,613,0.0,0.017,0,0,192,0.89,2.59,18.0,0.997,86.01,1.6,0.2,1.0,17.8,0.0,0.0,100,7995,85.84,17.8
8/7/2024 1:45,15,15,633,0.0,0.068,0,0,205,0.89,3.38,18.0,0.998,86.00,1.6,0.2,1.0,17.8,0.2,12.0,100,7994,85.83,17.8
8/7/2024 2:00,15,15,635,0.0,0.034,0,0,183,1.05,3.95,18.2,0.994,86.00,1.5,0.2,1.0,17.9,0.0,0.0,100,7994,85.83,17.9
8/7/2024 2:15,15,15,618,0.0,0.017,0,0,187,0.92,2.52,18.2,0.996,85.97,1.6,0.2,1.0,18.0,0.0,0.0,100,7990,85.81,17.9
8/7/2024 2:30,15,15,648,0.0,0.017,0,0,185,0.96,1.90,18.2,0.997,85.98,1.5,0.2,1.0,18.0,0.0,0.0,100,7990,85.81,18.0
8/7/2024 2:45,15,15,699,0.0,0.153,0,0,180,0.94,3.36,18.3,0.996,85.98,1.5,0.2,2.0,18.1,0.0,0.0,100,7989,85.81,18.0
8/7/2024 3:00,15,15,653,0.0,0.221,0,0,205,0.89,3.12,18.2,1.000,85.96,1.6,0.1,2.0,18.0,0.2,12.0,100,7990,85.79,18.0
8/7/2024 3:15,15,15,764,0.0,0.409,0,0,185,0.87,2.87,18.2,0.998,85.93,1.6,0.2,4.1,18.0,0.0,0.0,100,7988,85.76,18.0
8/7/2024 3:30,15,15,674,0.0,0.153,0,0,201,0.84,2.40,18.2,0.999,85.93,1.6,0.2,2.0,18.0,0.2,12.0,100,7986,85.76,18.0
8/7/2024 3:45,15,15,666,0.0,0.068,0,0,182,0.98,3.22,18.2,1.000,85.92,1.6,0.2,1.0,18.0,0.0,0.0,100,7987,85.75,18.0
8/7/2024 4:00,15,15,666,0.0,0.017,0,0,207,1.02,2.52,18.1,1.001,85.92,1.5,0.2,1.0,18.0,0.0,0.0,100,7986,85.76,18.0
8/7/2024 4:15,15,15,664,0.0,0.017,0,0,205,1.16,4.51,18.1,0.998,85.93,1.6,0.2,1.0,17.9,0.0,0.0,100,7985,85.76,18.0
8/7/2024 4:30,15,15,692,0.0,0.170,0,0,215,1.28,3.17,18.1,1.000,85.95,1.5,0.1,2.0,17.9,0.2,12.0,100,7984,85.78,17.9
8/7/2024 4:45,15,15,671,0.0,0.051,0,0,198,1.22,3.63,18.0,1.001,85.96,1.6,0.2,1.0,17.9,0.0,0.0,100,7984,85.79,17.9
8/7/2024 5:00,15,15,679,0.0,0.153,0,0,189,1.03,3.21,18.0,1.000,85.96,1.6,0.1,1.0,17.9,0.0,0.0,100,7984,85.79,17.9
8/7/2024 5:15,15,15,665,0.0,0.068,0,0,222,1.16,3.53,18.1,0.997,85.94,1.5,0.2,1.0,17.9,0.2,12.0,100,7982,85.77,17.9
8/7/2024 5:30,15,15,796,0.0,0.170,0,0,192,1.22,3.50,18.2,0.996,85.94,1.6,0.2,2.0,18.0,0.0,0.0,100,7980,85.78,18.0
8/7/2024 5:45,15,15,660,5.5,0.681,0,0,195,1.12,2.91,18.2,0.998,85.96,1.5,0.2,7.1,18.0,0.4,12.0,100,7979,85.80,18.0
8/7/2024 6:00,15,15,702,11.5,0.698,0,0,233,1.38,3.95,18.2,1.000,85.96,1.6,0.2,9.2,18.0,0.2,12.0,100,7979,85.80,18.1
8/7/2024 6:15,15,15,638,20.5,0.017,0,0,208,1.27,3.89,18.1,1.001,85.96,1.6,0.2,1.0,18.0,0.2,12.0,100,7976,85.80,18.1
8/7/2024 6:30,15,15,638,25.2,0.000,0,0,199,1.12,3.47,18.1,0.999,85.99,1.6,0.1,0.0,18.0,0.0,0.0,100,7977,85.82,18.1
8/7/2024 6:45,15,15,635,22.3,0.017,0,0,204,1.09,3.81,18.1,0.999,85.99,1.6,0.2,1.0,18.1,0.0,0.0,100,7975,85.83,18.1
8/7/2024 7:00,15,15,675,25.3,0.017,0,0,223,1.05,4.09,18.0,1.001,86.00,1.6,0.2,1.0,18.1,0.0,0.0,100,7973,85.84,18.1
8/7/2024 7:15,15,15,679,27.0,0.221,0,0,201,1.23,5.32,18.2,1.001,86.01,1.5,0.2,2.0,18.1,0.0,0.0,100,7975,85.85,18.1
8/7/2024 7:30,15,15,680,84.5,0.698,0,0,189,1.20,3.54,18.3,1.001,86.03,1.5,0.2,9.2,18.3,0.2,12.0,100,7973,85.86,18.3
8/7/2024 7:45,15,15,650,110.3,0.017,0,0,200,0.99,3.39,18.4,0.998,86.05,1.6,0.2,1.0,18.7,0.0,0.0,100,7973,85.89,18.7
8/7/2024 8:00,15,15,619,104.8,0.017,0,0,181,1.28,3.22,18.5,1.000,86.07,1.6,0.1,1.0,18.9,0.2,12.0,100,7974,85.91,18.9
8/7/2024 8:15,15,15,648,130.8,0.085,0,0,184,1.05,3.88,18.5,0.999,86.10,1.6,0.2,2.0,19.1,0.0,0.0,100,7972,85.94,19.1
8/7/2024 8:30,15,15,565,236.9,0.051,0,0,196,1.14,2.71,18.5,1.002,86.10,1.6,0.1,1.0,19.5,0.0,0.0,100,7975,85.94,19.5
8/7/2024 8:45,15,15,519,209.1,0.000,0,0,196,1.30,3.42,18.7,1.000,86.11,1.5,0.1,0.0,19.8,0.0,0.0,100,7975,85.95,20.0
8/7/2024 9:00,15,12,460,234.3,0.000,0,0,177,1.43,3.39,18.8,0.997,86.12,1.6,0.1,0.0,20.1,0.0,0.0,100,7979,85.96,20.5
8/7/2024 9:15,15,1,458,201.3,0.000,0,0,179,1.23,2.71,18.8,1.002,86.12,1.6,0.2,0.0,20.2,0.0,0.0,100,7979,85.96,20.9
8/7/2024 9:30,15,0,456,281.7,0.000,0,0,173,1.55,3.63,18.7,1.008,86.13,1.6,0.2,0.0,20.5,0.0,0.0,100,7982,85.97,21.5
8/7/2024 9:45,15,0,455,306.4,0.000,0,0,165,1.37,2.57,19.5,0.999,86.13,1.5,0.2,0.0,20.8,0.0,0.0,100,7988,85.97,22.1
8/7/2024 10:00,15,0,454,342.1,0.000,0,0,185,1.01,1.83,20.1,1.003,86.13,1.6,0.1,0.0,21.7,0.0,0.0,100,7995,85.97,23.3
8/7/2024 10:15,15,10,743,171.8,0.477,0,0,176,1.09,2.68,20.2,0.999,86.13,1.6,0.2,7.1,22.0,0.0,0.0,100,7994,85.97,23.7
8/7/2024 10:30,15,15,753,97.1,1.226,0,0,183,0.88,2.45,19.5,1.005,86.13,1.6,0.1,9.2,21.1,0.0,0.0,100,7990,85.96,22.1
8/7/2024 10:45,15,15,678,121.8,0.885,0,0,178,0.92,2.62,19.0,1.004,86.12,1.5,0.2,7.1,20.1,0.0,0.0,100,7991,85.95,21.0
8/7/2024 11:00,15,15,608,177.2,0.272,0,0,174,0.93,1.94,19.1,1.002,86.10,1.5,0.2,3.1,20.0,0.0,0.0,100,7994,85.93,20.7
8/7/2024 11:15,15,15,758,230.9,0.238,0,0,177,0.93,2.90,19.2,1.001,86.08,1.6,0.2,4.1,20.3,0.0,0.0,100,7995,85.92,20.8
8/7/2024 11:30,15,15,628,248.1,0.272,0,0,184,0.93,2.43,19.1,1.001,86.05,1.5,0.2,4.1,20.5,0.2,12.0,100,8001,85.89,21.0
8/7/2024 11:45,15,15,639,196.9,0.051,0,0,198,1.09,2.56,19.0,0.991,86.04,1.5,0.1,2.0,20.4,0.0,0.0,100,8001,85.88,20.9
8/7/2024 12:00,15,15,664,153.1,0.170,0,0,205,0.96,2.52,18.8,0.997,86.03,1.6,0.2,3.1,20.1,0.0,0.0,100,8001,85.86,20.6
8/7/2024 12:15,15,15,611,145.8,0.255,0,0,214,0.94,3.27,18.7,0.999,86.00,1.5,0.2,4.1,19.7,0.0,0.0,100,8002,85.84,20.2
8/7/2024 12:30,15,15,563,220.7,0.000,0,0,201,1.12,2.88,18.7,1.001,85.98,1.5,0.2,0.0,19.8,0.0,0.0,100,8003,85.82,20.2
8/7/2024 12:45,15,15,522,214.5,0.000,0,0,202,0.90,2.34,18.8,0.994,85.99,1.5,0.2,0.0,20.0,0.0,0.0,100,8005,85.83,20.5
8/7/2024 13:00,15,15,674,112.4,0.340,0,0,178,1.10,3.55,18.9,1.004,86.00,1.6,0.2,4.1,19.8,0.0,0.0,100,8004,85.83,20.4
8/7/2024 13:15,15,15,651,121.9,0.119,0,0,193,1.04,3.27,18.7,1.002,85.97,1.6,0.2,2.0,19.6,0.0,0.0,100,8005,85.80,20.0
8/7/2024 13:30,15,15,650,112.3,0.255,0,0,192,0.95,3.45,18.5,1.002,85.92,1.5,0.2,5.1,19.4,0.2,12.0,100,8002,85.75,19.7
8/7/2024 13:45,15,15,600,130.3,0.000,0,0,248,1.13,3.34,18.1,1.004,85.90,1.6,0.2,0.0,19.1,0.0,0.0,100,8003,85.73,19.4
8/7/2024 14:00,15,15,601,101.7,0.000,0,0,214,1.20,3.74,18.2,0.998,85.88,1.6,0.2,0.0,18.8,0.0,0.0,100,8002,85.71,19.2
8/7/2024 14:15,15,15,716,73.2,0.187,0,0,213,1.17,3.35,18.2,1.000,85.88,1.5,0.2,4.1,18.7,0.0,0.0,100,8002,85.71,19.0
8/7/2024 14:30,15,15,644,59.5,0.187,0,0,210,1.21,3.58,18.2,1.001,85.87,1.6,0.2,4.1,18.5,0.2,12.0,100,7997,85.71,18.8
8/7/2024 14:45,15,15,616,66.0,0.000,0,0,231,0.90,2.84,18.1,0.998,85.86,1.6,0.2,0.0,18.4,0.0,0.0,100,7997,85.70,18.7
8/7/2024 15:00,15,15,628,73.1,0.034,0,0,209,1.11,2.80,18.1,1.001,85.86,1.6,0.2,1.0,18.4,0.0,0.0,100,7995,85.70,18.6
8/7/2024 15:15,15,15,584,90.1,0.000,0,0,200,1.23,3.37,18.1,0.998,85.86,1.6,0.2,0.0,18.4,0.0,0.0,100,7995,85.70,18.6
8/7/2024 15:30,15,15,561,97.9,0.000,0,0,209,0.94,2.73,18.2,1.001,85.85,1.5,0.2,0.0,18.5,0.0,0.0,100,7992,85.69,18.6
8/7/2024 15:45,15,15,533,85.1,0.000,0,0,218,0.97,3.02,18.2,1.000,85.85,1.6,0.2,0.0,18.5,0.0,0.0,100,7991,85.68,18.7
8/7/2024 16:00,15,15,499,79.1,0.000,0,0,182,0.88,1.97,18.1,1.000,85.85,1.6,0.2,0.0,18.3,0.0,0.0,100,7991,85.69,18.6
8/7/2024 16:15,15,15,465,81.4,0.000,0,0,174,0.82,2.18,17.9,1.002,85.86,1.5,0.1,0.0,18.2,0.0,0.0,100,7991,85.70,18.5
8/7/2024 16:30,15,15,462,74.7,0.000,0,0,198,0.90,2.37,17.7,1.000,85.88,1.5,0.2,0.0,18.0,0.0,0.0,100,7990,85.71,18.5
8/7/2024 16:45,15,15,468,58.6,0.000,0,0,183,0.93,2.70,17.6,1.000,85.89,1.5,0.2,0.0,17.9,0.0,0.0,100,7988,85.72,18.3
8/7/2024 17:00,15,15,464,46.1,0.000,0,0,215,0.98,2.28,17.4,1.000,85.89,1.6,0.2,0.0,17.6,0.0,0.0,100,7987,85.73,18.1
8/7/2024 17:15,15,15,464,29.1,0.000,0,0,231,0.99,2.53,17.3,1.000,85.90,1.5,0.2,0.0,17.4,0.0,0.0,100,7985,85.73,17.9
8/7/2024 17:30,15,15,476,14.8,0.000,0,0,228,1.00,2.70,17.3,1.001,85.90,1.6,0.2,0.0,17.3,0.0,0.0,100,7985,85.74,17.7
8/7/2024 17:45,15,15,528,6.5,0.000,0,0,210,1.02,3.53,17.3,1.000,85.90,1.5,0.2,0.0,17.3,0.0,0.0,100,7982,85.74,17.5
8/7/2024 18:00,15,15,675,1.9,0.068,0,0,208,1.18,2.75,17.3,1.000,85.92,1.6,0.1,1.0,17.2,0.0,0.0,100,7982,85.75,17.4
8/7/2024 18:15,15,15,590,0.0,0.034,0,0,222,1.25,5.20,17.3,1.000,85.94,1.5,0.2,1.0,17.2,0.0,0.0,100,7984,85.78,17.3
8/7/2024 18:30,15,15,649,0.0,0.102,0,0,207,1.17,4.64,17.3,1.000,85.96,1.6,0.2,1.0,17.1,0.0,0.0,100,7979,85.79,17.3
8/7/2024 18:45,15,15,671,0.0,0.136,0,0,179,0.95,2.98,17.4,0.997,85.97,1.6,0.2,1.0,17.2,0.0,0.0,100,7979,85.81,17.3
8/7/2024 19:00,15,15,709,0.0,0.255,0,0,199,1.11,3.48,17.4,0.999,85.98,1.5,0.2,2.0,17.2,0.2,12.0,100,7979,85.82,17.3
8/7/2024 19:15,15,15,702,0.0,0.170,0,0,183,1.09,3.31,17.5,0.997,85.99,1.5,0.2,2.0,17.3,0.0,0.0,100,7980,85.83,17.3
8/7/2024 19:30,15,15,669,0.0,0.153,0,0,198,0.95,2.39,17.5,0.999,86.01,1.6,0.2,1.0,17.3,0.2,12.0,100,7977,85.84,17.3
8/7/2024 19:45,15,15,653,0.0,0.102,0,0,189,0.99,2.57,17.5,0.997,86.01,1.5,0.1,1.0,17.3,0.0,0.0,100,7978,85.85,17.3
8/7/2024 20:00,15,15,651,0.0,0.034,0,0,192,0.98,2.57,17.5,0.996,86.02,1.5,0.2,1.0,17.3,0.2,12.0,100,7976,85.86,17.3
8/7/2024 20:15,15,15,628,0.0,0.017,0,0,201,1.06,2.77,17.5,1.000,86.03,1.6,0.2,1.0,17.3,0.0,0.0,100,7974,85.86,17.3
8/7/2024 20:30,15,15,619,0.0,0.000,0,0,212,1.04,2.72,17.5,0.999,86.03,1.5,0.2,0.0,17.3,0.0,0.0,100,7971,85.87,17.3
8/7/2024 20:45,15,15,624,0.0,0.017,0,0,201,0.67,1.39,17.4,1.002,86.04,1.6,0.2,1.0,17.2,0.0,0.0,100,7972,85.87,17.3
8/7/2024 21:00,15,15,620,0.0,0.000,0,0,167,1.12,1.89,17.4,0.999,86.05,1.5,0.2,0.0,17.2,0.0,0.0,100,7970,85.88,17.2
8/7/2024 21:15,15,15,627,0.0,0.017,0,0,177,0.64,1.02,17.4,0.997,86.06,1.5,0.2,1.0,17.2,0.2,12.0,100,7971,85.89,17.2
8/7/2024 21:30,15,15,624,0.0,0.000,0,0,161,0.71,2.02,17.4,0.997,86.08,1.5,0.2,0.0,17.2,0.0,0.0,100,7969,85.92,17.1
8/7/2024 21:45,15,15,623,0.0,0.000,0,0,173,1.00,2.65,17.5,0.992,86.10,1.6,0.2,0.0,17.2,0.0,0.0,100,7966,85.93,17.1
8/7/2024 22:00,15,15,640,0.0,0.017,0,0,163,0.96,1.45,17.4,0.998,86.10,1.6,0.2,1.0,17.1,0.0,0.0,100,7965,85.93,17.1
8/7/2024 22:15,15,15,629,0.0,0.034,0,0,160,1.34,2.26,17.4,0.990,86.10,1.5,0.3,1.0,17.1,0.0,0.0,100,7966,85.94,17.1
8/7/2024 22:30,15,15,624,0.0,0.000,0,0,163,1.50,2.20,17.4,0.992,86.10,1.5,0.2,0.0,17.1,0.0,0.0,100,7967,85.93,17.1
8/7/2024 22:45,15,15,624,0.0,0.000,0,0,159,1.18,1.58,17.4,0.991,86.09,1.5,0.2,0.0,17.1,0.0,0.0,100,7966,85.93,17.0
8/7/2024 23:00,15,15,667,0.0,0.034,0,0,156,0.95,1.45,17.4,0.987,86.09,1.6,0.2,1.0,17.0,0.0,0.0,100,7965,85.93,17.0
8/7/2024 23:15,15,15,612,0.0,0.051,0,0,163,0.66,0.91,17.4,0.991,86.09,1.5,0.2,1.0,17.0,0.0,0.0,100,7962,85.92,17.0
8/7/2024 23:30,15,15,641,0.0,0.068,0,0,150,0.68,1.27,17.3,0.993,86.08,1.6,0.2,1.0,17.0,0.0,0.0,100,7965,85.91,17.0
8/7/2024 23:45,15,15,646,0.0,0.017,0,0,150,1.08,1.69,17.2,0.997,86.05,1.5,0.2,1.0,17.0,0.0,0.0,100,7961,85.88,16.9
8/8/2024 0:00,15,15,647,0.0,0.000,0,0,162,1.40,1.72,17.1,0.996,86.02,1.6,0.1,0.0,16.9,0.0,0.0,100,7962,85.85,16.8
8/8/2024 0:15,15,15,616,0.0,0.000,0,0,166,1.30,1.88,17.0,0.997,86.00,1.5,0.1,0.0,16.7,0.0,0.0,100,7941,85.83,16.8
8/8/2024 0:30,15,15,621,0.0,0.000,0,0,171,1.54,2.86,17.0,0.963,85.98,1.5,0.2,0.0,16.6,0.0,0.0,100,7946,85.81,16.6
8/8/2024 0:45,15,15,612,0.0,0.017,0,0,171,2.26,4.22,17.1,0.976,85.96,1.5,0.2,1.0,16.5,0.0,0.0,100,7946,85.79,16.4
8/8/2024 1:00,15,15,604,0.0,0.000,0,0,173,2.57,4.23,17.0,0.978,85.93,1.6,0.2,0.0,16.5,0.0,0.0,100,7945,85.76,16.4
8/8/2024 1:15,15,15,600,0.0,0.000,0,0,169,2.51,5.24,17.0,0.982,85.91,1.5,0.2,0.0,16.5,0.0,0.0,100,7947,85.74,16.5
8/8/2024 1:30,15,15,587,0.0,0.000,0,0,162,3.22,7.17,17.3,0.977,85.88,1.6,0.3,0.0,16.8,0.0,0.0,100,7945,85.72,16.7
8/8/2024 1:45,15,15,575,0.0,0.000,0,0,164,3.33,8.58,17.5,0.976,85.86,1.6,0.2,0.0,16.9,0.0,0.0,100,7946,85.70,16.8
8/8/2024 2:00,15,15,564,0.0,0.000,0,0,168,3.74,6.88,17.6,0.980,85.86,1.6,0.2,0.0,17.1,0.0,0.0,100,7945,85.69,16.9
8/8/2024 2:15,15,15,545,0.0,0.000,0,0,165,3.35,5.90,17.8,0.974,85.87,1.6,0.2,0.0,17.2,0.0,0.0,100,7944,85.70,17.0
8/8/2024 2:30,15,15,542,0.0,0.000,0,0,166,2.20,4.49,17.7,0.978,85.87,1.6,0.2,0.0,17.2,0.0,0.0,100,7943,85.71,17.0
8/8/2024 2:45,15,15,529,0.0,0.000,0,0,165,1.87,3.06,17.8,0.971,85.88,1.5,0.2,0.0,17.1,0.0,0.0,100,7944,85.71,17.0
8/8/2024 3:00,15,15,520,0.0,0.000,0,0,177,1.38,2.31,17.5,0.979,85.88,1.6,0.2,0.0,17.0,0.0,0.0,100,7941,85.71,16.9
8/8/2024 3:15,15,15,474,0.0,0.000,0,0,178,1.83,3.13,17.6,0.965,85.87,1.6,0.2,0.0,16.9,0.0,0.0,100,7942,85.71,16.8
8/8/2024 3:30,15,15,469,0.0,0.000,0,0,166,0.87,2.01,17.3,0.982,85.89,1.5,0.2,0.0,16.8,0.0,0.0,100,7942,85.73,16.7
8/8/2024 3:45,15,15,469,0.0,0.000,0,0,166,0.75,1.33,17.1,0.989,85.92,1.5,0.2,0.0,16.7,0.0,0.0,100,7938,85.75,16.7
8/8/2024 4:00,15,15,479,0.0,0.000,0,0,150,1.12,1.74,17.1,0.988,85.92,1.5,0.2,0.0,16.7,0.0,0.0,100,7940,85.75,16.7
8/8/2024 4:15,15,15,495,0.0,0.000,0,0,158,1.27,1.92,17.1,0.985,85.91,1.5,0.2,0.0,16.7,0.0,0.0,100,7938,85.75,16.6
8/8/2024 4:30,15,15,496,0.0,0.000,0,0,168,0.71,1.24,17.0,0.985,85.92,1.5,0.2,0.0,16.6,0.0,0.0,100,7937,85.76,16.6
8/8/2024 4:45,15,15,496,0.0,0.000,0,0,160,0.86,1.43,17.1,0.983,85.93,1.5,0.2,0.0,16.6,0.0,0.0,100,7937,85.76,16.5
8/8/2024 5:00,15,15,494,0.0,0.000,0,0,161,1.06,1.96,17.1,0.980,85.94,1.5,0.2,0.0,16.6,0.0,0.0,100,7934,85.78,16.5
8/8/2024 5:15,15,15,500,0.0,0.000,0,0,166,0.94,1.60,17.0,0.983,85.96,1.6,0.2,0.0,16.6,0.0,0.0,100,7934,85.79,16.5
8/8/2024 5:30,15,15,509,0.1,0.000,0,0,149,1.43,2.40,17.0,0.984,85.96,1.6,0.2,0.0,16.5,0.0,0.0,100,7937,85.79,16.4
8/8/2024 5:45,15,15,516,3.3,0.017,0,0,176,0.81,1.74,16.9,0.987,85.97,1.6,0.2,1.0,16.5,0.0,0.0,100,7938,85.80,16.4
8/8/2024 6:00,15,15,518,8.9,0.000,0,0,179,0.78,1.71,17.0,0.979,85.98,1.5,0.1,0.0,16.5,0.0,0.0,100,7932,85.81,16.4
8/8/2024 6:15,15,15,524,14.5,0.000,0,0,163,0.90,1.18,16.9,0.988,85.98,1.5,0.2,0.0,16.6,0.0,0.0,100,7934,85.82,16.4
8/8/2024 6:30,15,15,529,29.6,0.000,0,0,162,0.93,1.08,16.8,0.997,85.98,1.5,0.2,0.0,16.6,0.0,0.0,100,7929,85.82,16.5
8/8/2024 6:45,15,15,521,56.5,0.000,0,0,159,1.09,1.37,16.9,0.997,85.99,1.6,0.2,0.0,16.7,0.0,0.0,100,7930,85.82,16.6
8/8/2024 7:00,15,15,503,84.6,0.000,0,0,159,1.03,1.37,17.2,1.000,85.99,1.6,0.2,0.0,17.1,0.0,0.0,100,7930,85.83,17.0
8/8/2024 7:15,15,15,472,119.3,0.000,0,0,161,0.84,1.19,17.6,1.002,86.00,1.6,0.1,0.0,17.7,0.0,0.0,100,7930,85.84,17.7
8/8/2024 7:30,15,11,459,161.9,0.000,0,0,164,1.05,1.66,18.0,0.999,86.01,1.6,0.1,0.0,18.3,0.0,0.0,100,7927,85.85,18.4
8/8/2024 7:45,15,0,456,284.5,0.000,0,0,176,1.04,1.67,18.7,1.001,86.01,1.5,0.2,0.0,19.5,0.0,0.0,100,7928,85.85,19.9
8/8/2024 8:00,15,0,455,345.0,0.000,0,0,183,1.21,2.19,19.3,0.995,86.02,1.6,0.2,0.0,20.8,0.0,0.0,100,7928,85.86,21.8
8/8/2024 8:15,15,0,454,382.3,0.000,0,0,188,1.16,2.31,19.7,0.999,86.02,1.7,0.1,0.0,21.8,0.0,0.0,100,7929,85.87,23.5
8/8/2024 8:30,15,0,454,351.7,0.000,0,0,186,0.82,1.53,20.0,0.999,86.03,1.6,0.2,0.0,22.5,0.0,0.0,100,7933,85.87,24.2
8/8/2024 8:45,15,0,453,390.7,0.000,0,0,195,0.94,2.43,20.2,1.000,86.03,1.6,0.1,0.0,23.0,0.0,0.0,100,7936,85.87,24.8
8/8/2024 9:00,15,0,452,313.7,0.000,0,0,204,1.15,1.90,20.3,1.001,86.04,1.6,-0.4,0.0,23.2,0.8,24.0,100,7936,85.87,25.4
8/8/2024 9:15,0,0,290,#N/A,#N/A,#N/A,#N/A,#N/A,#N/A,#N/A,#N/A,#N/A,#N/A,#N/A,#N/A,#N/A,#N/A,0.0,0.0,70,7552,85.88,27.5
8/8/2024 9:30,0,0,288,#N/A,#N/A,#N/A,#N/A,#N/A,#N/A,#N/A,#N/A,#N/A,#N/A,#N/A,#N/A,#N/A,#N/A,0.0,0.0,59,7463,85.90,29.2
8/8/2024 9:45,0,0,289,#N/A,#N/A,#N/A,#N/A,#N/A,#N/A,#N/A,#N/A,#N/A,#N/A,#N/A,#N/A,#N/A,#N/A,0.0,0.0,52,7400,85.90,30.5
8/8/2024 10:00,0,0,288,#N/A,#N/A,#N/A,#N/A,#N/A,#N/A,#N/A,#N/A,#N/A,#N/A,#N/A,#N/A,#N/A,#N/A,0.0,0.0,45,7346,85.91,30.9
8/8/2024 10:15,2,0,289,#N/A,#N/A,#N/A,#N/A,#N/A,#N/A,#N/A,#N/A,#N/A,#N/A,#N/A,#N/A,#N/A,#N/A,1.0,36.0,41,7307,85.92,30.8
8/8/2024 10:30,0,0,289,#N/A,#N/A,#N/A,#N/A,#N/A,#N/A,#N/A,#N/A,#N/A,#N/A,#N/A,#N/A,#N/A,#N/A,0.0,0.0,36,7265,85.91,31.1
8/8/2024 10:45,0,0,289,#N/A,#N/A,#N/A,#N/A,#N/A,#N/A,#N/A,#N/A,#N/A,#N/A,#N/A,#N/A,#N/A,#N/A,0.0,0.0,31,7223,85.91,31.7
8/8/2024 11:00,0,0,289,#N/A,#N/A,#N/A,#N/A,#N/A,#N/A,#N/A,#N/A,#N/A,#N/A,#N/A,#N/A,#N/A,#N/A,0.0,0.0,26,7182,85.91,31.5
8/8/2024 11:15,0,0,290,#N/A,#N/A,#N/A,#N/A,#N/A,#N/A,#N/A,#N/A,#N/A,#N/A,#N/A,#N/A,#N/A,#N/A,0.0,0.0,21,7143,85.90,31.7
8/8/2024 11:30,0,0,289,#N/A,#N/A,#N/A,#N/A,#N/A,#N/A,#N/A,#N/A,#N/A,#N/A,#N/A,#N/A,#N/A,#N/A,0.0,0.0,18,7115,85.89,32.5
8/8/2024 11:45,0,0,287,#N/A,#N/A,#N/A,#N/A,#N/A,#N/A,#N/A,#N/A,#N/A,#N/A,#N/A,#N/A,#N/A,#N/A,0.0,0.0,15,7089,85.88,33.1
8/8/2024 12:00,0,0,293,#N/A,#N/A,#N/A,#N/A,#N/A,#N/A,#N/A,#N/A,#N/A,#N/A,#N/A,#N/A,#N/A,#N/A,0.0,0.0,12,7065,85.85,32.9
8/8/2024 12:15,0,0,289,#N/A,#N/A,#N/A,#N/A,#N/A,#N/A,#N/A,#N/A,#N/A,#N/A,#N/A,#N/A,#N/A,#N/A,0.0,0.0,9,7037,85.85,32.5
8/8/2024 12:30,0,0,344,#N/A,#N/A,#N/A,#N/A,#N/A,#N/A,#N/A,#N/A,#N/A,#N/A,#N/A,#N/A,#N/A,#N/A,0.0,0.0,5,7004,85.84,32.6
8/8/2024 12:45,11,10,400,#N/A,#N/A,#N/A,#N/A,#N/A,#N/A,#N/A,#N/A,#N/A,#N/A,#N/A,#N/A,#N/A,#N/A,0.0,0.0,0,6963,85.83,31.3
8/8/2024 13:00,0,0,293,#N/A,#N/A,#N/A,#N/A,#N/A,#N/A,#N/A,#N/A,#N/A,#N/A,#N/A,#N/A,#N/A,#N/A,0.0,0.0,0,6929,85.81,32.0
8/8/2024 13:15,0,0,295,#N/A,#N/A,#N/A,#N/A,#N/A,#N/A,#N/A,#N/A,#N/A,#N/A,#N/A,#N/A,#N/A,#N/A,0.0,0.0,0,6894,85.80,33.1
8/8/2024 13:30,0,0,287,#N/A,#N/A,#N/A,#N/A,#N/A,#N/A,#N/A,#N/A,#N/A,#N/A,#N/A,#N/A,#N/A,#N/A,0.0,0.0,0,6860,85.77,33.9
8/8/2024 13:45,0,0,288,#N/A,#N/A,#N/A,#N/A,#N/A,#N/A,#N/A,#N/A,#N/A,#N/A,#N/A,#N/A,#N/A,#N/A,0.0,0.0,0,6821,85.75,34.2
8/8/2024 14:00,0,0,287,#N/A,#N/A,#N/A,#N/A,#N/A,#N/A,#N/A,#N/A,#N/A,#N/A,#N/A,#N/A,#N/A,#N/A,0.0,0.0,0,6771,85.74,34.1
8/8/2024 14:15,0,0,295,#N/A,#N/A,#N/A,#N/A,#N/A,#N/A,#N/A,#N/A,#N/A,#N/A,#N/A,#N/A,#N/A,#N/A,0.0,0.0,0,6710,85.75,34.0
8/8/2024 14:30,0,0,291,#N/A,#N/A,#N/A,#N/A,#N/A,#N/A,#N/A,#N/A,#N/A,#N/A,#N/A,#N/A,#N/A,#N/A,0.0,0.0,0,6632,85.75,33.7
8/8/2024 14:45,0,0,297,#N/A,#N/A,#N/A,#N/A,#N/A,#N/A,#N/A,#N/A,#N/A,#N/A,#N/A,#N/A,#N/A,#N/A,0.0,0.0,0,6515,85.74,33.0
8/8/2024 15:00,0,0,304,#N/A,#N/A,#N/A,#N/A,#N/A,#N/A,#N/A,#N/A,#N/A,#N/A,#N/A,#N/A,#N/A,#N/A,0.0,0.0,0,6318,85.74,33.3
8/8/2024 15:15,0,0,309,#N/A,#N/A,#N/A,#N/A,#N/A,#N/A,#N/A,#N/A,#N/A,#N/A,#N/A,#N/A,#N/A,#N/A,0.0,0.0,0,5945,85.73,33.5
