z6-15996,Port 1,Port 1,Port 1,Port 2,Port 2,Port 2,Port 2,Port 2,Port 2,Port 2,Port 2,Port 2,Port 2,Port 2,Port 2,Port 2,Port 2,Port 3,Port 7,Port 7,Port 8,Port 8
Records: 576,PHYTOS 31,PHYTOS 31,PHYTOS 31,ATMOS 41,ATMOS 41,ATMOS 41,ATMOS 41,ATMOS 41,ATMOS 41,ATMOS 41,ATMOS 41,ATMOS 41,ATMOS 41,ATMOS 41,ATMOS 41,ATMOS 41,ATMOS 41,Unrecognized,Battery,Battery,Barometer,Barometer
Timestamp, min Leaf Wetness, min Leaf Wetness (high), Wetness Level, W/m² Solar Radiation, mm Precipitation, Lightning Activity, km Lightning Distance,° Wind Direction, m/s Wind Speed, m/s Gust Speed, °C Air Temperature, RH Relative Humidity, kPa Atmospheric Pressure,° X-axis Level,° Y-axis Level, mm/h Max Precip Rate, °C RH Sensor Temp, Sensor Output,% Battery Percent, mV Battery Voltage, kPa Reference Pressure, °C Logger Temperature
11/9/2023 9:00,0,0,446,663.7,0.000,0,0,259,1.56,6.33,20.6,0.996,85.96,1.5,0.1,0.0,24.5,0,100,8012,85.83,24.6
11/9/2023 9:15,0,0,445,699.6,0.000,0,0,211,1.13,4.89,21.2,0.998,85.96,1.6,0.1,0.0,25.1,0,100,8009,85.83,25.1
11/9/2023 9:30,0,0,446,740.6,0.000,0,0,270,1.80,5.64,21.1,1.001,85.95,1.5,0.1,0.0,25.3,0,100,8010,85.82,25.4
11/9/2023 9:45,0,0,445,778.6,0.000,0,0,270,1.62,4.74,21.4,0.981,85.95,1.5,0.1,0.0,25.3,0,100,8008,85.81,25.3
11/9/2023 10:00,0,0,444,807.5,0.000,0,0,217,1.46,4.61,22.0,0.962,85.95,1.5,0.1,0.0,25.7,0,100,8008,85.82,25.6
11/9/2023 10:15,0,0,444,849.5,0.000,0,0,244,1.63,5.63,22.4,0.961,85.95,1.6,0.1,0.0,26.2,0,100,8007,85.81,26.3
11/9/2023 10:30,0,0,444,720.7,0.000,0,0,213,1.30,4.30,22.2,0.973,85.96,1.5,0.0,0.0,26.2,0,100,8008,85.81,26.2
11/9/2023 10:45,0,0,446,586.5,0.000,0,0,245,1.27,4.52,21.8,0.969,85.95,1.6,0.0,0.0,25.8,0,100,8013,85.79,26.1
11/9/2023 11:00,0,0,444,835.5,0.000,0,0,223,1.31,4.14,22.7,0.947,85.92,1.5,0.0,0.0,25.9,0,100,8029,85.77,26.2
11/9/2023 11:15,0,0,445,704.0,0.000,0,0,218,1.16,3.83,22.5,0.974,85.91,1.5,0.0,0.0,26.4,0,100,8043,85.75,26.9
11/9/2023 11:30,0,0,444,907.1,0.000,0,0,248,1.53,5.62,23.1,0.957,85.87,1.6,0.1,0.0,26.7,0,100,8058,85.72,27.3
11/9/2023 11:45,0,0,444,867.9,0.000,0,0,214,1.40,5.52,23.7,0.952,85.83,1.6,0.1,0.0,27.3,0,100,8073,85.69,27.9
11/9/2023 12:00,0,0,444,876.7,0.000,0,0,229,1.47,4.03,23.5,0.935,85.81,1.5,0.0,0.0,27.3,0,100,8092,85.65,28.0
11/9/2023 12:15,0,0,444,863.6,0.000,0,0,236,1.77,5.43,23.4,0.934,85.77,1.6,0.1,0.0,27.2,0,100,8106,85.62,28.2
11/9/2023 12:30,0,0,444,855.1,0.000,0,0,269,1.62,5.15,23.1,0.927,85.75,1.5,0.0,0.0,26.9,0,100,8125,85.60,28.2
11/9/2023 12:45,0,0,444,863.2,0.000,0,0,240,1.53,3.64,23.5,0.918,85.74,1.6,0.0,0.0,27.0,0,100,8142,85.58,28.5
11/9/2023 13:00,0,0,444,804.5,0.000,0,0,198,1.36,4.02,23.6,0.915,85.72,1.6,0.0,0.0,27.0,0,100,8156,85.56,28.6
11/9/2023 13:15,0,0,445,801.7,0.000,0,0,251,1.90,5.74,23.3,0.902,85.72,1.6,0.1,0.0,26.9,0,100,8172,85.56,28.7
11/9/2023 13:30,0,0,444,763.9,0.000,0,0,265,1.66,5.87,23.2,0.900,85.73,1.6,0.0,0.0,26.8,0,100,8187,85.57,28.7
11/9/2023 13:45,0,0,444,722.3,0.000,0,0,231,1.70,4.36,23.5,0.880,85.72,1.5,0.0,0.0,26.8,0,100,8196,85.56,28.9
11/9/2023 14:00,0,0,445,604.5,0.000,0,0,205,1.43,4.03,23.2,0.902,85.74,1.5,0.0,0.0,26.7,0,100,8203,85.57,29.1
11/9/2023 14:15,0,0,444,588.4,0.000,0,0,211,1.32,3.86,23.6,0.895,85.73,1.6,0.0,0.0,26.9,0,100,8210,85.56,29.3
11/9/2023 14:30,0,0,447,352.3,0.000,0,0,211,0.93,2.81,22.8,0.922,85.73,1.6,0.0,0.0,26.6,0,100,8208,85.55,29.4
11/9/2023 14:45,0,0,446,452.7,0.000,0,0,203,1.19,3.38,23.1,0.903,85.71,1.5,0.0,0.0,26.1,0,100,8216,85.55,28.6
11/9/2023 15:00,0,0,447,254.7,0.000,0,0,229,1.02,2.74,22.5,0.927,85.73,1.6,0.0,0.0,25.7,0,100,8216,85.55,28.4
11/9/2023 15:15,0,0,446,399.9,0.000,0,0,199,1.14,3.63,22.9,0.919,85.72,1.5,0.0,0.0,25.6,0,100,8221,85.56,27.9
11/9/2023 15:30,0,0,447,277.6,0.000,0,0,199,1.06,3.15,22.3,0.931,85.75,1.5,0.0,0.0,25.3,0,100,8223,85.57,27.8
11/9/2023 15:45,0,0,448,192.1,0.000,0,0,195,0.92,2.65,22.1,0.931,85.75,1.4,0.1,0.0,24.6,0,100,8217,85.57,27.2
11/9/2023 16:00,0,0,448,194.1,0.000,0,0,195,0.64,2.24,21.6,0.943,85.76,1.5,0.1,0.0,23.9,0,100,8217,85.58,26.3
11/9/2023 16:15,0,0,449,108.4,0.000,0,0,207,1.13,3.22,21.3,0.958,85.77,1.5,0.1,0.0,23.2,0,100,8216,85.59,25.4
11/9/2023 16:30,0,0,449,117.1,0.000,0,0,227,0.83,2.57,20.6,0.973,85.78,1.5,0.1,0.0,22.3,0,100,8211,85.60,24.3
11/9/2023 16:45,1,0,450,64.3,0.000,0,0,203,0.90,2.56,20.6,0.966,85.80,1.5,0.0,0.0,21.8,0,100,8202,85.61,23.5
11/9/2023 17:00,15,0,451,38.7,0.000,0,0,265,0.98,2.75,20.1,0.974,85.81,1.5,0.1,0.0,21.1,0,100,8200,85.62,22.6
11/9/2023 17:15,15,0,451,4.3,0.000,0,0,233,0.75,2.00,19.8,0.978,85.81,1.5,0.1,0.0,20.3,0,100,8197,85.62,21.6
11/9/2023 17:30,15,0,452,0.2,0.000,0,0,271,1.06,2.48,19.5,0.986,85.82,1.4,0.1,0.0,19.7,0,100,8194,85.63,20.8
11/9/2023 17:45,15,0,452,0.0,0.000,0,0,254,0.91,2.83,19.3,0.994,85.83,1.4,0.1,0.0,19.4,0,100,8190,85.65,20.2
11/9/2023 18:00,15,0,452,0.0,0.000,0,0,228,0.68,1.73,19.2,0.999,85.84,1.5,0.1,0.0,19.2,0,100,8191,85.66,19.9
11/9/2023 18:15,15,0,452,0.0,0.000,0,0,209,1.09,4.83,19.1,1.000,85.85,1.5,0.1,0.0,19.1,0,100,8184,85.66,19.6
11/9/2023 18:30,15,0,452,0.0,0.000,0,0,216,1.16,3.00,19.0,0.998,85.85,1.5,0.1,0.0,19.0,0,100,8181,85.68,19.4
11/9/2023 18:45,15,0,452,0.0,0.000,0,0,204,1.05,3.81,18.9,1.000,85.88,1.4,0.1,0.0,18.9,0,100,8182,85.70,19.2
11/9/2023 19:00,15,0,453,0.0,0.000,0,0,293,0.86,2.84,18.9,1.000,85.90,1.4,0.1,0.0,18.8,0,100,8178,85.72,19.0
11/9/2023 19:15,15,0,455,0.0,0.000,0,0,213,0.91,2.47,18.8,0.998,85.92,1.5,0.1,0.0,18.7,0,100,8173,85.75,18.9
11/9/2023 19:30,15,0,457,0.0,0.000,0,0,259,1.14,3.53,18.7,0.999,85.94,1.4,0.1,0.0,18.5,0,100,8173,85.76,18.7
11/9/2023 19:45,15,0,457,0.0,0.000,0,0,229,1.14,4.36,18.7,0.999,85.96,1.4,0.1,0.0,18.5,0,100,8172,85.78,18.7
11/9/2023 20:00,15,0,460,0.0,0.000,0,0,237,0.93,3.02,18.6,0.998,85.96,1.4,0.1,0.0,18.4,0,100,8168,85.79,18.6
11/9/2023 20:15,15,11,461,0.0,0.000,0,0,238,1.00,2.95,18.6,1.000,85.96,1.5,0.1,0.0,18.4,0,100,8167,85.79,18.5
11/9/2023 20:30,15,15,463,0.0,0.000,0,0,247,1.16,3.45,18.4,1.001,85.96,1.4,0.1,0.0,18.4,0,100,8165,85.78,18.5
11/9/2023 20:45,15,15,465,0.0,0.000,0,0,223,1.01,3.35,18.4,1.001,85.97,1.5,0.1,0.0,18.3,0,100,8163,85.79,18.4
11/9/2023 21:00,15,15,471,0.0,0.000,0,0,187,0.95,2.42,18.2,1.000,85.98,1.4,0.1,0.0,18.2,0,100,8162,85.81,18.2
11/9/2023 21:15,15,15,487,0.0,0.000,0,0,196,1.13,4.44,18.1,0.999,85.99,1.4,0.1,0.0,18.0,0,100,8160,85.82,18.0
11/9/2023 21:30,15,15,502,0.0,0.000,0,0,232,1.00,4.22,18.0,0.997,86.01,1.4,0.1,0.0,17.8,0,100,8157,85.84,17.8
11/9/2023 21:45,15,15,519,0.0,0.000,0,0,201,0.87,2.70,17.8,0.996,86.01,1.5,0.1,0.0,17.6,0,100,8156,85.84,17.6
11/9/2023 22:00,15,15,537,0.0,0.000,0,0,199,0.98,3.85,17.7,0.993,86.01,1.4,0.1,0.0,17.4,0,100,8156,85.84,17.4
11/9/2023 22:15,15,15,544,0.0,0.000,0,0,237,1.07,3.40,17.7,0.986,85.99,1.4,0.1,0.0,17.3,0,100,8151,85.82,17.3
11/9/2023 22:30,15,15,562,0.0,0.000,0,0,218,1.02,2.72,17.7,0.989,85.99,1.4,0.1,0.0,17.3,0,100,8150,85.81,17.2
11/9/2023 22:45,15,15,580,0.0,0.000,0,0,223,0.98,3.58,17.5,0.989,85.96,1.4,0.1,0.0,17.1,0,100,8149,85.79,17.1
11/9/2023 23:00,15,15,597,0.0,0.000,0,0,230,1.00,3.19,17.4,0.988,85.95,1.4,0.1,0.0,17.0,0,100,8146,85.78,16.9
11/9/2023 23:15,15,15,615,0.0,0.000,0,0,215,1.23,3.88,17.3,0.984,85.94,1.5,0.1,0.0,16.8,0,100,8147,85.77,16.7
11/9/2023 23:30,15,15,634,0.0,0.000,0,0,237,0.86,3.75,17.1,0.982,85.94,1.4,0.1,0.0,16.7,0,100,8146,85.76,16.6
11/9/2023 23:45,15,15,654,0.0,0.000,0,0,210,0.88,2.83,17.0,0.981,85.93,1.4,0.1,0.0,16.5,0,100,8143,85.75,16.4
11/10/2023 0:00,15,15,673,0.0,0.000,0,0,270,0.79,2.50,16.8,0.981,85.90,1.4,0.1,0.0,16.3,0,100,8141,85.73,16.2
11/10/2023 0:15,15,15,691,0.0,0.000,0,0,227,0.75,3.06,16.7,0.980,85.90,1.4,0.1,0.0,16.2,0,100,8121,85.73,16.2
11/10/2023 0:30,15,15,716,0.0,0.000,0,0,188,0.58,2.19,16.4,0.959,85.89,1.4,0.1,0.0,15.9,0,100,8129,85.72,15.9
11/10/2023 0:45,15,15,746,0.0,0.000,0,0,233,0.71,2.27,16.4,0.972,85.88,1.4,0.1,0.0,15.8,0,100,8129,85.70,15.7
11/10/2023 1:00,15,15,790,0.0,0.000,0,0,176,0.65,2.28,16.4,0.973,85.85,1.4,0.1,0.0,15.8,0,100,8126,85.68,15.7
11/10/2023 1:15,15,15,843,0.0,0.000,0,0,209,0.57,1.33,16.3,0.973,85.84,1.4,0.1,0.0,15.7,0,100,8127,85.67,15.6
11/10/2023 1:30,15,15,861,0.0,0.017,0,0,224,0.82,3.34,16.4,0.968,85.82,1.3,0.1,1.0,15.7,0,100,8125,85.65,15.5
11/10/2023 1:45,15,15,873,0.0,0.017,0,0,247,0.76,2.44,16.3,0.968,85.82,1.4,0.1,1.0,15.7,0,100,8123,85.64,15.4
11/10/2023 2:00,15,15,879,0.0,0.000,0,0,230,0.72,2.22,16.4,0.964,85.81,1.4,0.2,0.0,15.7,0,100,8121,85.64,15.4
11/10/2023 2:15,15,15,883,0.0,0.017,0,0,220,0.77,2.86,16.5,0.964,85.81,1.4,0.1,1.0,15.7,0,100,8122,85.63,15.4
11/10/2023 2:30,15,15,884,0.0,0.000,0,0,220,0.68,2.95,16.6,0.962,85.80,1.4,0.1,0.0,15.8,0,100,8121,85.63,15.5
11/10/2023 2:45,15,15,893,0.0,0.017,0,0,260,0.64,3.37,16.7,0.961,85.79,1.4,0.1,1.0,15.9,0,100,8118,85.62,15.6
11/10/2023 3:00,15,15,900,0.0,0.017,0,0,261,0.70,2.29,16.8,0.965,85.80,1.4,0.1,1.0,16.0,0,100,8119,85.63,15.7
11/10/2023 3:15,15,15,859,0.0,0.000,0,0,281,0.72,2.39,16.8,0.966,85.81,1.4,0.1,0.0,16.1,0,100,8115,85.64,15.7
11/10/2023 3:30,15,15,863,0.0,0.017,0,0,249,0.79,2.44,17.0,0.963,85.81,1.4,0.1,1.0,16.3,0,100,8115,85.64,15.9
11/10/2023 3:45,15,15,856,0.0,0.017,0,0,251,0.78,2.73,17.2,0.971,85.81,1.5,0.1,1.0,16.6,0,100,8116,85.64,16.3
11/10/2023 4:00,15,15,847,0.0,0.000,0,0,267,0.82,2.56,17.4,0.974,85.82,1.4,0.1,0.0,16.8,0,100,8114,85.65,16.6
11/10/2023 4:15,15,15,855,0.0,0.034,0,0,253,0.79,3.34,17.6,0.983,85.83,1.5,0.1,1.0,17.1,0,100,8113,85.66,16.9
11/10/2023 4:30,15,15,849,0.0,0.000,0,0,249,0.85,2.94,17.7,0.988,85.85,1.4,0.1,0.0,17.3,0,100,8111,85.68,17.1
11/10/2023 4:45,15,15,815,0.0,0.017,0,0,213,0.62,2.27,17.7,0.992,85.85,1.5,0.1,1.0,17.3,0,100,8110,85.68,17.2
11/10/2023 5:00,15,15,655,0.0,0.051,0,0,211,0.62,2.22,17.8,0.990,85.86,1.4,0.1,1.0,17.4,0,100,8110,85.69,17.3
11/10/2023 5:15,15,15,610,0.0,0.051,0,0,221,0.65,1.99,17.8,0.993,85.86,1.5,0.1,1.0,17.5,0,100,8109,85.69,17.4
11/10/2023 5:30,15,15,573,0.0,0.000,0,0,258,0.85,2.67,17.8,0.998,85.87,1.4,0.1,0.0,17.6,0,100,8108,85.70,17.5
11/10/2023 5:45,15,15,588,3.5,0.017,0,0,216,0.63,1.51,17.6,1.001,85.86,1.4,0.1,1.0,17.5,0,100,8106,85.69,17.4
11/10/2023 6:00,15,15,551,10.5,0.000,0,0,252,0.75,1.91,17.7,0.997,85.87,1.5,0.1,0.0,17.5,0,100,8106,85.70,17.4
11/10/2023 6:15,15,15,546,17.9,0.000,0,0,186,0.93,3.26,17.9,0.993,85.91,1.4,0.1,0.0,17.6,0,100,8105,85.74,17.6
11/10/2023 6:30,15,15,540,31.5,0.000,0,0,226,0.77,2.75,18.0,1.001,85.92,1.5,0.1,0.0,17.8,0,100,8102,85.75,17.8
11/10/2023 6:45,15,15,527,48.0,0.000,0,0,239,0.88,2.98,18.1,1.000,85.93,1.4,0.1,0.0,18.0,0,100,8100,85.77,18.0
11/10/2023 7:00,15,15,512,77.1,0.000,0,0,207,0.92,3.47,18.3,0.999,85.93,1.4,0.1,0.0,18.3,0,100,8097,85.76,18.2
11/10/2023 7:15,15,15,496,115.9,0.017,0,0,209,0.89,3.20,18.4,0.998,85.94,1.4,0.1,1.0,18.7,0,100,8099,85.77,18.5
11/10/2023 7:30,15,15,473,239.6,0.000,0,0,200,0.93,2.93,18.8,1.001,85.93,1.4,0.1,0.0,19.8,0,100,8097,85.79,19.3
11/10/2023 7:45,13,6,449,408.9,0.000,0,0,200,0.95,2.71,19.9,0.996,85.93,1.5,0.1,0.0,22.0,0,100,8099,85.81,21.1
11/10/2023 8:00,0,0,448,390.7,0.000,0,0,242,1.15,4.62,20.2,1.002,85.96,1.5,0.1,0.0,23.4,0,100,8097,85.83,22.6
11/10/2023 8:15,0,0,448,493.7,0.000,0,0,237,1.18,4.33,20.6,0.997,86.00,1.5,0.1,0.0,23.8,0,100,8098,85.87,23.3
11/10/2023 8:30,0,0,450,343.3,0.000,0,0,241,1.21,3.48,20.4,0.995,86.03,1.5,0.0,0.0,23.5,0,100,8099,85.88,23.5
11/10/2023 8:45,14,0,454,226.9,0.000,0,0,218,1.05,3.17,20.0,0.998,86.04,1.5,0.1,0.0,22.4,0,100,8102,85.87,22.8
11/10/2023 9:00,13,0,449,309.7,0.000,0,0,254,0.95,2.84,19.9,1.003,86.03,1.5,0.1,0.0,21.8,0,100,8105,85.86,22.3
11/10/2023 9:15,0,0,446,681.5,0.000,0,0,199,1.07,4.84,21.7,0.998,85.97,1.5,0.1,0.0,23.9,0,100,8108,85.84,24.0
11/10/2023 9:30,0,0,445,626.8,0.000,0,0,228,1.24,3.25,22.1,0.991,85.97,1.5,0.1,0.0,25.4,0,100,8110,85.84,25.5
11/10/2023 9:45,0,0,447,451.8,0.000,0,0,193,1.20,3.31,22.3,0.996,85.98,1.5,0.1,0.0,25.9,0,100,8110,85.83,26.2
11/10/2023 10:00,0,0,446,644.5,0.000,0,0,221,1.23,3.34,22.6,1.003,85.96,1.5,0.1,0.0,26.3,0,100,8108,85.81,26.8
11/10/2023 10:15,0,0,447,425.1,0.000,0,0,211,1.12,3.99,22.2,0.991,85.96,1.5,0.1,0.0,26.0,0,100,8112,85.80,26.6
11/10/2023 10:30,0,0,448,370.6,0.000,0,0,190,1.06,2.49,22.1,0.982,85.97,1.5,0.0,0.0,25.2,0,100,8115,85.80,26.0
11/10/2023 10:45,0,0,448,324.5,0.000,0,0,223,0.89,2.54,21.6,0.993,85.97,1.5,0.0,0.0,24.6,0,100,8115,85.80,25.7
11/10/2023 11:00,0,0,449,307.3,0.000,0,0,188,1.15,3.30,21.4,0.991,85.97,1.5,0.0,0.0,24.0,0,100,8117,85.80,25.1
11/10/2023 11:15,0,0,448,352.6,0.000,0,0,224,1.03,3.62,21.2,0.995,85.95,1.4,0.0,0.0,23.7,0,100,8118,85.78,24.8
11/10/2023 11:30,0,0,449,280.9,0.000,0,0,202,1.08,3.12,21.0,0.997,85.94,1.5,0.1,0.0,23.4,0,100,8123,85.77,24.4
11/10/2023 11:45,0,0,447,448.8,0.000,0,0,203,0.87,2.68,21.5,0.986,85.91,1.5,0.0,0.0,23.5,0,100,8129,85.75,24.5
11/10/2023 12:00,0,0,446,689.7,0.000,0,0,186,1.22,4.95,22.6,0.969,85.87,1.5,0.0,0.0,25.0,0,100,8142,85.72,25.7
11/10/2023 12:15,0,0,447,567.7,0.000,0,0,202,1.25,2.99,23.1,0.966,85.85,1.5,0.1,0.0,26.3,0,100,8147,85.70,27.3
11/10/2023 12:30,0,0,448,289.4,0.000,0,0,194,1.30,3.08,22.1,0.985,85.84,1.5,0.0,0.0,25.2,0,100,8144,85.67,26.5
11/10/2023 12:45,0,0,447,437.1,0.000,0,0,216,1.08,2.74,22.2,0.983,85.80,1.5,0.0,0.0,25.0,0,100,8151,85.64,26.2
11/10/2023 13:00,0,0,447,355.7,0.000,0,0,235,1.03,3.15,21.9,0.988,85.78,1.5,0.0,0.0,24.7,0,100,8149,85.62,26.0
11/10/2023 13:15,0,0,448,330.3,0.000,0,0,214,1.07,3.15,21.8,0.995,85.78,1.5,0.1,0.0,24.6,0,100,8149,85.61,25.9
11/10/2023 13:30,0,0,449,282.7,0.000,0,0,181,1.35,3.71,22.0,0.984,85.78,1.5,0.0,0.0,24.5,0,100,8151,85.61,25.7
11/10/2023 13:45,0,0,449,234.3,0.000,0,0,230,1.14,3.81,21.5,0.986,85.76,1.5,0.1,0.0,23.6,0,100,8148,85.59,24.8
11/10/2023 14:00,0,0,449,220.9,0.000,0,0,212,1.00,2.86,21.5,0.992,85.75,1.5,0.1,0.0,23.4,0,100,8149,85.58,24.6
11/10/2023 14:15,1,0,450,118.7,0.000,0,0,181,1.11,2.90,21.4,0.987,85.74,1.4,0.0,0.0,22.9,0,100,8143,85.56,24.1
11/10/2023 14:30,10,0,450,99.3,0.000,0,0,198,1.02,3.45,21.1,0.989,85.75,1.5,0.1,0.0,22.4,0,100,8142,85.57,23.4
11/10/2023 14:45,14,0,450,138.3,0.000,0,0,185,0.92,3.06,21.1,0.987,85.73,1.5,0.1,0.0,22.0,0,100,8138,85.56,22.9
11/10/2023 15:00,9,0,450,139.7,0.000,0,0,177,0.81,2.26,21.1,0.987,85.73,1.4,0.1,0.0,22.0,0,100,8136,85.56,22.8
11/10/2023 15:15,9,0,449,143.5,0.000,0,0,162,0.71,2.26,21.0,0.990,85.72,1.5,0.1,0.0,22.1,0,100,8137,85.54,22.7
11/10/2023 15:30,7,0,450,90.4,0.000,0,0,202,0.89,2.67,21.0,0.989,85.70,1.4,0.1,0.0,22.1,0,100,8135,85.53,22.8
11/10/2023 15:45,15,0,450,103.1,0.000,0,0,192,0.90,2.27,20.8,0.991,85.72,1.5,0.1,0.0,21.8,0,100,8133,85.55,22.5
11/10/2023 16:00,15,0,450,93.7,0.000,0,0,167,1.08,3.00,20.7,0.990,85.73,1.5,0.1,0.0,21.5,0,100,8136,85.56,22.1
11/10/2023 16:15,3,0,449,169.5,0.000,0,0,164,1.20,4.36,21.5,0.948,85.72,1.5,0.1,0.0,21.9,0,100,8151,85.55,22.2
11/10/2023 16:30,0,0,449,118.1,0.000,0,0,198,0.88,1.81,21.8,0.940,85.72,1.5,0.0,0.0,22.8,0,100,8157,85.55,23.5
11/10/2023 16:45,0,0,449,83.9,0.000,0,0,204,0.96,2.31,22.0,0.922,85.73,1.5,0.1,0.0,23.0,0,100,8159,85.55,24.1
11/10/2023 17:00,12,0,451,19.7,0.000,0,0,181,0.75,2.16,21.0,0.957,85.76,1.4,0.1,0.0,22.3,0,100,8156,85.58,23.8
11/10/2023 17:15,15,0,451,4.9,0.000,0,0,206,0.77,2.24,20.5,0.961,85.79,1.5,0.1,0.0,21.1,0,100,8150,85.61,22.5
11/10/2023 17:30,15,0,452,0.7,0.000,0,0,194,0.63,1.86,20.2,0.968,85.81,1.4,0.1,0.0,20.4,0,100,8147,85.63,21.5
11/10/2023 17:45,15,0,456,0.0,0.000,0,0,194,0.61,1.65,20.0,0.974,85.84,1.4,0.1,0.0,19.9,0,100,8143,85.66,20.8
11/10/2023 18:00,15,0,457,0.0,0.000,0,0,159,0.98,2.92,19.9,0.981,85.86,1.5,0.1,0.0,19.8,0,100,8140,85.68,20.4
11/10/2023 18:15,15,14,527,0.0,0.000,0,0,170,0.49,1.16,19.8,0.986,85.86,1.5,0.1,0.0,19.6,0,100,8141,85.68,20.1
11/10/2023 18:30,15,15,536,0.0,0.000,0,0,177,0.77,3.24,19.7,0.991,85.88,1.4,0.1,0.0,19.5,0,100,8138,85.70,19.8
11/10/2023 18:45,15,15,539,0.0,0.000,0,0,193,0.69,1.57,19.7,0.995,85.89,1.4,0.1,0.0,19.5,0,100,8136,85.72,19.7
11/10/2023 19:00,15,15,542,0.0,0.000,0,0,184,0.73,2.08,19.7,0.995,85.91,1.4,0.0,0.0,19.4,0,100,8132,85.74,19.6
11/10/2023 19:15,15,15,542,0.0,0.000,0,0,195,0.67,2.03,19.7,0.996,85.94,1.4,0.1,0.0,19.5,0,100,8130,85.76,19.5
11/10/2023 19:30,15,15,547,0.0,0.000,0,0,176,0.93,2.23,19.7,0.999,85.96,1.4,0.0,0.0,19.5,0,100,8127,85.78,19.5
11/10/2023 19:45,15,15,827,0.0,0.119,0,0,237,0.76,1.73,19.7,0.998,85.96,1.4,0.1,2.0,19.5,0,100,8125,85.79,19.5
11/10/2023 20:00,15,15,722,0.0,0.034,0,0,201,0.86,2.86,19.7,0.997,85.98,1.5,0.1,1.0,19.4,0,100,8124,85.81,19.4
11/10/2023 20:15,15,15,708,0.0,0.000,0,0,226,0.92,2.49,19.7,0.995,86.01,1.4,0.1,0.0,19.4,0,100,8124,85.84,19.4
11/10/2023 20:30,15,15,706,0.0,0.000,0,0,178,0.87,1.95,19.7,0.996,86.02,1.4,0.1,0.0,19.4,0,100,8121,85.85,19.4
11/10/2023 20:45,15,15,689,0.0,0.017,0,0,174,0.80,2.75,19.5,1.000,86.01,1.4,0.1,1.0,19.4,0,100,8119,85.83,19.3
11/10/2023 21:00,15,15,626,0.0,0.000,0,0,211,0.94,2.74,19.5,1.000,85.99,1.5,0.1,0.0,19.3,0,100,8118,85.82,19.3
11/10/2023 21:15,15,15,626,0.0,0.000,0,0,201,1.03,3.26,19.4,1.001,86.00,1.4,0.1,0.0,19.3,0,100,8120,85.83,19.2
11/10/2023 21:30,15,15,627,0.0,0.000,0,0,211,0.88,3.38,19.3,0.999,85.99,1.4,0.1,0.0,19.1,0,100,8115,85.82,19.1
11/10/2023 21:45,15,15,630,0.0,0.000,0,0,232,1.01,2.66,19.2,0.999,85.97,1.5,0.1,0.0,19.0,0,100,8115,85.79,19.0
11/10/2023 22:00,15,15,635,0.0,0.000,0,0,219,1.03,2.93,19.2,0.998,85.96,1.4,0.1,0.0,19.1,0,100,8112,85.78,19.0
11/10/2023 22:15,15,15,642,0.0,0.017,0,0,193,0.81,2.56,19.1,1.000,85.96,1.4,0.1,1.0,19.0,0,100,8110,85.79,19.0
11/10/2023 22:30,15,15,656,0.0,0.000,0,0,193,0.69,2.01,18.8,0.999,85.96,1.5,0.1,0.0,18.7,0,100,8111,85.79,18.7
11/10/2023 22:45,15,15,640,0.0,0.000,0,0,216,0.89,2.46,18.7,0.993,85.97,1.5,0.1,0.0,18.4,0,100,8110,85.80,18.4
11/10/2023 23:00,15,15,621,0.0,0.017,0,0,216,0.98,2.78,18.6,0.993,85.96,1.4,0.1,1.0,18.3,0,100,8105,85.79,18.3
11/10/2023 23:15,15,15,628,0.0,0.000,0,0,210,0.83,2.57,18.5,0.994,85.94,1.3,0.2,0.0,18.2,0,100,8105,85.77,18.2
11/10/2023 23:30,15,15,632,0.0,0.000,0,0,213,0.94,2.45,18.5,0.990,85.92,1.4,0.1,0.0,18.1,0,100,8105,85.74,18.1
11/10/2023 23:45,15,15,637,0.0,0.017,0,0,224,0.84,2.90,18.4,0.990,85.89,1.4,0.1,1.0,18.1,0,100,8103,85.72,18.0
11/11/2023 0:00,15,15,647,0.0,0.000,0,0,181,0.84,2.44,18.5,0.987,85.86,1.4,0.2,0.0,18.1,0,100,8102,85.69,18.1
11/11/2023 0:15,15,15,653,0.0,0.017,0,0,251,0.65,1.77,18.4,0.990,85.85,1.5,0.1,1.0,18.1,0,100,8080,85.67,18.2
11/11/2023 0:30,15,15,650,0.0,0.000,0,0,254,0.87,2.34,18.5,0.963,85.83,1.4,0.1,0.0,18.1,0,100,8089,85.66,18.2
11/11/2023 0:45,15,15,647,0.0,0.000,0,0,207,0.71,1.78,18.4,0.989,85.83,1.4,0.1,0.0,18.1,0,100,8086,85.65,18.1
11/11/2023 1:00,15,15,647,0.0,0.000,0,0,188,0.70,2.14,18.4,0.989,85.83,1.4,0.1,0.0,18.1,0,100,8084,85.66,18.0
11/11/2023 1:15,15,15,645,0.0,0.017,0,0,176,0.67,2.76,18.4,0.987,85.82,1.4,0.1,1.0,18.0,0,100,8083,85.65,17.9
11/11/2023 1:30,15,15,637,0.0,0.000,0,0,171,0.63,2.19,18.5,0.983,85.82,1.4,0.1,0.0,18.1,0,100,8083,85.65,18.0
11/11/2023 1:45,15,15,634,0.0,0.000,0,0,200,0.85,2.01,18.5,0.991,85.82,1.4,0.1,0.0,18.2,0,100,8081,85.65,18.1
11/11/2023 2:00,15,15,634,0.0,0.000,0,0,179,0.71,1.97,18.3,0.999,85.79,1.5,0.1,0.0,18.2,0,100,8082,85.61,18.1
11/11/2023 2:15,15,15,631,0.0,0.000,0,0,208,0.57,1.53,18.3,0.995,85.78,1.4,0.1,0.0,18.0,0,100,8083,85.61,18.0
11/11/2023 2:30,15,15,633,0.0,0.000,0,0,201,0.65,1.59,18.3,0.992,85.78,1.4,0.1,0.0,18.0,0,100,8081,85.61,18.0
11/11/2023 2:45,15,15,632,0.0,0.017,0,0,211,0.61,1.66,18.4,0.991,85.77,1.4,0.1,1.0,18.1,0,100,8076,85.60,18.1
11/11/2023 3:00,15,15,616,0.0,0.000,0,0,180,0.83,2.64,18.5,0.991,85.77,1.4,0.1,0.0,18.2,0,100,8078,85.60,18.2
11/11/2023 3:15,15,15,596,0.0,0.102,0,0,205,0.80,2.61,18.6,0.994,85.77,1.5,0.1,1.0,18.4,0,100,8077,85.60,18.3
11/11/2023 3:30,15,15,539,0.0,0.017,0,0,185,0.88,2.66,18.7,0.994,85.76,1.5,0.1,1.0,18.4,0,100,8074,85.59,18.4
11/11/2023 3:45,15,15,531,0.0,0.000,0,0,221,0.85,2.59,18.7,0.999,85.76,1.5,0.1,0.0,18.5,0,100,8074,85.59,18.5
11/11/2023 4:00,15,15,546,0.0,0.000,0,0,220,0.92,2.15,18.8,0.997,85.77,1.5,0.1,0.0,18.5,0,100,8074,85.60,18.5
11/11/2023 4:15,15,15,536,0.0,0.034,0,0,216,0.92,2.45,18.7,1.000,85.79,1.5,0.1,1.0,18.6,0,100,8074,85.62,18.6
11/11/2023 4:30,15,15,524,0.0,0.000,0,0,198,0.73,2.14,18.7,1.000,85.80,1.5,0.1,0.0,18.5,0,100,8073,85.63,18.5
11/11/2023 4:45,15,15,667,0.0,0.511,0,0,219,0.67,1.39,18.8,0.997,85.82,1.4,0.1,10.2,18.6,0,100,8070,85.65,18.6
11/11/2023 5:00,15,15,729,0.0,1.970,0,0,168,0.68,1.70,18.8,0.996,85.83,1.5,0.1,19.4,18.6,0,100,8067,85.66,18.6
11/11/2023 5:15,15,15,651,0.0,0.374,0,0,188,0.92,2.25,18.9,0.996,85.83,1.5,0.0,3.1,18.6,0,100,8067,85.66,18.6
11/11/2023 5:30,15,15,567,0.0,0.357,0,0,164,0.92,2.83,18.9,0.998,85.84,1.4,0.1,12.2,18.7,0,100,8068,85.67,18.7
11/11/2023 5:45,15,15,559,0.8,0.017,0,0,162,0.85,2.09,18.9,0.999,85.86,1.5,0.1,1.0,18.7,0,100,8066,85.69,18.7
11/11/2023 6:00,15,15,889,4.6,1.464,0,0,188,0.91,2.92,19.0,0.998,85.86,1.5,0.1,31.6,18.8,0,100,8068,85.69,18.7
11/11/2023 6:15,15,15,597,10.5,3.604,0,0,187,1.04,2.86,19.0,0.997,85.87,1.5,0.1,64.3,18.8,0,100,8062,85.70,18.8
11/11/2023 6:30,15,15,578,16.1,0.068,0,0,177,0.97,2.22,19.0,1.000,85.87,1.4,0.1,2.0,18.9,0,100,8064,85.70,18.9
11/11/2023 6:45,15,15,567,30.2,0.017,0,0,187,1.00,3.36,19.1,0.999,85.88,1.5,0.1,1.0,19.0,0,100,8060,85.71,19.0
11/11/2023 7:00,15,15,600,40.9,0.034,0,0,219,1.18,3.46,19.0,1.000,85.90,1.5,0.0,1.0,19.1,0,100,8058,85.73,19.0
11/11/2023 7:15,15,15,616,40.7,0.085,0,0,219,1.09,3.01,18.9,1.000,85.92,1.5,0.1,1.0,19.0,0,100,8057,85.75,19.0
11/11/2023 7:30,15,15,645,38.1,0.238,0,0,222,1.06,4.85,19.1,0.998,85.94,1.5,0.1,6.1,19.0,0,100,8056,85.77,19.0
11/11/2023 7:45,15,15,558,69.7,0.034,0,0,256,1.35,3.70,19.1,1.002,85.96,1.4,0.1,1.0,19.1,0,100,8055,85.79,19.1
11/11/2023 8:00,15,15,570,108.1,0.136,0,0,193,1.29,4.77,19.0,0.999,85.96,1.4,0.1,2.0,19.3,0,100,8054,85.79,19.2
11/11/2023 8:15,15,15,616,198.5,0.017,0,0,230,1.32,3.00,18.9,0.998,85.96,1.4,0.1,1.0,19.6,0,100,8055,85.80,19.5
11/11/2023 8:30,15,15,604,141.2,0.391,0,0,225,1.35,4.33,19.0,1.002,85.97,1.5,0.0,7.1,19.8,0,100,8058,85.81,19.7
11/11/2023 8:45,15,15,611,140.8,0.068,0,0,236,1.23,3.50,18.6,1.002,85.97,1.4,0.1,1.0,19.6,0,100,8059,85.80,19.5
11/11/2023 9:00,15,15,513,235.7,0.017,0,0,222,1.41,3.94,18.8,0.999,85.97,1.5,0.1,1.0,19.8,0,100,8060,85.81,19.6
11/11/2023 9:15,15,15,491,169.1,0.000,0,0,206,1.31,3.44,19.0,0.996,85.98,1.5,0.1,0.0,20.0,0,100,8062,85.82,19.9
11/11/2023 9:30,15,15,477,189.5,0.000,0,0,234,1.44,3.86,18.9,0.995,85.97,1.4,0.1,0.0,19.9,0,100,8061,85.81,19.9
11/11/2023 9:45,15,15,479,169.3,0.000,0,0,223,1.25,3.78,18.9,0.999,85.96,1.5,0.1,0.0,20.0,0,100,8063,85.80,20.1
11/11/2023 10:00,15,15,464,183.3,0.000,0,0,246,1.67,5.74,18.9,1.002,85.95,1.5,0.0,0.0,20.0,0,100,8062,85.79,20.2
11/11/2023 10:15,15,3,451,490.5,0.000,0,0,218,1.67,4.62,19.4,0.997,85.93,1.5,0.1,0.0,20.8,0,100,8071,85.79,20.8
11/11/2023 10:30,6,0,450,516.0,0.000,0,0,224,1.63,5.30,20.1,1.007,85.92,1.5,0.0,0.0,22.6,0,100,8074,85.78,22.7
11/11/2023 10:45,3,0,449,528.2,0.000,0,0,291,1.25,5.07,20.3,1.000,85.91,1.5,0.1,0.0,23.1,0,100,8085,85.76,23.3
11/11/2023 11:00,0,0,450,476.4,0.000,0,0,235,1.30,4.66,21.2,1.001,85.89,1.5,0.1,0.0,23.5,0,100,8093,85.74,24.1
11/11/2023 11:15,14,0,451,233.6,0.000,0,0,229,1.63,4.80,20.6,1.003,85.89,1.5,0.0,0.0,22.8,0,100,8087,85.72,23.8
11/11/2023 11:30,15,14,542,314.4,0.017,0,0,230,1.31,3.73,20.5,1.003,85.88,1.5,0.1,1.0,22.3,0,100,8094,85.72,23.2
11/11/2023 11:45,15,15,468,261.9,0.000,0,0,227,1.50,4.65,20.4,0.998,85.86,1.5,0.1,0.0,22.2,0,100,8093,85.70,23.0
11/11/2023 12:00,15,11,452,242.5,0.000,0,0,214,1.20,4.97,20.2,1.001,85.85,1.5,0.0,0.0,21.7,0,100,8093,85.68,22.6
11/11/2023 12:15,15,0,451,306.3,0.000,0,0,216,1.38,3.92,20.6,0.995,85.83,1.5,0.1,0.0,22.0,0,100,8094,85.67,22.9
11/11/2023 12:30,15,0,451,213.3,0.000,0,0,222,1.18,3.53,20.5,1.004,85.83,1.5,0.0,0.0,22.0,0,100,8096,85.66,22.8
11/11/2023 12:45,15,0,451,209.9,0.000,0,0,237,1.05,2.71,20.4,1.006,85.82,1.5,0.1,0.0,21.9,0,100,8096,85.65,22.7
11/11/2023 13:00,15,0,451,198.1,0.000,0,0,200,1.48,5.65,20.5,0.999,85.81,1.5,0.1,0.0,21.8,0,100,8097,85.64,22.6
11/11/2023 13:15,15,0,451,206.8,0.000,0,0,188,1.23,4.23,20.6,0.994,85.78,1.5,0.0,0.0,21.7,0,100,8096,85.62,22.5
11/11/2023 13:30,15,0,451,172.8,0.000,0,0,212,1.23,3.76,20.8,1.004,85.77,1.5,0.1,0.0,21.9,0,100,8096,85.60,22.6
11/11/2023 13:45,15,0,452,93.7,0.000,0,0,252,1.22,4.66,20.5,1.000,85.77,1.4,0.0,0.0,21.5,0,100,8093,85.60,22.3
11/11/2023 14:00,15,0,452,76.3,0.000,0,0,271,1.34,5.13,20.2,1.001,85.77,1.4,0.1,0.0,21.0,0,100,8093,85.60,21.7
11/11/2023 14:15,15,0,452,102.7,0.000,0,0,172,1.24,3.10,20.1,1.000,85.76,1.5,0.0,0.0,20.8,0,100,8091,85.59,21.4
11/11/2023 14:30,15,0,452,73.2,0.000,0,0,207,1.18,6.05,20.1,1.001,85.75,1.5,0.1,0.0,20.6,0,100,8085,85.58,21.2
11/11/2023 14:45,15,1,528,81.4,0.000,0,0,214,1.21,4.65,19.9,1.000,85.76,1.4,0.1,0.0,20.4,0,100,8084,85.58,20.9
11/11/2023 15:00,15,15,528,63.9,0.511,0,0,252,1.37,4.98,19.8,0.998,85.76,1.5,0.1,7.1,20.2,0,100,8083,85.59,20.6
11/11/2023 15:15,15,15,493,88.6,0.017,0,0,237,1.29,3.41,19.6,1.001,85.75,1.4,0.1,1.0,20.0,0,100,8082,85.58,20.2
11/11/2023 15:30,15,15,510,101.5,0.000,0,0,228,1.18,3.05,19.6,1.001,85.75,1.4,0.1,0.0,20.1,0,100,8080,85.58,20.2
11/11/2023 15:45,15,15,643,107.5,1.226,0,0,243,1.51,4.13,19.5,1.000,85.76,1.5,0.1,12.2,20.0,0,100,8079,85.59,20.2
11/11/2023 16:00,15,15,616,43.0,1.072,0,0,168,1.39,5.89,19.4,1.001,85.74,1.5,0.1,12.2,19.9,0,100,8079,85.57,20.0
11/11/2023 16:15,15,15,642,23.0,0.715,0,0,218,1.34,4.34,19.3,1.000,85.73,1.5,0.1,9.2,19.5,0,100,8074,85.56,19.6
11/11/2023 16:30,15,15,575,13.3,0.511,0,0,259,1.65,5.55,19.1,1.000,85.75,1.5,0.1,5.1,19.2,0,100,8076,85.58,19.4
11/11/2023 16:45,15,15,600,8.3,0.187,0,0,217,1.39,3.90,18.9,1.000,85.76,1.4,0.1,2.0,19.0,0,100,8071,85.59,19.1
11/11/2023 17:00,15,15,603,2.2,0.443,0,0,236,1.56,5.90,18.9,1.000,85.78,1.4,0.1,7.1,18.8,0,100,8069,85.61,19.0
11/11/2023 17:15,15,15,631,0.2,0.204,0,0,221,1.41,4.42,18.9,1.000,85.80,1.5,0.0,3.1,18.7,0,100,8067,85.63,18.9
11/11/2023 17:30,15,15,596,0.0,0.357,0,0,260,1.73,4.89,18.7,1.000,85.81,1.5,0.1,5.1,18.6,0,100,8072,85.64,18.8
11/11/2023 17:45,15,15,592,0.0,0.170,0,0,262,1.50,6.23,18.5,1.001,85.81,1.5,0.1,1.0,18.5,0,100,8064,85.64,18.6
11/11/2023 18:00,15,15,569,0.0,0.102,0,0,246,1.74,5.20,18.1,1.000,85.83,1.4,0.0,1.0,18.3,0,100,8064,85.66,18.4
11/11/2023 18:15,15,15,573,0.0,0.102,0,0,273,1.52,5.36,17.7,1.000,85.85,1.4,0.1,1.0,17.8,0,100,8065,85.68,18.0
11/11/2023 18:30,15,15,570,0.0,0.085,0,0,262,1.32,3.57,17.5,0.999,85.88,1.4,0.2,1.0,17.6,0,100,8064,85.71,17.7
11/11/2023 18:45,15,15,576,0.0,0.085,0,0,256,1.38,4.34,17.4,1.001,85.90,1.4,0.1,1.0,17.4,0,100,8063,85.73,17.5
11/11/2023 19:00,15,15,555,0.0,0.034,0,0,244,1.30,3.10,17.1,1.000,85.90,1.4,0.1,1.0,17.2,0,100,8061,85.73,17.3
11/11/2023 19:15,15,15,536,0.0,0.034,0,0,258,1.45,5.24,17.1,1.000,85.91,1.4,0.1,1.0,17.1,0,100,8061,85.74,17.1
11/11/2023 19:30,15,15,513,0.0,0.017,0,0,270,1.47,5.30,17.2,0.993,85.93,1.4,0.1,1.0,16.9,0,100,8060,85.76,16.9
11/11/2023 19:45,15,15,512,0.0,0.000,0,0,254,1.12,3.22,17.1,0.985,85.94,1.4,0.1,0.0,16.7,0,100,8057,85.77,16.7
11/11/2023 20:00,15,15,508,0.0,0.017,0,0,270,1.11,4.33,17.0,0.983,85.95,1.4,0.1,1.0,16.6,0,100,8056,85.78,16.6
11/11/2023 20:15,15,15,533,0.0,0.017,0,0,255,0.78,2.72,16.9,0.980,85.96,1.4,0.1,1.0,16.5,0,100,8056,85.78,16.5
11/11/2023 20:30,15,15,531,0.0,0.034,0,0,258,0.75,3.30,17.0,0.970,85.96,1.5,0.1,1.0,16.4,0,100,8053,85.79,16.4
11/11/2023 20:45,15,15,569,0.0,0.068,0,0,241,0.86,2.69,17.1,0.962,85.97,1.4,0.1,1.0,16.4,0,100,8054,85.80,16.4
11/11/2023 21:00,15,15,564,0.0,0.017,0,0,241,0.73,3.08,17.2,0.954,85.98,1.4,0.1,1.0,16.5,0,100,8050,85.81,16.4
11/11/2023 21:15,15,15,535,0.0,0.000,0,0,261,0.52,2.64,17.2,0.956,86.00,1.4,0.1,0.0,16.6,0,100,8050,85.82,16.5
11/11/2023 21:30,15,15,529,0.0,0.017,0,0,165,0.46,1.32,17.0,0.971,86.01,1.4,0.1,1.0,16.6,0,100,8050,85.84,16.4
11/11/2023 21:45,15,15,530,0.0,0.000,0,0,166,1.05,2.29,16.7,0.992,86.02,1.4,0.1,0.0,16.4,0,100,8048,85.85,16.3
11/11/2023 22:00,15,15,535,0.0,0.000,0,0,197,0.42,1.11,16.5,1.000,86.04,1.4,0.1,0.0,16.3,0,100,8050,85.87,16.2
11/11/2023 22:15,15,15,540,0.0,0.000,0,0,188,0.53,1.55,16.4,0.995,86.05,1.4,0.1,0.0,16.1,0,100,8047,85.87,16.1
11/11/2023 22:30,15,15,546,0.0,0.000,0,0,194,0.56,1.83,16.3,0.994,86.03,1.4,0.1,0.0,16.1,0,100,8048,85.85,16.0
11/11/2023 22:45,15,15,551,0.0,0.000,0,0,218,0.76,3.12,16.4,0.985,86.01,1.4,0.1,0.0,16.0,0,100,8046,85.83,16.0
11/11/2023 23:00,15,15,554,0.0,0.000,0,0,218,0.76,2.76,16.5,0.986,86.01,1.4,0.1,0.0,16.0,0,100,8048,85.83,16.0
11/11/2023 23:15,15,15,557,0.0,0.000,0,0,232,0.80,2.67,16.5,0.989,85.99,1.4,0.1,0.0,16.1,0,100,8045,85.82,16.0
11/11/2023 23:30,15,15,562,0.0,0.000,0,0,197,0.65,1.98,16.4,0.991,85.99,1.5,0.1,0.0,16.1,0,100,8044,85.82,16.0
11/11/2023 23:45,15,15,561,0.0,0.017,0,0,172,0.44,1.12,16.4,0.990,85.98,1.4,0.1,1.0,16.1,0,100,8043,85.81,16.0
11/12/2023 0:00,15,15,561,0.0,0.000,0,0,205,0.55,2.44,16.5,0.985,85.96,1.4,0.1,0.0,16.1,0,100,8042,85.79,16.0
11/12/2023 0:15,15,15,563,0.0,0.000,0,0,241,0.51,1.46,16.6,0.983,85.94,1.3,0.1,0.0,16.1,0,100,8036,85.77,16.1
11/12/2023 0:30,15,15,562,0.0,0.000,0,0,218,0.77,2.43,16.7,0.957,85.92,1.4,0.1,0.0,16.2,0,100,8036,85.74,16.1
11/12/2023 0:45,15,15,558,0.0,0.000,0,0,229,0.90,2.42,16.9,0.975,85.90,1.4,0.1,0.0,16.4,0,100,8036,85.72,16.2
11/12/2023 1:00,15,15,555,0.0,0.000,0,0,219,0.86,2.43,17.0,0.977,85.89,1.4,0.1,0.0,16.4,0,100,8036,85.71,16.3
11/12/2023 1:15,15,15,545,0.0,0.000,0,0,160,1.07,3.70,17.1,0.975,85.87,1.5,0.1,0.0,16.5,0,100,8036,85.70,16.3
11/12/2023 1:30,15,15,522,0.0,0.000,0,0,152,1.78,4.41,17.3,0.968,85.85,1.4,0.1,0.0,16.6,0,100,8033,85.68,16.4
11/12/2023 1:45,15,15,507,0.0,0.000,0,0,154,1.19,3.69,17.4,0.973,85.84,1.4,0.1,0.0,16.7,0,100,8033,85.67,16.5
11/12/2023 2:00,15,15,498,0.0,0.000,0,0,172,0.90,3.51,17.3,0.975,85.83,1.4,0.1,0.0,16.7,0,100,8032,85.66,16.5
11/12/2023 2:15,15,15,495,0.0,0.000,0,0,219,0.74,2.12,17.2,0.979,85.83,1.4,0.1,0.0,16.7,0,100,8032,85.65,16.4
11/12/2023 2:30,15,15,493,0.0,0.000,0,0,194,0.72,2.14,17.1,0.986,85.81,1.4,0.2,0.0,16.7,0,100,8030,85.64,16.4
11/12/2023 2:45,15,15,492,0.0,0.017,0,0,240,0.83,3.01,17.1,0.982,85.80,1.5,0.1,1.0,16.6,0,100,8030,85.63,16.4
11/12/2023 3:00,15,15,491,0.0,0.000,0,0,221,0.78,3.17,17.2,0.978,85.81,1.4,0.1,0.0,16.7,0,100,8029,85.63,16.5
11/12/2023 3:15,15,15,492,0.0,0.000,0,0,232,0.86,2.46,17.2,0.981,85.80,1.4,0.1,0.0,16.8,0,100,8030,85.63,16.5
11/12/2023 3:30,15,15,493,0.0,0.000,0,0,229,0.84,2.78,17.2,0.983,85.80,1.4,0.1,0.0,16.7,0,100,8027,85.63,16.5
11/12/2023 3:45,15,15,495,0.0,0.000,0,0,214,0.76,3.68,17.2,0.984,85.80,1.4,0.1,0.0,16.7,0,100,8027,85.63,16.5
11/12/2023 4:00,15,15,496,0.0,0.000,0,0,246,0.85,2.32,17.2,0.982,85.80,1.4,0.1,0.0,16.7,0,100,8028,85.62,16.5
11/12/2023 4:15,15,15,497,0.0,0.000,0,0,240,0.89,3.67,17.2,0.981,85.80,1.4,0.1,0.0,16.7,0,100,8026,85.63,16.5
11/12/2023 4:30,15,15,503,0.0,0.000,0,0,194,0.61,2.20,17.0,0.988,85.81,1.4,0.1,0.0,16.6,0,100,8023,85.64,16.4
11/12/2023 4:45,15,15,513,0.0,0.017,0,0,210,0.65,2.78,16.9,0.984,85.82,1.4,0.1,1.0,16.4,0,100,8027,85.65,16.2
11/12/2023 5:00,15,15,522,0.0,0.000,0,0,235,0.80,2.50,16.8,0.982,85.84,1.4,0.1,0.0,16.3,0,100,8023,85.67,16.1
11/12/2023 5:15,15,15,529,0.0,0.000,0,0,221,0.83,3.41,16.9,0.976,85.86,1.4,0.0,0.0,16.3,0,100,8022,85.68,16.1
11/12/2023 5:30,15,15,536,0.2,0.017,0,0,236,0.70,2.78,16.8,0.977,85.86,1.4,0.1,1.0,16.2,0,100,8021,85.69,16.0
11/12/2023 5:45,15,15,547,3.5,0.000,0,0,224,0.50,1.19,16.7,0.977,85.86,1.4,0.1,0.0,16.1,0,100,8020,85.70,15.9
11/12/2023 6:00,15,15,559,10.7,0.000,0,0,237,0.51,1.66,16.5,0.983,85.88,1.4,0.1,0.0,16.1,0,100,8020,85.71,15.9
11/12/2023 6:15,15,15,570,18.8,0.017,0,0,253,0.58,1.78,16.6,0.984,85.89,1.4,0.1,1.0,16.1,0,100,8020,85.72,15.9
11/12/2023 6:30,15,15,555,90.4,0.000,0,0,247,0.77,2.01,16.8,0.994,85.89,1.5,0.1,0.0,16.9,0,100,8015,85.74,16.4
11/12/2023 6:45,15,15,538,76.9,0.000,0,0,267,0.85,3.43,17.1,1.000,85.91,1.4,0.1,0.0,17.4,0,100,8017,85.76,16.9
11/12/2023 7:00,15,15,493,111.4,0.000,0,0,253,0.87,3.22,17.5,1.002,85.92,1.5,0.1,0.0,18.3,0,100,8018,85.77,17.8
11/12/2023 7:15,15,15,487,54.1,0.000,0,0,268,0.92,3.51,17.6,1.000,85.95,1.5,0.1,0.0,18.0,0,100,8016,85.78,17.6
11/12/2023 7:30,15,15,478,94.1,0.017,0,0,227,0.86,2.41,17.6,1.000,85.96,1.4,0.1,1.0,17.9,0,100,8015,85.80,17.6
11/12/2023 7:45,15,13,458,268.9,0.000,0,0,231,0.96,4.29,18.3,1.002,85.95,1.5,0.1,0.0,19.3,0,100,8016,85.80,18.9
11/12/2023 8:00,5,0,447,496.6,0.000,0,0,238,1.03,3.36,19.7,0.999,85.91,1.5,0.1,0.0,21.9,0,100,8014,85.79,21.3
11/12/2023 8:15,0,0,446,518.3,0.000,0,0,225,1.16,3.57,20.5,0.995,85.92,1.5,0.1,0.0,24.1,0,100,8016,85.80,23.2
11/12/2023 8:30,0,0,446,593.3,0.000,0,0,259,1.53,4.69,20.8,1.004,85.94,1.6,0.1,0.0,24.9,0,100,8012,85.82,24.0
11/12/2023 8:45,0,0,447,489.3,0.000,0,0,243,1.19,4.28,21.1,1.000,85.96,1.5,0.1,0.0,25.2,0,100,8014,85.83,24.7
11/12/2023 9:00,0,0,446,687.8,0.000,0,0,209,1.60,4.16,21.6,1.001,85.98,1.5,0.1,0.0,25.8,0,100,8017,85.85,25.1
11/12/2023 9:15,0,0,447,465.7,0.000,0,0,207,1.06,3.82,21.3,0.997,86.01,1.5,0.0,0.0,25.6,0,100,8017,85.86,25.6
11/12/2023 9:30,0,0,447,458.7,0.000,0,0,222,1.14,5.02,21.1,0.999,86.01,1.6,0.1,0.0,25.1,0,100,8019,85.86,25.3
11/12/2023 9:45,0,0,448,395.1,0.000,0,0,238,1.20,3.00,21.0,0.998,86.03,1.5,0.1,0.0,24.7,0,100,8017,85.87,25.1
11/12/2023 10:00,0,0,448,504.5,0.000,0,0,236,1.31,4.76,21.3,0.991,86.03,1.5,0.1,0.0,24.3,0,100,8023,85.88,24.7
11/12/2023 10:15,0,0,447,474.0,0.000,0,0,211,1.08,3.13,21.3,0.992,86.04,1.5,0.1,0.0,24.2,0,100,8026,85.88,24.8
11/12/2023 10:30,0,0,447,515.3,0.000,0,0,208,1.06,2.64,21.6,0.985,86.03,1.5,0.0,0.0,24.8,0,100,8035,85.88,25.5
11/12/2023 10:45,0,0,447,532.7,0.000,0,0,196,1.30,3.43,22.0,0.995,86.02,1.5,0.0,0.0,25.1,0,100,8039,85.87,25.9
11/12/2023 11:00,0,0,447,439.1,0.000,0,0,214,1.05,2.43,21.9,0.993,86.02,1.5,0.1,0.0,25.3,0,100,8044,85.86,26.2
11/12/2023 11:15,0,0,447,565.2,0.000,0,0,250,1.23,2.91,21.9,0.983,85.99,1.5,0.1,0.0,25.2,0,100,8054,85.84,26.0
11/12/2023 11:30,0,0,446,459.0,0.000,0,0,207,1.31,4.35,21.9,0.981,85.98,1.5,0.0,0.0,25.0,0,100,8059,85.82,25.9
11/12/2023 11:45,0,0,446,458.3,0.000,0,0,221,1.03,3.06,21.8,0.980,85.95,1.5,0.0,0.0,24.9,0,100,8066,85.79,25.8
11/12/2023 12:00,0,0,446,544.7,0.000,0,0,198,1.17,3.41,22.4,0.969,85.93,1.5,0.1,0.0,25.4,0,100,8076,85.77,26.3
11/12/2023 12:15,0,0,446,530.2,0.000,0,0,199,1.20,3.17,22.5,0.975,85.91,1.5,0.0,0.0,25.6,0,100,8086,85.76,26.6
11/12/2023 12:30,0,0,446,517.1,0.000,0,0,251,1.17,2.97,22.1,0.992,85.89,1.5,0.1,0.0,25.6,0,100,8096,85.73,26.6
11/12/2023 12:45,0,0,446,600.3,0.000,0,0,212,1.16,3.09,22.7,0.975,85.86,1.5,0.0,0.0,25.8,0,100,8105,85.71,26.8
11/12/2023 13:00,0,0,445,720.7,0.000,0,0,190,1.49,4.05,23.5,0.955,85.84,1.5,0.0,0.0,26.8,0,100,8121,85.69,27.9
11/12/2023 13:15,0,0,445,796.3,0.000,0,0,168,1.69,3.86,24.1,0.928,85.81,1.6,0.0,0.0,27.6,0,100,8135,85.66,28.7
11/12/2023 13:30,0,0,446,526.8,0.000,0,0,196,1.42,2.76,23.5,0.956,85.82,1.5,0.0,0.0,27.6,0,100,8140,85.66,29.2
11/12/2023 13:45,0,0,447,447.0,0.000,0,0,221,1.05,3.67,22.6,0.984,85.81,1.5,0.0,0.0,26.9,0,100,8142,85.65,28.9
11/12/2023 14:00,0,0,448,367.9,0.000,0,0,264,1.11,3.14,22.0,0.988,85.81,1.6,0.0,0.0,25.7,0,100,8141,85.64,27.7
11/12/2023 14:15,0,0,449,153.7,0.000,0,0,195,1.01,2.69,21.6,0.971,85.81,1.5,0.1,0.0,24.3,0,100,8134,85.63,26.4
11/12/2023 14:30,0,0,449,138.3,0.000,0,0,232,0.90,2.52,21.2,0.974,85.80,1.5,0.1,0.0,23.1,0,100,8131,85.62,25.0
11/12/2023 14:45,0,0,450,159.1,0.000,0,0,176,0.88,2.47,21.0,0.979,85.81,1.5,0.1,0.0,22.7,0,100,8128,85.63,24.2
11/12/2023 15:00,11,0,454,83.4,0.000,0,0,195,0.77,2.44,20.9,0.975,85.82,1.5,0.1,0.0,22.1,0,100,8125,85.64,23.5
11/12/2023 15:15,15,15,650,171.9,0.153,0,0,215,0.77,3.42,20.4,0.992,85.80,1.5,0.1,2.0,21.7,0,100,8123,85.62,22.7
11/12/2023 15:30,15,15,604,185.6,0.000,0,0,202,0.73,1.84,20.3,0.998,85.79,1.5,0.0,0.0,21.7,0,100,8123,85.62,22.5
11/12/2023 15:45,15,15,580,95.2,0.000,0,0,178,0.90,2.88,20.2,0.999,85.80,1.4,0.1,0.0,21.4,0,100,8119,85.62,22.0
11/12/2023 16:00,15,15,582,85.5,0.000,0,0,210,0.72,2.04,19.9,1.002,85.81,1.5,0.1,0.0,20.9,0,100,8118,85.64,21.5
11/12/2023 16:15,15,15,612,51.8,0.136,2,17,217,1.00,2.34,19.6,1.000,85.83,1.4,0.1,2.0,20.4,0,100,8115,85.66,20.9
11/12/2023 16:30,15,15,609,28.0,1.089,0,0,271,0.77,2.14,19.3,1.001,85.85,1.5,0.1,18.4,19.9,0,100,8113,85.67,20.3
11/12/2023 16:45,15,15,577,21.8,0.051,0,0,264,0.95,2.72,19.0,1.000,85.85,1.4,0.1,1.0,19.4,0,100,8112,85.67,19.8
11/12/2023 17:00,15,15,600,23.9,0.051,0,0,285,1.10,2.55,18.8,1.000,85.84,1.4,0.0,1.0,19.0,0,100,8108,85.66,19.4
11/12/2023 17:15,15,15,571,6.7,0.034,0,0,235,0.99,2.66,18.7,1.001,85.85,1.4,0.0,1.0,18.8,0,100,8103,85.68,19.1
11/12/2023 17:30,15,15,567,0.0,0.034,0,0,247,0.88,3.76,18.6,1.002,85.86,1.4,0.1,1.0,18.6,0,100,8106,85.69,18.9
11/12/2023 17:45,15,15,580,0.0,0.068,0,0,281,1.18,2.43,18.4,1.000,85.87,1.5,0.1,1.0,18.4,0,100,8102,85.69,18.7
11/12/2023 18:00,15,15,572,0.0,0.017,0,0,258,1.14,3.76,18.3,0.998,85.87,1.4,0.1,1.0,18.2,0,100,8103,85.70,18.5
11/12/2023 18:15,15,15,548,0.0,0.017,0,0,239,0.96,3.01,18.4,0.998,85.88,1.5,0.1,1.0,18.2,0,100,8099,85.70,18.4
11/12/2023 18:30,15,15,536,0.0,0.017,0,0,268,1.04,3.43,18.3,1.000,85.89,1.4,0.1,1.0,18.2,0,100,8099,85.72,18.3
11/12/2023 18:45,15,15,531,0.0,0.000,0,0,240,0.99,2.17,18.3,0.999,85.90,1.4,0.1,0.0,18.1,0,100,8096,85.73,18.3
11/12/2023 19:00,15,15,521,0.0,0.000,0,0,222,0.88,3.01,18.2,1.000,85.92,1.4,0.2,0.0,18.1,0,100,8097,85.75,18.2
11/12/2023 19:15,15,15,513,0.0,0.000,0,0,183,0.98,3.35,18.1,1.002,85.94,1.4,0.1,0.0,18.0,0,100,8095,85.77,18.1
11/12/2023 19:30,15,15,516,0.0,0.000,0,0,217,0.83,3.26,18.1,1.000,85.96,1.4,0.1,0.0,17.9,0,100,8093,85.79,18.0
11/12/2023 19:45,15,15,518,0.0,0.000,0,0,193,0.74,2.65,18.0,1.000,85.97,1.4,0.1,0.0,17.9,0,100,8091,85.80,17.9
11/12/2023 20:00,15,15,516,0.0,0.000,0,0,213,0.89,3.54,17.9,1.001,85.98,1.4,0.1,0.0,17.8,0,100,8091,85.81,17.8
11/12/2023 20:15,15,15,509,0.0,0.017,0,0,249,0.83,2.97,17.9,0.999,85.99,1.4,0.1,1.0,17.8,0,100,8090,85.82,17.7
11/12/2023 20:30,15,15,500,0.0,0.000,0,0,229,0.70,2.44,17.9,0.994,85.99,1.4,0.1,0.0,17.7,0,100,8086,85.82,17.6
11/12/2023 20:45,15,15,490,0.0,0.000,0,0,197,0.55,1.41,17.9,0.990,86.00,1.4,0.1,0.0,17.6,0,100,8088,85.83,17.5
11/12/2023 21:00,15,15,482,0.0,0.000,0,0,178,0.58,2.63,18.0,0.984,86.00,1.4,0.1,0.0,17.5,0,100,8086,85.83,17.5
11/12/2023 21:15,15,15,478,0.0,0.000,0,0,171,0.58,1.59,18.1,0.975,86.02,1.4,0.1,0.0,17.5,0,100,8083,85.84,17.4
11/12/2023 21:30,15,15,473,0.0,0.000,0,0,153,0.63,2.19,18.0,0.967,86.03,1.4,0.1,0.0,17.5,0,100,8082,85.86,17.4
11/12/2023 21:45,15,15,464,0.0,0.000,0,0,142,0.92,2.50,18.4,0.933,86.03,1.4,0.1,0.0,17.6,0,100,8080,85.86,17.4
11/12/2023 22:00,15,9,459,0.0,0.000,0,0,174,0.71,2.51,18.5,0.926,86.02,1.4,0.1,0.0,17.8,0,100,8080,85.85,17.5
11/12/2023 22:15,15,0,456,0.0,0.000,0,0,160,0.72,1.70,18.5,0.933,86.02,1.4,0.1,0.0,17.8,0,100,8080,85.85,17.5
11/12/2023 22:30,15,0,455,0.0,0.000,0,0,204,0.55,1.48,18.5,0.943,86.02,1.5,0.1,0.0,17.9,0,100,8078,85.85,17.6
11/12/2023 22:45,15,0,455,0.0,0.000,0,0,186,0.42,1.63,18.4,0.956,86.03,1.4,0.1,0.0,17.9,0,100,8078,85.85,17.6
11/12/2023 23:00,15,0,455,0.0,0.000,0,0,177,0.55,1.13,18.2,0.964,86.01,1.5,0.1,0.0,17.8,0,100,8077,85.83,17.5
11/12/2023 23:15,15,0,458,0.0,0.000,0,0,198,0.30,0.82,17.7,0.985,85.99,1.5,0.1,0.0,17.5,0,100,8071,85.82,17.3
11/12/2023 23:30,15,11,462,0.0,0.000,0,0,169,0.58,1.63,17.6,0.989,85.99,1.5,0.1,0.0,17.3,0,100,8071,85.81,17.1
11/12/2023 23:45,15,15,467,0.0,0.000,0,0,178,0.60,1.46,17.5,0.990,85.97,1.4,0.1,0.0,17.2,0,100,8068,85.80,17.1
11/13/2023 0:00,15,15,475,0.0,0.000,0,0,176,0.55,1.05,17.3,0.997,85.95,1.4,0.1,0.0,17.1,0,100,8069,85.78,17.0
11/13/2023 0:15,15,15,482,0.0,0.000,0,0,174,0.39,0.87,17.4,0.990,85.95,1.4,0.1,0.0,17.0,0,100,8062,85.78,17.0
11/13/2023 0:30,15,15,485,0.0,0.000,0,0,182,0.34,0.82,17.4,0.963,85.95,1.4,0.1,0.0,17.0,0,100,8061,85.78,17.0
11/13/2023 0:45,15,15,488,0.0,0.000,0,0,157,0.53,0.84,17.5,0.986,85.94,1.4,0.1,0.0,17.0,0,100,8066,85.77,17.0
11/13/2023 1:00,15,15,488,0.0,0.000,0,0,186,0.48,1.04,17.6,0.987,85.94,1.4,0.1,0.0,17.2,0,100,8063,85.77,17.1
11/13/2023 1:15,15,15,492,0.0,0.000,0,0,188,0.52,1.10,17.6,0.993,85.92,1.4,0.1,0.0,17.3,0,100,8062,85.75,17.2
11/13/2023 1:30,15,15,496,0.0,0.000,0,0,184,0.43,0.74,17.6,0.995,85.91,1.4,0.1,0.0,17.3,0,100,8061,85.73,17.3
11/13/2023 1:45,15,15,498,0.0,0.000,0,0,194,0.54,2.08,17.7,0.993,85.88,1.4,0.1,0.0,17.4,0,100,8058,85.71,17.3
11/13/2023 2:00,15,15,498,0.0,0.000,0,0,245,0.75,2.58,17.8,0.993,85.86,1.4,0.0,0.0,17.5,0,100,8055,85.69,17.4
11/13/2023 2:15,15,15,499,0.0,0.000,0,0,194,0.92,3.25,17.9,0.990,85.85,1.4,0.1,0.0,17.5,0,100,8055,85.68,17.5
11/13/2023 2:30,15,15,515,0.0,0.000,0,0,183,0.89,3.12,17.9,0.993,85.86,1.4,0.1,0.0,17.6,0,100,8055,85.69,17.5
11/13/2023 2:45,15,15,519,0.0,0.000,0,0,208,0.64,1.63,17.6,1.000,85.85,1.4,0.1,0.0,17.4,0,100,8054,85.68,17.3
11/13/2023 3:00,15,15,524,0.0,0.000,0,0,198,0.58,1.45,17.4,0.996,85.85,1.4,0.1,0.0,17.1,0,100,8054,85.68,17.1
11/13/2023 3:15,15,15,527,0.0,0.000,0,0,223,0.81,2.27,17.3,0.990,85.85,1.4,0.1,0.0,17.0,0,100,8051,85.68,16.9
11/13/2023 3:30,15,15,532,0.0,0.000,0,0,210,0.57,1.27,17.2,0.990,85.84,1.4,0.1,0.0,16.9,0,100,8051,85.67,16.8
11/13/2023 3:45,15,15,544,0.0,0.000,0,0,236,0.71,1.84,17.0,0.993,85.84,1.4,0.1,0.0,16.7,0,100,8051,85.67,16.6
11/13/2023 4:00,15,15,556,0.0,0.000,0,0,202,0.77,2.26,16.9,0.987,85.84,1.4,0.1,0.0,16.5,0,100,8048,85.67,16.5
11/13/2023 4:15,15,15,572,0.0,0.000,0,0,219,0.57,1.51,16.7,0.989,85.84,1.4,0.1,0.0,16.4,0,100,8048,85.67,16.3
11/13/2023 4:30,15,15,587,0.0,0.000,0,0,257,0.65,2.20,16.6,0.991,85.84,1.4,0.1,0.0,16.2,0,100,8047,85.67,16.1
11/13/2023 4:45,15,15,601,0.0,0.000,0,0,243,0.78,3.11,16.5,0.984,85.83,1.4,0.1,0.0,16.1,0,100,8048,85.66,16.0
11/13/2023 5:00,15,15,615,0.0,0.000,0,0,259,0.71,2.31,16.6,0.981,85.84,1.4,0.1,0.0,16.1,0,100,8047,85.67,15.9
11/13/2023 5:15,15,15,627,0.0,0.017,0,0,256,0.91,4.30,16.6,0.977,85.84,1.4,0.1,1.0,16.1,0,100,8045,85.67,15.9
11/13/2023 5:30,15,15,634,1.2,0.000,0,0,180,0.91,3.43,16.9,0.966,85.87,1.5,0.1,0.0,16.2,0,100,8042,85.70,16.0
11/13/2023 5:45,15,15,641,8.5,0.000,0,0,231,0.63,1.65,16.9,0.974,85.88,1.4,0.1,0.0,16.3,0,100,8042,85.71,16.1
11/13/2023 6:00,15,15,646,21.9,0.000,0,0,226,0.85,2.68,17.0,0.980,85.92,1.4,0.1,0.0,16.4,0,100,8043,85.75,16.2
11/13/2023 6:15,15,15,651,35.9,0.000,0,0,258,0.57,1.48,16.9,0.997,85.94,1.4,0.0,0.0,16.6,0,100,8039,85.78,16.3
11/13/2023 6:30,15,15,645,59.8,0.000,0,0,248,0.59,2.03,17.0,1.000,85.95,1.4,0.1,0.0,16.9,0,100,8037,85.79,16.6
11/13/2023 6:45,15,15,639,55.4,0.017,0,0,235,0.67,2.03,17.4,0.998,85.97,1.4,0.1,1.0,17.2,0,100,8036,85.81,16.9
11/13/2023 7:00,15,15,616,94.0,0.000,0,0,245,0.85,2.19,17.5,0.999,85.99,1.5,0.1,0.0,17.6,0,100,8037,85.83,17.2
11/13/2023 7:15,15,15,572,153.7,0.000,0,0,252,0.83,2.53,17.8,1.003,85.98,1.4,0.1,0.0,18.3,0,100,8036,85.83,17.8
11/13/2023 7:30,15,15,512,136.3,0.000,0,0,208,0.74,2.23,18.2,0.999,85.99,1.4,0.1,0.0,19.0,0,100,8036,85.84,18.5
11/13/2023 7:45,15,11,452,164.6,0.017,0,0,238,1.07,2.51,18.5,0.999,85.99,1.5,0.1,1.0,19.4,0,100,8036,85.84,18.9
11/13/2023 8:00,7,0,447,372.1,0.000,0,0,217,1.05,3.87,19.3,1.000,85.97,1.5,0.1,0.0,20.9,0,100,8034,85.84,20.2
11/13/2023 8:15,0,0,446,495.5,0.000,0,0,209,1.08,3.52,20.6,0.995,85.96,1.5,0.1,0.0,23.3,0,100,8033,85.84,22.5
11/13/2023 8:30,0,0,445,552.3,0.000,0,0,198,1.08,3.31,21.2,0.996,85.97,1.5,0.1,0.0,24.9,0,100,8032,85.84,24.0
11/13/2023 8:45,0,0,447,434.5,0.000,0,0,232,1.18,4.29,21.1,0.998,86.00,1.5,0.0,0.0,25.2,0,100,8035,85.86,24.4
11/13/2023 9:00,0,0,449,262.0,0.000,0,0,230,1.16,4.27,20.2,0.999,86.05,1.6,0.1,0.0,23.6,0,100,8038,85.89,23.5
11/13/2023 9:15,0,0,448,342.5,0.000,0,0,234,1.27,3.53,20.1,1.001,86.05,1.5,0.0,0.0,22.8,0,100,8039,85.89,23.2
11/13/2023 9:30,0,0,448,458.5,0.000,0,0,228,1.38,4.62,20.7,0.991,86.04,1.5,0.1,0.0,23.1,0,100,8044,85.89,23.5
11/13/2023 9:45,0,0,446,476.3,0.000,0,0,236,1.08,3.31,20.6,0.998,86.04,1.5,0.1,0.0,23.3,0,100,8047,85.88,23.8
11/13/2023 10:00,0,0,446,672.7,0.000,0,0,207,1.39,3.98,21.8,0.989,86.00,1.6,0.0,0.0,24.9,0,100,8047,85.86,25.3
11/13/2023 10:15,0,0,449,480.8,0.000,0,0,221,1.43,3.40,21.4,0.995,86.01,1.5,0.1,0.0,25.0,0,100,8051,85.85,25.4
11/13/2023 10:30,0,0,447,602.3,0.000,0,0,232,1.32,3.69,21.6,0.992,85.99,1.5,0.1,0.0,24.9,0,100,8056,85.84,25.4
11/13/2023 10:45,0,0,447,632.6,0.000,0,0,202,1.42,4.17,21.8,0.985,85.97,1.5,0.1,0.0,25.2,0,100,8067,85.82,25.9
11/13/2023 11:00,0,0,446,651.9,0.000,0,0,228,1.39,3.63,21.9,0.990,85.96,1.6,0.1,0.0,25.4,0,100,8077,85.80,26.1
11/13/2023 11:15,0,0,446,675.6,0.000,0,0,198,1.30,3.73,22.6,0.981,85.92,1.5,0.0,0.0,26.0,0,100,8087,85.77,26.9
11/13/2023 11:30,0,0,446,711.6,0.000,0,0,226,1.39,5.35,22.4,0.985,85.90,1.5,0.1,0.0,26.3,0,100,8096,85.75,27.2
11/13/2023 11:45,0,0,444,815.8,0.000,0,0,207,1.50,4.14,23.3,0.960,85.88,1.6,0.0,0.0,26.7,0,100,8112,85.73,27.7
11/13/2023 12:00,0,0,447,481.7,0.000,0,0,195,1.46,4.11,22.2,0.973,85.89,1.5,0.0,0.0,26.4,0,100,8113,85.73,27.6
11/13/2023 12:15,0,0,448,381.3,0.000,0,0,185,1.22,3.36,21.9,0.974,85.89,1.5,0.1,0.0,25.2,0,100,8115,85.72,26.7
11/13/2023 12:30,5,0,448,273.1,0.000,0,0,184,0.97,2.91,21.3,0.986,85.87,1.5,0.1,0.0,24.3,0,100,8117,85.70,25.8
11/13/2023 12:45,14,0,451,173.3,0.000,0,0,236,0.90,2.22,20.8,0.998,85.86,1.4,0.0,0.0,23.5,0,100,8114,85.68,25.1
11/13/2023 13:00,3,0,448,342.3,0.000,0,0,223,1.01,3.15,20.7,0.990,85.84,1.5,0.0,0.0,22.7,0,100,8116,85.67,24.1
11/13/2023 13:15,9,3,461,143.7,0.000,1,27,191,0.73,1.83,20.9,0.994,85.83,1.5,0.0,0.0,22.8,0,100,8112,85.65,24.2
11/13/2023 13:30,15,13,465,100.6,0.000,5,16,228,0.80,3.73,20.3,0.996,85.82,1.5,0.1,0.0,21.9,0,100,8111,85.63,23.2
11/13/2023 13:45,15,7,484,106.6,0.000,4,11,210,0.88,2.44,20.1,0.997,85.81,1.5,0.1,0.0,21.2,0,100,8106,85.63,22.4
11/13/2023 14:00,15,15,539,50.8,0.000,2,10,168,0.67,2.07,19.9,0.995,85.79,1.5,0.0,0.0,20.7,0,100,8103,85.61,21.7
11/13/2023 14:15,15,15,519,59.5,0.000,0,0,213,0.64,1.81,19.7,0.997,85.78,1.4,0.1,0.0,20.4,0,100,8101,85.60,21.2
11/13/2023 14:30,15,15,516,104.2,0.000,1,20,192,0.88,2.67,19.7,0.998,85.76,1.4,0.1,0.0,20.2,0,100,8102,85.59,20.9
11/13/2023 14:45,15,15,535,101.1,0.017,0,0,192,0.84,2.39,19.8,1.002,85.75,1.5,0.1,1.0,20.4,0,100,8098,85.58,20.9
11/13/2023 15:00,15,15,586,40.1,0.051,0,0,234,0.72,1.78,19.6,0.999,85.75,1.4,0.1,1.0,20.2,0,100,8095,85.58,20.7
11/13/2023 15:15,15,15,586,68.5,0.017,0,0,172,0.85,2.62,19.4,0.998,85.76,1.4,0.1,1.0,19.9,0,100,8094,85.59,20.3
11/13/2023 15:30,15,15,626,54.6,0.017,0,0,217,0.66,1.92,19.4,0.999,85.77,1.4,0.1,1.0,19.9,0,100,8089,85.60,20.2
11/13/2023 15:45,15,15,723,38.3,0.800,0,0,162,0.72,2.65,19.5,1.001,85.77,1.5,0.1,7.1,19.8,0,100,8088,85.59,20.1
11/13/2023 16:00,15,15,590,42.7,0.783,0,0,260,0.76,2.13,19.3,1.001,85.77,1.4,0.1,9.2,19.6,0,100,8087,85.60,19.8
11/13/2023 16:15,15,15,625,63.1,0.715,0,0,221,0.91,2.34,19.2,1.002,85.79,1.4,0.1,6.1,19.5,0,100,8083,85.62,19.6
11/13/2023 16:30,15,15,594,55.1,0.170,0,0,226,0.98,3.31,18.9,1.001,85.80,1.4,0.1,1.0,19.3,0,100,8085,85.62,19.4
11/13/2023 16:45,15,15,565,50.2,0.017,0,0,190,0.71,1.56,18.8,1.001,85.79,1.4,0.1,1.0,19.1,0,100,8082,85.62,19.2
11/13/2023 17:00,15,15,552,22.4,0.017,0,0,201,0.68,1.66,18.7,0.999,85.77,1.4,0.1,1.0,18.8,0,100,8078,85.60,18.9
11/13/2023 17:15,15,15,541,8.9,0.000,0,0,171,0.51,1.13,18.3,1.000,85.77,1.4,0.1,0.0,18.4,0,100,8080,85.60,18.6
11/13/2023 17:30,15,15,525,1.6,0.000,0,0,154,0.59,1.62,18.2,0.988,85.77,1.4,0.1,0.0,18.0,0,100,8078,85.60,18.1
11/13/2023 17:45,15,15,515,0.0,0.000,0,0,174,0.55,2.10,18.2,0.966,85.78,1.5,0.1,0.0,17.7,0,100,8075,85.61,17.8
11/13/2023 18:00,15,15,504,0.0,0.000,0,0,151,0.92,3.37,18.1,0.966,85.80,1.4,0.1,0.0,17.5,0,100,8074,85.63,17.6
11/13/2023 18:15,15,15,484,0.0,0.017,0,0,158,1.19,2.21,18.2,0.958,85.81,1.4,0.1,1.0,17.5,0,100,8074,85.64,17.5
11/13/2023 18:30,15,15,478,0.0,0.000,0,0,155,0.98,1.98,18.5,0.945,85.82,1.4,0.0,0.0,17.6,0,100,8073,85.65,17.5
11/13/2023 18:45,15,15,476,0.0,0.000,0,0,201,0.26,0.84,18.1,0.962,85.84,1.4,0.1,0.0,17.5,0,100,8067,85.67,17.4
11/13/2023 19:00,15,15,475,0.0,0.000,0,0,108,0.26,0.73,17.9,0.963,85.86,1.4,0.1,0.0,17.3,0,100,8068,85.69,17.2
11/13/2023 19:15,15,15,474,0.0,0.000,0,0,171,0.24,0.58,17.9,0.962,85.88,1.4,0.1,0.0,17.2,0,100,8067,85.71,17.1
11/13/2023 19:30,15,15,472,0.0,0.000,0,0,180,0.25,0.57,17.9,0.958,85.90,1.5,0.1,0.0,17.2,0,100,8066,85.73,17.1
11/13/2023 19:45,15,15,473,0.0,0.000,0,0,162,0.34,0.73,18.0,0.959,85.91,1.4,0.1,0.0,17.2,0,100,8064,85.74,17.1
11/13/2023 20:00,15,15,476,0.0,0.000,0,0,211,0.41,1.13,17.9,0.967,85.92,1.4,0.1,0.0,17.2,0,100,8063,85.74,17.0
11/13/2023 20:15,15,15,478,0.0,0.017,0,0,178,0.53,1.37,17.9,0.965,85.94,1.4,0.2,1.0,17.2,0,100,8063,85.77,16.9
11/13/2023 20:30,15,15,485,0.0,0.000,0,0,168,0.74,1.27,17.8,0.979,85.96,1.4,0.1,0.0,17.3,0,100,8062,85.79,17.1
11/13/2023 20:45,15,15,578,0.0,0.000,0,0,156,1.38,3.34,17.8,0.990,85.96,1.4,0.1,0.0,17.5,0,100,8062,85.78,17.4
11/13/2023 21:00,15,15,599,0.0,0.017,0,0,197,0.54,1.65,17.7,0.998,85.96,1.4,0.1,1.0,17.6,0,100,8062,85.79,17.4
11/13/2023 21:15,15,15,616,0.0,0.000,0,0,205,0.49,1.05,17.6,0.998,85.96,1.4,0.1,0.0,17.4,0,100,8059,85.79,17.2
11/13/2023 21:30,15,15,630,0.0,0.000,0,0,200,0.46,1.87,17.5,0.991,85.95,1.4,0.1,0.0,17.2,0,100,8056,85.78,17.1
11/13/2023 21:45,15,15,659,0.0,0.017,0,0,169,0.75,1.75,17.7,0.982,85.95,1.4,0.1,1.0,17.3,0,100,8056,85.78,17.2
11/13/2023 22:00,15,15,676,0.0,0.000,0,0,170,0.67,1.33,17.8,0.988,85.95,1.5,0.1,0.0,17.4,0,100,8055,85.78,17.4
11/13/2023 22:15,15,15,701,0.0,0.000,0,0,194,0.72,1.47,18.0,0.989,85.95,1.5,0.1,0.0,17.6,0,100,8057,85.78,17.5
11/13/2023 22:30,15,15,753,0.0,0.017,0,0,178,0.78,1.73,18.0,0.995,85.94,1.5,0.0,1.0,17.8,0,100,8055,85.77,17.7
11/13/2023 22:45,15,15,799,0.0,0.000,0,0,198,0.72,1.60,18.0,0.998,85.95,1.4,0.1,0.0,17.8,0,100,8053,85.78,17.8
11/13/2023 23:00,15,15,797,0.0,0.017,0,0,179,0.72,1.69,18.0,1.000,85.96,1.4,0.1,1.0,17.9,0,100,8051,85.79,17.8
11/13/2023 23:15,15,15,636,0.0,0.034,0,0,201,0.60,2.07,18.0,1.000,85.95,1.4,0.1,1.0,17.8,0,100,8052,85.78,17.8
11/13/2023 23:30,15,15,615,0.0,0.017,0,0,181,0.67,1.88,17.9,1.000,85.94,1.4,0.1,1.0,17.8,0,100,8049,85.77,17.8
11/13/2023 23:45,15,15,600,0.0,0.000,0,0,187,0.76,1.72,17.9,0.999,85.91,1.4,0.1,0.0,17.8,0,100,8050,85.74,17.8
11/14/2023 0:00,15,15,584,0.0,0.017,0,0,215,0.74,2.07,17.9,0.998,85.91,1.4,0.1,1.0,17.7,0,100,8048,85.74,17.7
11/14/2023 0:15,15,15,572,0.0,0.000,0,0,210,0.68,2.14,17.9,0.996,85.90,1.4,0.1,0.0,17.7,0,100,8024,85.72,17.9
11/14/2023 0:30,15,15,560,0.0,0.000,0,0,202,0.75,2.11,18.0,0.972,85.89,1.4,0.1,0.0,17.7,0,100,8033,85.72,17.9
11/14/2023 0:45,15,15,547,0.0,0.000,0,0,158,1.18,3.15,18.1,0.994,85.87,1.5,0.1,0.0,17.8,0,100,8034,85.69,17.8
11/14/2023 1:00,15,15,535,0.0,0.017,0,0,156,1.20,4.40,18.2,0.995,85.86,1.4,0.0,1.0,17.9,0,100,8033,85.69,17.9
11/14/2023 1:15,15,15,527,0.0,0.000,0,0,166,1.05,4.45,18.2,0.998,85.85,1.5,0.1,0.0,18.0,0,100,8033,85.67,18.0
11/14/2023 1:30,15,15,528,0.0,0.000,0,0,200,0.66,2.93,18.2,0.997,85.83,1.4,0.1,0.0,18.0,0,100,8030,85.67,18.0
11/14/2023 1:45,15,15,532,0.0,0.000,0,0,174,0.80,2.56,18.3,0.996,85.82,1.5,0.1,0.0,18.1,0,100,8030,85.65,18.0
11/14/2023 2:00,15,15,535,0.0,0.000,0,0,204,0.71,1.57,18.4,0.993,85.81,1.4,0.1,0.0,18.1,0,100,8029,85.64,18.1
11/14/2023 2:15,15,15,536,0.0,0.000,0,0,190,0.64,1.39,18.4,0.994,85.81,1.5,0.1,0.0,18.2,0,100,8029,85.64,18.1
11/14/2023 2:30,15,15,603,0.0,0.034,0,0,176,0.72,1.52,18.5,0.996,85.80,1.4,0.1,1.0,18.3,0,100,8026,85.63,18.2
11/14/2023 2:45,15,15,580,0.0,0.034,0,0,172,0.85,1.52,18.5,0.999,85.80,1.4,0.1,1.0,18.3,0,100,8029,85.63,18.3
11/14/2023 3:00,15,15,601,0.0,0.017,0,0,180,0.67,1.33,18.5,0.999,85.80,1.4,0.1,1.0,18.3,0,100,8029,85.63,18.3
11/14/2023 3:15,15,15,580,0.0,0.034,0,0,166,0.59,0.98,18.5,0.999,85.80,1.4,0.1,1.0,18.3,0,100,8028,85.63,18.3
11/14/2023 3:30,15,15,627,0.0,0.051,0,0,169,0.70,1.34,18.6,0.997,85.79,1.5,0.1,1.0,18.4,0,100,8025,85.63,18.4
11/14/2023 3:45,15,15,585,0.0,0.085,0,0,191,0.80,1.52,18.6,0.998,85.80,1.5,0.1,1.0,18.4,0,100,8023,85.63,18.4
11/14/2023 4:00,15,15,579,0.0,0.034,0,0,191,0.73,1.92,18.6,0.998,85.80,1.5,0.1,1.0,18.4,0,100,8022,85.63,18.4
11/14/2023 4:15,15,15,569,0.0,0.034,0,0,171,0.73,1.80,18.5,0.999,85.80,1.5,0.1,1.0,18.4,0,100,8023,85.63,18.4
11/14/2023 4:30,15,15,558,0.0,0.017,0,0,185,0.67,1.18,18.5,0.999,85.82,1.4,0.1,1.0,18.3,0,100,8020,85.65,18.3
11/14/2023 4:45,15,15,555,0.0,0.000,0,0,180,0.70,2.01,18.5,0.999,85.84,1.5,0.1,0.0,18.3,0,100,8021,85.67,18.3
11/14/2023 5:00,15,15,547,0.0,0.017,0,0,189,0.73,1.24,18.5,0.998,85.85,1.4,0.1,1.0,18.3,0,100,8019,85.68,18.3
11/14/2023 5:15,15,15,544,0.0,0.000,0,0,194,0.74,1.90,18.4,0.999,85.85,1.5,0.1,0.0,18.2,0,100,8017,85.68,18.2
11/14/2023 5:30,15,15,541,0.1,0.017,0,0,193,0.91,2.28,18.2,1.000,85.86,1.5,0.1,1.0,18.1,0,100,8017,85.69,18.1
11/14/2023 5:45,15,15,553,4.3,0.000,0,0,195,0.70,1.39,18.1,1.000,85.87,1.4,0.1,0.0,17.9,0,100,8018,85.70,17.9
11/14/2023 6:00,15,15,548,13.5,0.000,0,0,183,0.63,1.57,18.0,0.996,85.88,1.4,0.1,0.0,17.8,0,100,8017,85.72,17.7
11/14/2023 6:15,15,15,545,21.6,0.017,0,0,180,0.63,1.27,17.9,0.997,85.90,1.4,0.1,1.0,17.7,0,100,8014,85.74,17.7
11/14/2023 6:30,15,15,533,53.3,0.000,0,0,182,0.67,1.54,18.2,0.997,85.92,1.5,0.1,0.0,18.0,0,100,8015,85.76,17.9
11/14/2023 6:45,15,15,526,69.7,0.000,0,0,192,0.75,1.38,18.5,0.999,85.93,1.5,0.1,0.0,18.5,0,100,8013,85.77,18.4
11/14/2023 7:00,15,15,508,93.5,0.017,0,0,194,0.61,1.24,18.6,0.999,85.95,1.5,0.1,1.0,18.9,0,100,8011,85.78,18.7
11/14/2023 7:15,15,15,514,172.9,0.000,0,0,183,1.00,1.86,18.8,1.000,85.95,1.5,0.1,0.0,19.4,0,100,8014,85.79,19.1
11/14/2023 7:30,15,15,470,272.6,0.000,0,0,181,0.90,2.49,19.0,0.998,85.94,1.5,0.0,0.0,20.5,0,100,8014,85.80,19.9
11/14/2023 7:45,15,8,458,322.9,0.000,0,0,185,0.75,2.68,19.4,0.995,85.93,1.5,0.0,0.0,22.2,0,100,8016,85.80,21.6
11/14/2023 8:00,15,0,455,311.1,0.000,0,0,196,0.98,2.07,20.0,0.990,85.95,1.4,0.1,0.0,22.4,0,100,8017,85.80,22.2
11/14/2023 8:15,15,0,454,305.7,0.000,0,0,184,0.95,2.43,20.1,1.002,85.95,1.5,0.1,0.0,22.2,0,100,8018,85.80,22.4
11/14/2023 8:30,9,0,448,472.3,0.000,0,0,164,1.07,2.24,20.8,1.001,85.93,1.5,0.1,0.0,23.3,0,100,8017,85.80,23.2
11/14/2023 8:45,0,0,444,607.1,0.000,0,0,180,0.80,2.18,21.7,0.998,85.92,1.5,0.1,0.0,25.4,0,100,8020,85.80,25.4
11/14/2023 9:00,0,0,446,440.8,0.000,0,0,167,0.50,1.17,21.4,1.006,85.95,1.5,0.0,0.0,26.2,0,100,8020,85.81,26.3
11/14/2023 9:15,0,0,446,539.3,0.000,0,0,223,0.70,2.06,21.7,0.992,85.96,1.5,0.0,0.0,25.9,0,100,8024,85.82,26.3
11/14/2023 9:30,0,0,449,268.5,0.000,0,0,215,0.62,1.79,21.5,0.999,85.99,1.5,0.0,0.0,25.5,0,100,8028,85.83,26.8
11/14/2023 9:45,4,0,450,190.5,0.000,0,0,212,0.56,1.34,21.2,0.999,86.01,1.5,0.1,0.0,24.0,0,100,8026,85.84,25.4
11/14/2023 10:00,12,0,451,166.0,0.000,0,0,199,0.79,1.57,21.0,0.998,86.01,1.5,0.0,0.0,23.2,0,100,8023,85.84,24.7
11/14/2023 10:15,8,0,448,403.6,0.000,0,0,198,0.76,1.65,21.4,0.999,85.98,1.5,0.1,0.0,23.3,0,100,8028,85.82,24.5
11/14/2023 10:30,3,0,450,182.6,0.000,0,0,217,0.69,1.66,21.4,1.006,85.97,1.5,0.1,0.0,23.8,0,100,8027,85.80,25.3
11/14/2023 10:45,15,0,453,136.9,0.000,0,0,182,0.62,1.12,21.5,0.991,85.96,1.5,0.1,0.0,23.1,0,100,8028,85.79,24.5
11/14/2023 11:00,15,5,574,122.8,0.000,0,0,207,0.56,1.09,21.1,0.999,85.94,1.5,0.1,0.0,22.7,0,100,8026,85.76,24.0
11/14/2023 11:15,15,15,696,119.7,0.221,0,0,182,0.65,1.29,21.0,1.000,85.91,1.4,0.1,2.0,22.3,0,100,8024,85.74,23.4
11/14/2023 11:30,15,15,554,96.6,0.800,0,0,207,0.57,1.53,20.6,1.000,85.92,1.4,0.1,8.2,21.8,0,100,8022,85.74,22.7
11/14/2023 11:45,15,15,544,80.8,0.153,0,0,201,0.54,1.36,20.4,1.003,85.92,1.5,0.1,2.0,21.4,0,100,8024,85.74,22.0
11/14/2023 12:00,15,15,567,88.7,0.851,0,0,182,0.78,1.61,20.3,0.998,85.91,1.4,0.1,10.2,20.9,0,100,8019,85.74,21.4
11/14/2023 12:15,15,15,557,247.5,0.409,0,0,211,0.70,2.51,20.3,0.994,85.89,1.5,0.1,5.1,21.4,0,100,8022,85.72,21.6
11/14/2023 12:30,15,15,534,151.0,0.034,0,0,238,0.52,1.43,20.2,0.996,85.89,1.5,0.2,1.0,21.4,0,100,8020,85.72,21.7
11/14/2023 12:45,15,15,548,180.3,0.238,0,0,194,0.55,1.14,20.0,1.001,85.88,1.4,0.0,2.0,21.2,0,100,8025,85.71,21.4
11/14/2023 13:00,15,15,531,417.9,1.328,0,0,205,0.74,1.94,20.4,1.000,85.84,1.5,0.1,23.5,22.0,0,100,8033,85.68,21.9
11/14/2023 13:15,15,15,492,355.1,0.000,0,0,224,0.65,1.79,20.6,1.001,85.82,1.5,0.0,0.0,22.6,0,100,8039,85.67,22.5
11/14/2023 13:30,15,15,478,406.2,0.000,0,0,234,0.74,1.93,20.5,1.001,85.80,1.5,0.1,0.0,22.7,0,100,8048,85.64,22.8
11/14/2023 13:45,15,15,470,363.2,0.000,0,0,197,0.73,2.25,21.2,0.998,85.78,1.5,0.0,0.0,23.2,0,100,8051,85.62,23.7
11/14/2023 14:00,15,15,467,177.9,0.000,1,8,208,0.55,1.39,20.9,1.000,85.78,1.5,0.0,0.0,22.8,0,100,8054,85.61,23.7
11/14/2023 14:15,15,15,467,86.9,0.000,0,0,181,0.72,1.74,20.9,1.000,85.77,1.5,0.1,0.0,22.3,0,100,8047,85.59,23.3
11/14/2023 14:30,15,15,469,23.9,0.000,1,17,184,0.65,1.61,20.4,1.001,85.76,1.5,0.1,0.0,21.4,0,100,8047,85.58,22.5
11/14/2023 14:45,15,15,487,27.0,0.000,3,6,175,0.74,1.49,20.2,0.999,85.77,1.5,0.1,0.0,20.7,0,100,8044,85.59,21.7
11/14/2023 15:00,15,15,606,30.9,0.034,0,0,176,0.66,1.35,19.9,1.000,85.77,1.4,0.1,1.0,20.3,0,100,8043,85.60,21.1
11/14/2023 15:15,15,15,600,41.7,0.136,0,0,198,0.68,1.35,19.7,1.001,85.76,1.5,0.1,1.0,20.1,0,100,8041,85.59,20.8
11/14/2023 15:30,15,15,562,60.7,0.017,0,0,186,0.66,1.42,19.7,0.999,85.75,1.4,0.1,1.0,20.1,0,100,8039,85.58,20.6
11/14/2023 15:45,15,15,556,51.0,0.034,1,24,180,0.64,1.73,19.6,0.996,85.75,1.5,0.1,1.0,20.0,0,100,8036,85.58,20.5
11/14/2023 16:00,15,15,537,33.1,0.000,0,0,169,0.72,1.87,19.6,0.999,85.78,1.5,0.1,0.0,19.9,0,100,8036,85.61,20.2
11/14/2023 16:15,15,15,525,42.6,0.000,0,0,176,0.63,1.61,19.7,1.000,85.79,1.5,0.1,0.0,19.8,0,100,8033,85.62,20.1
11/14/2023 16:30,15,15,521,20.3,0.000,0,0,178,0.60,1.46,19.5,1.001,85.81,1.4,0.1,0.0,19.8,0,100,8032,85.64,20.1
11/14/2023 16:45,15,15,523,10.9,0.000,2,12,162,1.01,2.08,19.4,1.001,85.82,1.5,0.1,0.0,19.5,0,100,8031,85.65,19.8
11/14/2023 17:00,15,15,524,9.1,0.000,1,12,196,0.59,1.17,19.3,1.000,85.82,1.4,0.1,0.0,19.4,0,100,8031,85.65,19.6
11/14/2023 17:15,15,15,520,3.3,0.000,2,16,162,0.87,2.11,19.2,1.002,85.84,1.4,0.1,0.0,19.2,0,100,8027,85.67,19.4
11/14/2023 17:30,15,15,528,0.9,0.000,1,17,157,1.09,1.85,19.0,1.000,85.85,1.4,0.1,0.0,19.0,0,100,8027,85.68,19.2
11/14/2023 17:45,15,15,534,0.0,0.000,0,0,152,0.78,1.90,18.9,0.999,85.86,1.4,0.0,0.0,18.8,0,100,8023,85.69,18.9
11/14/2023 18:00,15,15,577,0.0,0.068,0,0,163,0.69,1.88,18.9,0.995,85.88,1.4,0.1,1.0,18.6,0,100,8024,85.70,18.7
11/14/2023 18:15,15,15,598,0.0,0.051,0,0,156,0.62,1.02,18.8,0.994,85.89,1.4,0.1,1.0,18.5,0,100,8023,85.72,18.6
11/14/2023 18:30,15,15,586,0.0,0.000,0,0,172,0.38,0.84,18.8,0.991,85.91,1.5,0.1,0.0,18.5,0,100,8022,85.74,18.5
11/14/2023 18:45,15,15,582,0.0,0.017,0,0,150,0.73,1.14,18.8,0.991,85.94,1.5,0.1,1.0,18.5,0,100,8020,85.77,18.5
11/14/2023 19:00,15,15,580,0.0,0.000,0,0,170,0.65,1.08,18.8,0.994,85.97,1.4,0.1,0.0,18.6,0,100,8020,85.80,18.6
11/14/2023 19:15,15,15,577,0.0,0.000,0,0,161,1.01,1.77,18.8,0.996,85.98,1.5,0.1,0.0,18.6,0,100,8018,85.81,18.5
11/14/2023 19:30,15,15,577,0.0,0.000,0,0,172,0.57,1.02,18.9,0.993,86.00,1.4,0.1,0.0,18.6,0,100,8015,85.83,18.5
11/14/2023 19:45,15,15,586,0.0,0.000,0,0,160,0.87,1.42,18.8,0.994,85.99,1.5,0.1,0.0,18.5,0,100,8015,85.82,18.4
11/14/2023 20:00,15,15,594,0.0,0.000,0,0,157,1.33,2.08,18.8,0.983,86.00,1.5,0.1,0.0,18.4,0,100,8017,85.82,18.2
11/14/2023 20:15,15,15,586,0.0,0.000,0,0,152,1.50,2.37,18.7,0.985,86.00,1.4,0.1,0.0,18.3,0,100,8014,85.83,18.1
11/14/2023 20:30,15,15,588,0.0,0.017,0,0,150,1.39,2.19,18.7,0.980,86.01,1.4,0.1,1.0,18.2,0,100,8014,85.84,18.1
11/14/2023 20:45,15,15,595,0.0,0.000,0,0,154,1.22,2.34,18.5,0.986,86.02,1.4,0.1,0.0,18.1,0,100,8014,85.85,17.9
11/14/2023 21:00,15,15,603,0.0,0.000,0,0,128,0.65,1.99,18.4,0.984,86.02,1.4,0.1,0.0,17.9,0,100,8012,85.85,17.8
11/14/2023 21:15,15,15,610,0.0,0.017,0,0,146,0.54,0.78,18.3,0.983,86.02,1.5,0.1,1.0,17.8,0,100,8012,85.85,17.6
11/14/2023 21:30,15,15,617,0.0,0.000,0,0,142,0.61,0.83,18.2,0.980,86.02,1.4,0.1,0.0,17.7,0,100,8009,85.85,17.5
11/14/2023 21:45,15,15,627,0.0,0.000,0,0,130,0.62,1.01,18.3,0.974,86.01,1.4,0.0,0.0,17.7,0,100,8009,85.84,17.5
11/14/2023 22:00,15,15,636,0.0,0.000,0,0,120,0.56,1.15,18.4,0.980,86.00,1.4,0.1,0.0,17.8,0,100,8006,85.83,17.6
11/14/2023 22:15,15,15,644,0.0,0.017,0,0,142,0.90,1.57,18.3,0.987,85.99,1.4,0.1,1.0,17.8,0,100,8007,85.82,17.6
11/14/2023 22:30,15,15,649,0.0,0.000,0,0,151,0.89,1.09,18.1,0.989,85.99,1.4,0.1,0.0,17.8,0,100,8006,85.82,17.5
11/14/2023 22:45,15,15,658,0.0,0.000,0,0,146,1.28,1.71,18.2,0.985,85.97,1.4,0.1,0.0,17.7,0,100,8006,85.80,17.5
11/14/2023 23:00,15,15,668,0.0,0.017,0,0,155,0.86,2.08,18.1,0.990,85.96,1.4,0.1,1.0,17.8,0,100,8005,85.79,17.5
11/14/2023 23:15,15,15,681,0.0,0.000,0,0,161,0.74,1.41,17.9,0.991,85.94,1.5,0.1,0.0,17.5,0,100,8003,85.77,17.3
11/14/2023 23:30,15,15,690,0.0,0.000,0,0,147,0.43,0.80,17.8,0.984,85.94,1.5,0.1,0.0,17.3,0,100,8002,85.77,17.2
11/14/2023 23:45,15,15,691,0.0,0.000,0,0,155,0.65,1.10,17.9,0.979,85.94,1.4,0.1,0.0,17.3,0,100,8002,85.77,17.2
11/15/2023 0:00,15,15,692,0.0,0.017,0,0,165,0.46,0.82,17.9,0.981,85.93,1.4,0.1,1.0,17.4,0,100,8001,85.76,17.2
11/15/2023 0:15,15,15,708,0.0,0.000,0,0,160,0.68,1.18,17.9,0.982,85.92,1.5,0.1,0.0,17.5,0,100,7984,85.75,17.4
11/15/2023 0:30,15,15,721,0.0,0.000,0,0,172,0.61,1.55,17.9,0.959,85.91,1.5,0.1,0.0,17.4,0,100,7988,85.73,17.3
11/15/2023 0:45,15,15,730,0.0,0.017,0,0,170,0.48,1.19,17.9,0.982,85.89,1.4,0.1,1.0,17.4,0,100,7988,85.72,17.3
11/15/2023 1:00,15,15,717,0.0,0.000,0,0,158,0.65,1.09,18.0,0.983,85.87,1.4,0.1,0.0,17.6,0,100,7988,85.70,17.4
11/15/2023 1:15,15,15,672,0.0,0.000,0,0,160,0.70,0.80,18.1,0.988,85.84,1.4,0.1,0.0,17.7,0,100,7988,85.67,17.5
11/15/2023 1:30,15,15,684,0.0,0.000,0,0,160,0.78,1.15,18.2,0.990,85.83,1.5,0.1,0.0,17.8,0,100,7986,85.66,17.6
11/15/2023 1:45,15,15,686,0.0,0.000,0,0,156,0.55,0.90,18.1,0.987,85.83,1.4,0.1,0.0,17.7,0,100,7987,85.66,17.5
11/15/2023 2:00,15,15,687,0.0,0.000,0,0,160,0.65,0.98,18.1,0.986,85.82,1.5,0.1,0.0,17.7,0,100,7988,85.65,17.5
11/15/2023 2:15,15,15,682,0.0,0.017,0,0,157,0.85,1.18,18.1,0.989,85.81,1.5,0.1,1.0,17.7,0,100,7989,85.64,17.6
11/15/2023 2:30,15,15,674,0.0,0.000,0,0,161,0.84,1.21,18.2,0.990,85.81,1.5,0.1,0.0,17.9,0,100,7984,85.64,17.7
11/15/2023 2:45,15,15,576,0.0,0.051,0,0,168,0.67,1.04,18.4,0.988,85.81,1.5,0.1,1.0,18.0,0,100,7984,85.64,17.9
11/15/2023 3:00,15,15,548,0.0,0.051,0,0,162,0.77,1.04,18.4,0.994,85.81,1.5,0.1,1.0,18.1,0,100,7985,85.64,18.0
11/15/2023 3:15,15,15,588,0.0,0.034,0,0,162,0.72,1.03,18.5,0.995,85.80,1.5,0.1,1.0,18.2,0,100,7982,85.63,18.1
11/15/2023 3:30,15,15,581,0.0,0.085,0,0,170,0.65,0.92,18.5,0.998,85.80,1.5,0.1,1.0,18.3,0,100,7984,85.64,18.2
11/15/2023 3:45,15,15,582,0.0,0.102,0,0,181,0.58,0.86,18.6,0.994,85.80,1.4,0.1,1.0,18.3,0,100,7983,85.63,18.3
11/15/2023 4:00,15,15,610,0.0,0.102,0,0,166,0.64,1.24,18.7,0.993,85.80,1.5,0.1,1.0,18.4,0,100,7984,85.64,18.4
11/15/2023 4:15,15,15,617,0.0,0.068,0,0,164,0.93,1.38,18.7,0.999,85.82,1.5,0.0,1.0,18.5,0,100,7983,85.65,18.4
11/15/2023 4:30,15,15,587,0.0,0.085,0,0,177,0.58,1.07,18.6,1.000,85.81,1.4,0.1,1.0,18.5,0,100,7979,85.64,18.4
11/15/2023 4:45,15,15,614,0.0,0.153,0,0,185,0.67,1.41,18.6,0.999,85.82,1.5,0.1,1.0,18.4,0,100,7979,85.65,18.4
11/15/2023 5:00,15,15,620,0.0,0.204,0,0,166,0.64,1.32,18.7,0.998,85.82,1.5,0.1,1.0,18.4,0,100,7979,85.66,18.4
11/15/2023 5:15,15,15,627,0.0,0.153,0,0,168,0.62,0.97,18.7,0.996,85.83,1.5,0.1,1.0,18.5,0,100,7980,85.66,18.5
11/15/2023 5:30,15,15,617,0.0,0.119,0,0,163,0.84,2.24,18.7,1.000,85.84,1.4,0.1,1.0,18.5,0,100,7980,85.68,18.5
11/15/2023 5:45,15,15,613,1.5,0.136,0,0,174,0.67,2.00,18.8,0.997,85.86,1.5,0.1,1.0,18.5,0,100,7976,85.69,18.5
11/15/2023 6:00,15,15,650,4.1,0.119,0,0,183,0.64,1.92,18.8,0.999,85.89,1.5,0.1,1.0,18.6,0,100,7976,85.72,18.6
11/15/2023 6:15,15,15,623,15.8,0.272,0,0,169,0.58,1.58,18.8,0.998,85.90,1.4,0.1,2.0,18.6,0,100,7922,85.74,18.6
11/15/2023 6:30,15,15,781,36.9,0.272,0,0,169,0.72,2.01,18.9,1.000,85.92,1.5,0.1,2.0,18.8,0,100,7976,85.75,18.8
11/15/2023 6:45,15,15,641,74.7,0.204,0,0,177,0.66,1.27,18.9,0.999,85.93,1.5,0.1,1.0,19.0,0,100,7975,85.77,19.0
11/15/2023 7:00,15,15,612,100.2,0.221,0,0,183,0.88,3.52,19.1,0.999,85.96,1.5,0.1,1.0,19.4,0,100,7975,85.79,19.3
11/15/2023 7:15,15,15,603,74.1,0.102,0,0,183,0.80,3.00,19.0,0.998,85.98,1.4,0.1,1.0,19.4,0,100,7973,85.81,19.4
11/15/2023 7:30,15,15,631,52.1,0.102,0,0,175,0.71,1.38,19.0,0.999,86.00,1.5,0.1,1.0,19.4,0,100,7973,85.83,19.4
11/15/2023 7:45,15,15,578,83.1,0.119,0,0,189,0.80,2.12,18.8,1.001,86.02,1.5,0.1,2.0,19.2,0,100,7973,85.85,19.3
11/15/2023 8:00,15,15,571,139.8,0.034,0,0,200,0.76,1.77,18.8,0.996,86.04,1.4,0.1,1.0,19.4,0,100,7972,85.87,19.4
11/15/2023 8:15,15,15,512,150.7,0.000,0,0,192,0.68,1.71,18.9,1.000,86.04,1.5,0.1,0.0,19.6,0,100,7978,85.88,19.7
11/15/2023 8:30,15,15,477,221.2,0.000,0,0,186,0.85,1.92,19.2,0.995,86.03,1.5,0.1,0.0,20.1,0,100,7977,85.88,20.1
11/15/2023 8:45,15,15,464,232.0,0.000,0,0,183,0.85,2.24,19.5,1.008,86.03,1.5,0.0,0.0,20.5,0,100,7979,85.88,20.5
