z6-16041,Port 1,Port 1,Port 1,Port 6,Port 6,Port 7,Port 7,Port 8,Port 8
Records: 1529,PHYTOS 31,PHYTOS 31,PHYTOS 31,ECRN-100,ECRN-100,Battery,Battery,Barometer,Barometer
Timestamp, min Leaf Wetness, min Leaf Wetness (high), Wetness Level, mm Precipitation, mm/h Max Precip Rate,% Battery Percent, mV Battery Voltage, kPa Reference Pressure, °C Logger Temperature
9/4/2024 11:00,0,0,443,0.0,0.0,100,8034,88.14,26.6
9/4/2024 11:15,0,0,446,0.0,0.0,100,8043,88.11,28.1
9/4/2024 11:30,0,0,441,0.0,0.0,100,8051,88.08,28.6
9/4/2024 11:45,0,0,444,0.0,0.0,100,8064,88.04,29.1
9/4/2024 12:00,0,0,444,0.0,0.0,100,8077,88.03,29.2
9/4/2024 12:15,0,0,445,0.0,0.0,100,8088,88.00,29.1
9/4/2024 12:30,0,0,445,0.0,0.0,100,8095,87.98,29.2
9/4/2024 12:45,0,0,444,0.0,0.0,100,8102,87.96,29.1
9/4/2024 13:00,0,0,444,0.0,0.0,100,8123,87.93,29.8
9/4/2024 13:15,0,0,443,0.0,0.0,100,8138,87.89,30.5
9/4/2024 13:30,0,0,444,0.0,0.0,100,8140,87.87,30.9
9/4/2024 13:45,0,0,445,0.0,0.0,100,8153,87.85,31.1
9/4/2024 14:00,0,0,446,0.0,0.0,100,8156,87.82,31.0
9/4/2024 14:15,0,0,447,0.0,0.0,100,8154,87.81,30.1
9/4/2024 14:30,0,0,448,0.0,0.0,100,8153,87.80,29.4
9/4/2024 14:45,0,0,448,0.0,0.0,100,8149,87.80,28.5
9/4/2024 15:00,0,0,447,0.0,0.0,100,8151,87.79,28.3
9/4/2024 15:15,1,0,450,0.0,0.0,100,8146,87.78,27.8
9/4/2024 15:30,14,0,451,0.0,0.0,100,8138,87.77,26.5
9/4/2024 15:45,15,0,451,0.0,0.0,100,8137,87.78,25.4
9/4/2024 16:00,15,0,452,0.0,0.0,100,8131,87.79,24.5
9/4/2024 16:15,15,0,452,0.0,0.0,100,8129,87.79,24.0
9/4/2024 16:30,15,0,454,0.0,0.0,100,8125,87.81,23.5
9/4/2024 16:45,15,0,454,0.0,0.0,100,8122,87.84,23.0
9/4/2024 17:00,15,0,453,0.0,0.0,100,8121,87.84,22.8
9/4/2024 17:15,15,0,454,0.0,0.0,100,8119,87.85,22.5
9/4/2024 17:30,15,0,455,0.0,0.0,100,8115,87.85,22.2
9/4/2024 17:45,15,0,457,0.0,0.0,100,8113,87.86,22.0
9/4/2024 18:00,15,3,556,0.0,0.0,100,8112,87.87,21.8
9/4/2024 18:15,15,15,609,0.0,0.0,100,8111,87.87,21.6
9/4/2024 18:30,15,15,885,0.0,0.0,100,8106,87.90,21.4
9/4/2024 18:45,15,15,792,0.0,0.0,100,8103,87.92,21.3
9/4/2024 19:00,15,15,768,0.0,0.0,100,8105,87.91,21.0
9/4/2024 19:15,15,15,810,0.0,0.0,100,8102,87.91,20.8
9/4/2024 19:30,15,15,729,0.0,0.0,100,8098,87.94,20.6
9/4/2024 19:45,15,15,696,0.0,0.0,100,8098,87.93,20.6
9/4/2024 20:00,15,15,986,0.0,0.0,100,8096,87.93,20.6
9/4/2024 20:15,15,15,828,1.8,72.0,100,8095,87.97,20.6
9/4/2024 20:30,15,15,723,0.0,0.0,100,8094,88.00,20.6
9/4/2024 20:45,15,15,738,0.0,0.0,100,8092,88.03,20.5
9/4/2024 21:00,15,15,714,0.2,12.0,100,8091,88.04,20.4
9/4/2024 21:15,15,15,704,0.0,0.0,100,8089,88.04,20.3
9/4/2024 21:30,15,15,686,0.0,0.0,100,8089,88.06,20.1
9/4/2024 21:45,15,15,663,0.0,0.0,100,8085,88.07,19.9
9/4/2024 22:00,15,15,637,0.0,0.0,100,8086,88.05,19.8
9/4/2024 22:15,15,15,618,0.0,0.0,100,8084,88.06,19.6
9/4/2024 22:30,15,15,610,0.0,0.0,100,8084,88.06,19.4
9/4/2024 22:45,15,15,606,0.0,0.0,100,8080,88.04,19.2
9/4/2024 23:00,15,15,621,0.0,0.0,100,8080,88.03,18.9
9/4/2024 23:15,15,15,621,0.0,0.0,100,8080,88.02,18.7
9/4/2024 23:30,15,15,613,0.0,0.0,100,8081,88.00,18.6
9/4/2024 23:45,15,15,603,0.0,0.0,100,8077,87.97,18.5
9/5/2024 0:00,15,15,604,0.0,0.0,100,8077,87.95,18.3
9/5/2024 0:15,15,15,592,0.0,0.0,100,8055,87.94,18.4
9/5/2024 0:30,15,15,584,0.0,0.0,100,8061,87.93,18.3
9/5/2024 0:45,15,15,565,0.0,0.0,100,8059,87.91,18.2
9/5/2024 1:00,15,15,563,0.0,0.0,100,8061,87.89,18.2
9/5/2024 1:15,15,15,551,0.0,0.0,100,8058,87.90,18.1
9/5/2024 1:30,15,15,556,0.0,0.0,100,8058,87.89,18.0
9/5/2024 1:45,15,15,567,0.0,0.0,100,8057,87.89,17.9
9/5/2024 2:00,15,15,583,0.0,0.0,100,8055,87.88,17.8
9/5/2024 2:15,15,15,604,0.0,0.0,100,8055,87.86,17.6
9/5/2024 2:30,15,15,622,0.0,0.0,100,8055,87.85,17.5
9/5/2024 2:45,15,15,625,0.0,0.0,100,8055,87.83,17.3
9/5/2024 3:00,15,15,641,0.0,0.0,100,8053,87.82,17.2
9/5/2024 3:15,15,15,645,0.0,0.0,100,8053,87.83,17.1
9/5/2024 3:30,15,15,666,0.0,0.0,100,8055,87.84,17.1
9/5/2024 3:45,15,15,659,0.0,0.0,100,8053,87.86,17.1
9/5/2024 4:00,15,15,644,0.0,0.0,100,8052,87.90,17.2
9/5/2024 4:15,15,15,620,0.0,0.0,100,8048,87.90,17.4
9/5/2024 4:30,15,15,623,0.0,0.0,100,8051,87.91,17.5
9/5/2024 4:45,15,15,622,0.0,0.0,100,8051,87.90,17.6
9/5/2024 5:00,15,15,629,0.0,0.0,100,8051,87.91,17.6
9/5/2024 5:15,15,15,648,0.0,0.0,100,8049,87.94,17.6
9/5/2024 5:30,15,15,657,0.0,0.0,100,8046,87.96,17.6
9/5/2024 5:45,15,15,640,0.0,0.0,100,8048,87.95,17.5
9/5/2024 6:00,15,15,621,0.0,0.0,100,8045,87.94,17.5
9/5/2024 6:15,15,15,598,0.0,0.0,100,8044,87.96,17.6
9/5/2024 6:30,15,15,574,0.0,0.0,100,8046,87.98,17.9
9/5/2024 6:45,15,15,551,0.0,0.0,100,8046,87.99,18.2
9/5/2024 7:00,15,15,520,0.0,0.0,100,8046,88.03,18.5
9/5/2024 7:15,15,15,498,0.0,0.0,100,8044,88.07,18.8
9/5/2024 7:30,15,15,476,0.0,0.0,100,8042,88.08,19.4
9/5/2024 7:45,15,15,469,0.0,0.0,100,8046,88.08,20.3
9/5/2024 8:00,15,15,466,0.0,0.0,100,8048,88.09,21.2
9/5/2024 8:15,15,15,463,0.0,0.0,100,8036,88.10,22.0
9/5/2024 8:30,15,1,451,0.0,0.0,100,8037,88.10,22.5
9/5/2024 8:45,15,0,451,0.0,0.0,100,8041,88.07,22.9
9/5/2024 9:00,15,0,451,0.0,0.0,100,8045,88.07,23.2
9/5/2024 9:15,13,0,450,0.0,0.0,100,8042,88.07,23.5
9/5/2024 9:30,0,0,448,0.0,0.0,100,8019,88.09,24.1
9/5/2024 9:45,0,0,447,0.0,0.0,100,8042,88.08,25.3
9/5/2024 10:00,0,0,446,0.0,0.0,100,8045,88.07,25.8
9/5/2024 10:15,0,0,446,0.0,0.0,100,8050,88.05,26.3
9/5/2024 10:30,0,0,444,0.0,0.0,100,8057,88.02,27.3
9/5/2024 10:45,0,0,443,0.0,0.0,100,8064,88.01,28.1
9/5/2024 11:00,0,0,445,0.0,0.0,100,8068,88.00,28.5
9/5/2024 11:15,0,0,447,0.0,0.0,100,8068,87.98,28.8
9/5/2024 11:30,0,0,445,0.0,0.0,100,8075,87.97,28.8
9/5/2024 11:45,0,0,445,0.0,0.0,100,8086,87.94,29.1
9/5/2024 12:00,0,0,445,0.0,0.0,100,8092,87.93,29.2
9/5/2024 12:15,0,0,446,0.0,0.0,100,8095,87.91,29.4
9/5/2024 12:30,0,0,448,0.0,0.0,100,8099,87.88,29.4
9/5/2024 12:45,0,0,450,0.0,0.0,100,8096,87.85,28.7
9/5/2024 13:00,11,0,450,0.0,0.0,100,8093,87.82,27.5
9/5/2024 13:15,0,0,448,0.0,0.0,100,8097,87.80,27.3
9/5/2024 13:30,0,0,447,0.0,0.0,100,8102,87.78,27.6
9/5/2024 13:45,0,0,448,0.0,0.0,100,8111,87.75,27.8
9/5/2024 14:00,0,0,449,0.0,0.0,100,8106,87.73,27.8
9/5/2024 14:15,11,0,451,0.0,0.0,100,8103,87.74,27.1
9/5/2024 14:30,15,0,451,0.0,0.0,100,8099,87.74,26.1
9/5/2024 14:45,7,0,450,0.0,0.0,100,8099,87.73,25.8
9/5/2024 15:00,3,0,448,0.0,0.0,100,8102,87.72,25.9
9/5/2024 15:15,6,0,451,0.0,0.0,100,8100,87.74,26.2
9/5/2024 15:30,15,0,451,0.0,0.0,100,8098,87.76,25.9
9/5/2024 15:45,15,0,451,0.0,0.0,100,8100,87.76,25.5
9/5/2024 16:00,15,0,452,0.0,0.0,100,8092,87.76,24.9
9/5/2024 16:15,15,0,450,0.0,0.0,100,8094,87.75,24.6
9/5/2024 16:30,15,0,455,0.0,0.0,100,8090,87.74,24.4
9/5/2024 16:45,15,14,624,0.0,0.0,100,8088,87.75,23.8
9/5/2024 17:00,15,15,586,0.0,0.0,100,8086,87.76,23.2
9/5/2024 17:15,15,15,590,0.0,0.0,100,8083,87.78,22.5
9/5/2024 17:30,15,15,570,0.0,0.0,100,8080,87.81,21.8
9/5/2024 17:45,15,15,706,0.0,0.0,100,8078,87.83,21.2
9/5/2024 18:00,15,15,894,0.0,0.0,100,8075,87.86,20.7
9/5/2024 18:15,15,15,825,0.0,0.0,100,8077,87.91,20.3
9/5/2024 18:30,15,15,735,0.0,0.0,100,8074,87.91,20.0
9/5/2024 18:45,15,15,668,0.0,0.0,100,8072,87.93,19.8
9/5/2024 19:00,15,15,694,0.0,0.0,100,8071,87.92,19.7
9/5/2024 19:15,15,15,712,0.0,0.0,100,8073,87.97,19.6
9/5/2024 19:30,15,15,661,0.0,0.0,100,8070,87.98,19.5
9/5/2024 19:45,15,15,676,0.0,0.0,100,8069,88.00,19.5
9/5/2024 20:00,15,15,741,0.0,0.0,100,8067,88.01,19.4
9/5/2024 20:15,15,15,672,0.0,0.0,100,8064,88.03,19.4
9/5/2024 20:30,15,15,732,0.0,0.0,100,8067,88.05,19.4
9/5/2024 20:45,15,15,789,0.0,0.0,100,8064,88.07,19.4
9/5/2024 21:00,15,15,799,0.0,0.0,100,8061,88.10,19.3
9/5/2024 21:15,15,15,739,0.0,0.0,100,8065,88.10,19.2
9/5/2024 21:30,15,15,741,0.0,0.0,100,8062,88.07,19.0
9/5/2024 21:45,15,15,706,0.0,0.0,100,8059,88.05,18.8
9/5/2024 22:00,15,15,763,0.0,0.0,100,8058,88.02,18.7
9/5/2024 22:15,15,15,766,0.0,0.0,100,8057,88.00,18.7
9/5/2024 22:30,15,15,625,0.0,0.0,100,8058,88.00,18.6
9/5/2024 22:45,15,15,632,0.0,0.0,100,8058,88.01,18.6
9/5/2024 23:00,15,15,609,0.0,0.0,100,8055,88.00,18.6
9/5/2024 23:15,15,15,585,0.2,12.0,100,8055,87.99,18.6
9/5/2024 23:30,15,15,572,0.0,0.0,100,8055,87.96,18.5
9/5/2024 23:45,15,15,566,0.0,0.0,100,8055,87.94,18.5
9/6/2024 0:00,15,15,564,0.0,0.0,100,8054,87.91,18.5
9/6/2024 0:15,15,15,578,0.0,0.0,100,8030,87.89,18.6
9/6/2024 0:30,15,15,588,0.0,0.0,100,8036,87.87,18.6
9/6/2024 0:45,15,15,598,0.0,0.0,100,8037,87.86,18.4
9/6/2024 1:00,15,15,607,0.0,0.0,100,8037,87.84,18.3
9/6/2024 1:15,15,15,622,0.0,0.0,100,8034,87.86,18.2
9/6/2024 1:30,15,15,636,0.0,0.0,100,8036,87.86,18.2
9/6/2024 1:45,15,15,638,0.0,0.0,100,8033,87.86,18.2
9/6/2024 2:00,15,15,626,0.0,0.0,100,8033,87.85,18.3
9/6/2024 2:15,15,15,603,0.0,0.0,100,8035,87.84,18.4
9/6/2024 2:30,15,15,595,0.0,0.0,100,8036,87.84,18.3
9/6/2024 2:45,15,15,589,0.0,0.0,100,8031,87.83,18.4
9/6/2024 3:00,15,15,575,0.0,0.0,100,8034,87.82,18.5
9/6/2024 3:15,15,15,574,0.0,0.0,100,8033,87.82,18.5
9/6/2024 3:30,15,15,562,0.0,0.0,100,8034,87.81,18.6
9/6/2024 3:45,15,15,547,0.0,0.0,100,8030,87.82,18.8
9/6/2024 4:00,15,15,532,0.0,0.0,100,8030,87.82,18.9
9/6/2024 4:15,15,15,526,0.0,0.0,100,8029,87.82,18.9
9/6/2024 4:30,15,15,516,0.0,0.0,100,8030,87.84,19.0
9/6/2024 4:45,15,15,511,0.0,0.0,100,8029,87.84,19.0
9/6/2024 5:00,15,15,503,0.0,0.0,100,8030,87.85,19.0
9/6/2024 5:15,15,15,498,0.0,0.0,100,8028,87.86,19.0
9/6/2024 5:30,15,15,489,0.0,0.0,100,8028,87.88,19.0
9/6/2024 5:45,15,15,490,0.0,0.0,100,8024,87.88,19.0
9/6/2024 6:00,15,15,484,0.0,0.0,100,8026,87.90,19.1
9/6/2024 6:15,15,15,482,0.0,0.0,100,8026,87.90,19.1
9/6/2024 6:30,15,15,477,0.0,0.0,100,8026,87.92,19.2
9/6/2024 6:45,15,15,476,0.0,0.0,100,8026,87.92,19.4
9/6/2024 7:00,15,15,471,0.0,0.0,100,8025,87.93,20.0
9/6/2024 7:15,15,8,455,0.0,0.0,100,8025,87.96,20.3
9/6/2024 7:30,15,0,454,0.0,0.0,100,8026,87.97,20.7
9/6/2024 7:45,15,0,452,0.0,0.0,100,8023,87.97,21.3
9/6/2024 8:00,15,0,452,0.0,0.0,100,8024,87.99,22.0
9/6/2024 8:15,15,0,451,0.0,0.0,100,8010,88.01,22.8
9/6/2024 8:30,15,0,451,0.0,0.0,100,8010,88.00,23.5
9/6/2024 8:45,15,0,451,0.0,0.0,100,8012,88.01,23.7
9/6/2024 9:00,15,0,451,0.0,0.0,100,8015,88.03,24.0
9/6/2024 9:15,9,0,449,0.0,0.0,100,8011,88.04,24.8
9/6/2024 9:30,0,0,446,0.0,0.0,100,8015,88.04,25.9
9/6/2024 9:45,9,0,452,0.0,0.0,100,8015,88.05,26.4
9/6/2024 10:00,13,0,450,0.0,0.0,100,8017,88.05,25.8
9/6/2024 10:15,15,0,452,0.0,0.0,100,8018,88.06,25.2
9/6/2024 10:30,8,0,449,0.0,0.0,100,8023,88.04,25.5
9/6/2024 10:45,5,0,450,0.0,0.0,100,8026,88.03,25.9
9/6/2024 11:00,14,0,453,0.0,0.0,100,8024,88.01,25.8
9/6/2024 11:15,15,0,450,0.0,0.0,100,8025,87.98,25.5
9/6/2024 11:30,1,0,449,0.0,0.0,100,8033,87.95,26.4
9/6/2024 11:45,0,0,448,0.0,0.0,100,8042,87.93,26.8
9/6/2024 12:00,0,0,448,0.0,0.0,100,8044,87.91,27.5
9/6/2024 12:15,0,0,450,0.0,0.0,100,8049,87.89,27.7
9/6/2024 12:30,3,0,450,0.0,0.0,100,8049,87.87,27.1
9/6/2024 12:45,15,15,544,0.0,0.0,100,8053,87.84,26.9
9/6/2024 13:00,15,15,505,0.0,0.0,100,8055,87.82,26.6
9/6/2024 13:15,15,13,458,0.0,0.0,100,8055,87.80,26.4
9/6/2024 13:30,15,14,917,0.0,0.0,100,8051,87.79,25.5
9/6/2024 13:45,15,15,910,1.8,24.0,100,8051,87.78,23.8
9/6/2024 14:00,15,15,892,0.8,12.0,100,8047,87.79,22.4
9/6/2024 14:15,15,15,908,2.0,24.0,100,8045,87.78,21.6
9/6/2024 14:30,15,15,846,2.2,24.0,100,8043,87.78,21.1
9/6/2024 14:45,15,15,790,0.2,12.0,100,8042,87.76,20.8
9/6/2024 15:00,15,15,759,0.2,12.0,100,8039,87.75,20.6
9/6/2024 15:15,15,15,716,0.2,12.0,100,8039,87.74,20.6
9/6/2024 15:30,15,15,656,0.0,0.0,100,8037,87.73,20.7
9/6/2024 15:45,15,15,628,0.0,0.0,100,8040,87.72,20.8
9/6/2024 16:00,15,15,612,0.0,0.0,100,8039,87.73,21.0
9/6/2024 16:15,15,15,599,0.0,0.0,100,8036,87.74,21.0
9/6/2024 16:30,15,15,590,0.0,0.0,100,8036,87.74,21.1
9/6/2024 16:45,15,15,581,0.0,0.0,100,8033,87.77,21.2
9/6/2024 17:00,15,15,582,0.0,0.0,100,8035,87.76,21.1
9/6/2024 17:15,15,15,579,0.0,0.0,100,8033,87.80,20.9
9/6/2024 17:30,15,15,571,0.0,0.0,100,8030,87.81,20.8
9/6/2024 17:45,15,15,580,0.0,0.0,100,8031,87.83,20.6
9/6/2024 18:00,15,15,594,0.0,0.0,100,8026,87.87,20.5
9/6/2024 18:15,15,15,585,0.2,12.0,100,8029,87.87,20.2
9/6/2024 18:30,15,15,578,0.0,0.0,100,8027,87.87,19.9
9/6/2024 18:45,15,15,569,0.0,0.0,100,8025,87.87,19.7
9/6/2024 19:00,15,15,563,0.0,0.0,100,8026,87.86,19.7
9/6/2024 19:15,15,15,566,0.0,0.0,100,8025,87.87,19.7
9/6/2024 19:30,15,15,568,0.0,0.0,100,8026,87.88,19.6
9/6/2024 19:45,15,15,574,0.0,0.0,100,8025,87.90,19.5
9/6/2024 20:00,15,15,567,0.0,0.0,100,8021,87.91,19.5
9/6/2024 20:15,15,15,565,0.0,0.0,100,8022,87.91,19.4
9/6/2024 20:30,15,15,552,0.0,0.0,100,8020,87.92,19.4
9/6/2024 20:45,15,15,545,0.0,0.0,100,8021,87.92,19.4
9/6/2024 21:00,15,15,547,0.0,0.0,100,8019,87.94,19.4
9/6/2024 21:15,15,15,549,0.0,0.0,100,8020,87.97,19.4
9/6/2024 21:30,15,15,550,0.0,0.0,100,8019,87.98,19.4
9/6/2024 21:45,15,15,557,0.0,0.0,100,8020,87.98,19.3
9/6/2024 22:00,15,15,564,0.0,0.0,100,8020,87.98,19.2
9/6/2024 22:15,15,15,571,0.0,0.0,100,8017,87.98,19.1
9/6/2024 22:30,15,15,572,0.0,0.0,100,8014,87.98,19.1
9/6/2024 22:45,15,15,572,0.0,0.0,100,8016,87.98,19.2
9/6/2024 23:00,15,15,570,0.0,0.0,100,8017,87.98,19.2
9/6/2024 23:15,15,15,567,0.0,0.0,100,8017,87.97,19.2
9/6/2024 23:30,15,15,572,0.0,0.0,100,8013,87.94,19.2
9/6/2024 23:45,15,15,585,0.0,0.0,100,8014,87.92,19.2
9/7/2024 0:00,15,15,598,0.0,0.0,100,8015,87.90,19.0
9/7/2024 0:15,15,15,600,0.0,0.0,100,7986,87.88,19.1
9/7/2024 0:30,15,15,581,0.0,0.0,100,7998,87.87,18.9
9/7/2024 0:45,15,15,571,0.0,0.0,100,7999,87.85,18.8
9/7/2024 1:00,15,15,573,0.0,0.0,100,8001,87.83,18.7
9/7/2024 1:15,15,15,582,0.0,0.0,100,7998,87.81,18.7
9/7/2024 1:30,15,15,593,0.0,0.0,100,7997,87.80,18.6
9/7/2024 1:45,15,15,601,0.0,0.0,100,7998,87.78,18.5
9/7/2024 2:00,15,15,598,0.0,0.0,100,7999,87.75,18.4
9/7/2024 2:15,15,15,590,0.0,0.0,100,7997,87.71,18.4
9/7/2024 2:30,15,15,585,0.0,0.0,100,7997,87.70,18.5
9/7/2024 2:45,15,15,584,0.0,0.0,100,7996,87.70,18.6
9/7/2024 3:00,15,15,601,0.0,0.0,100,7996,87.70,18.5
9/7/2024 3:15,15,15,610,0.0,0.0,100,7995,87.70,18.5
9/7/2024 3:30,15,15,616,0.0,0.0,100,7996,87.70,18.4
9/7/2024 3:45,15,15,621,0.0,0.0,100,7991,87.72,18.4
9/7/2024 4:00,15,15,623,0.0,0.0,100,7995,87.73,18.4
9/7/2024 4:15,15,15,616,0.0,0.0,100,7991,87.73,18.6
9/7/2024 4:30,15,15,622,0.0,0.0,100,7993,87.75,18.8
9/7/2024 4:45,15,15,622,0.0,0.0,100,7994,87.76,18.9
9/7/2024 5:00,15,15,619,0.0,0.0,100,7994,87.77,19.0
9/7/2024 5:15,15,15,639,0.0,0.0,100,7992,87.78,18.9
9/7/2024 5:30,15,15,651,0.0,0.0,100,7993,87.80,18.8
9/7/2024 5:45,15,15,666,0.0,0.0,100,7990,87.83,18.6
9/7/2024 6:00,15,15,674,0.0,0.0,100,7992,87.83,18.6
9/7/2024 6:15,15,15,655,0.0,0.0,100,7990,87.84,18.5
9/7/2024 6:30,15,15,656,0.0,0.0,100,7990,87.85,18.6
9/7/2024 6:45,15,15,632,0.0,0.0,100,7991,87.86,18.8
9/7/2024 7:00,15,15,593,0.0,0.0,100,7991,87.87,19.2
9/7/2024 7:15,15,15,554,0.0,0.0,100,7991,87.88,19.6
9/7/2024 7:30,15,15,527,0.0,0.0,100,7989,87.88,19.9
9/7/2024 7:45,15,15,507,0.0,0.0,100,7988,87.88,20.5
9/7/2024 8:00,15,15,472,0.0,0.0,100,7988,87.90,21.1
9/7/2024 8:15,15,10,452,0.0,0.0,100,7994,87.90,22.2
9/7/2024 8:30,15,0,451,0.0,0.0,100,7997,87.90,23.4
9/7/2024 8:45,15,0,451,0.0,0.0,100,7981,87.92,24.4
9/7/2024 9:00,9,0,449,0.0,0.0,100,7990,87.92,25.2
9/7/2024 9:15,0,0,450,0.0,0.0,100,7997,87.91,26.1
9/7/2024 9:30,11,0,449,0.0,0.0,100,8004,87.91,26.3
9/7/2024 9:45,0,0,449,0.0,0.0,100,7994,87.90,26.8
9/7/2024 10:00,0,0,449,0.0,0.0,100,8001,87.90,27.1
9/7/2024 10:15,5,0,450,0.0,0.0,100,8001,87.90,27.2
9/7/2024 10:30,14,0,450,0.0,0.0,100,8003,87.92,26.5
9/7/2024 10:45,15,0,453,0.0,0.0,100,8001,87.92,26.1
9/7/2024 11:00,15,14,771,0.0,0.0,100,7998,87.90,25.0
9/7/2024 11:15,15,15,653,0.0,0.0,100,8000,87.89,24.3
9/7/2024 11:30,15,15,789,0.0,0.0,100,8004,87.87,23.9
9/7/2024 11:45,15,15,585,0.0,0.0,100,8010,87.83,24.3
9/7/2024 12:00,15,15,540,0.0,0.0,100,8017,87.80,25.3
9/7/2024 12:15,15,15,494,0.0,0.0,100,8020,87.77,26.1
9/7/2024 12:30,15,13,455,0.0,0.0,100,8022,87.73,26.3
9/7/2024 12:45,15,0,453,0.0,0.0,100,8021,87.73,26.0
9/7/2024 13:00,15,13,888,0.4,12.0,100,8019,87.71,25.2
9/7/2024 13:15,15,15,1015,3.0,72.0,100,8019,87.69,23.7
9/7/2024 13:30,15,15,906,8.0,72.0,100,8016,87.68,22.2
9/7/2024 13:45,15,15,892,5.2,36.0,100,8014,87.67,21.2
9/7/2024 14:00,15,15,868,4.2,36.0,100,8008,87.68,20.7
9/7/2024 14:15,15,15,786,1.0,12.0,100,8007,87.67,20.4
9/7/2024 14:30,15,15,804,0.2,12.0,100,8008,87.65,20.2
9/7/2024 14:45,15,15,767,0.2,12.0,100,8007,87.61,20.1
9/7/2024 15:00,15,15,765,0.0,0.0,100,8005,87.61,19.9
9/7/2024 15:15,15,15,808,0.4,12.0,100,8007,87.61,19.8
9/7/2024 15:30,15,15,808,0.8,12.0,100,8006,87.65,19.8
9/7/2024 15:45,15,15,787,0.2,12.0,100,8006,87.68,19.7
9/7/2024 16:00,15,15,800,0.2,12.0,100,8005,87.66,19.7
9/7/2024 16:15,15,15,801,0.2,12.0,100,8005,87.66,19.7
9/7/2024 16:30,15,15,722,0.0,0.0,100,8004,87.69,19.6
9/7/2024 16:45,15,15,720,0.0,0.0,100,8004,87.72,19.6
9/7/2024 17:00,15,15,711,0.2,12.0,100,8002,87.74,19.6
9/7/2024 17:15,15,15,637,0.0,0.0,100,8000,87.76,19.5
9/7/2024 17:30,15,15,627,0.0,0.0,100,8003,87.78,19.5
9/7/2024 17:45,15,15,738,0.0,0.0,100,8002,87.78,19.4
9/7/2024 18:00,15,15,868,0.6,12.0,100,8001,87.78,19.3
9/7/2024 18:15,15,15,822,0.4,12.0,100,7999,87.80,19.0
9/7/2024 18:30,15,15,798,0.4,12.0,100,7995,87.82,18.8
9/7/2024 18:45,15,15,788,0.0,0.0,100,8000,87.83,18.6
9/7/2024 19:00,15,15,750,0.2,12.0,100,7998,87.83,18.6
9/7/2024 19:15,15,15,728,0.2,12.0,100,7994,87.84,18.6
9/7/2024 19:30,15,15,744,0.0,0.0,100,7995,87.85,18.6
9/7/2024 19:45,15,15,741,0.0,0.0,100,7996,87.85,18.6
9/7/2024 20:00,15,15,731,0.2,12.0,100,7992,87.85,18.6
9/7/2024 20:15,15,15,709,0.0,0.0,100,7995,87.85,18.5
9/7/2024 20:30,15,15,688,0.0,0.0,100,7992,87.87,18.4
9/7/2024 20:45,15,15,746,0.0,0.0,100,7996,87.90,18.4
9/7/2024 21:00,15,15,763,0.0,0.0,100,7994,87.91,18.3
9/7/2024 21:15,15,15,781,0.0,0.0,100,7995,87.92,18.3
9/7/2024 21:30,15,15,800,0.0,0.0,100,7991,87.92,18.3
9/7/2024 21:45,15,15,797,0.0,0.0,100,7988,87.93,18.2
9/7/2024 22:00,15,15,745,0.2,12.0,100,7991,87.91,18.2
9/7/2024 22:15,15,15,710,0.0,0.0,100,7991,87.90,18.2
9/7/2024 22:30,15,15,678,0.0,0.0,100,7991,87.90,18.2
9/7/2024 22:45,15,15,645,0.0,0.0,100,7990,87.91,18.2
9/7/2024 23:00,15,15,626,0.0,0.0,100,7990,87.91,18.1
9/7/2024 23:15,15,15,606,0.0,0.0,100,7990,87.90,18.1
9/7/2024 23:30,15,15,592,0.0,0.0,100,7991,87.89,18.0
9/7/2024 23:45,15,15,592,0.0,0.0,100,7987,87.89,17.9
9/8/2024 0:00,15,15,597,0.0,0.0,100,7985,87.87,17.9
9/8/2024 0:15,15,15,599,0.0,0.0,100,7963,87.86,18.0
9/8/2024 0:30,15,15,600,0.0,0.0,100,7975,87.86,17.9
9/8/2024 0:45,15,15,600,0.0,0.0,100,7976,87.85,17.7
9/8/2024 1:00,15,15,590,0.0,0.0,100,7973,87.83,17.6
9/8/2024 1:15,15,15,584,0.0,0.0,100,7973,87.82,17.6
9/8/2024 1:30,15,15,564,0.0,0.0,100,7973,87.79,17.7
9/8/2024 1:45,15,15,551,0.0,0.0,100,7974,87.79,17.7
9/8/2024 2:00,15,15,542,0.0,0.0,100,7972,87.78,17.8
9/8/2024 2:15,15,15,531,0.0,0.0,100,7970,87.77,17.9
9/8/2024 2:30,15,15,518,0.0,0.0,100,7970,87.77,17.9
9/8/2024 2:45,15,15,510,0.0,0.0,100,7974,87.79,17.8
9/8/2024 3:00,15,15,519,0.0,0.0,100,7972,87.80,17.7
9/8/2024 3:15,15,15,525,0.0,0.0,100,7972,87.80,17.6
9/8/2024 3:30,15,15,523,0.0,0.0,100,7973,87.80,17.6
9/8/2024 3:45,15,15,531,0.0,0.0,100,7973,87.81,17.6
9/8/2024 4:00,15,15,511,0.0,0.0,100,7974,87.83,17.6
9/8/2024 4:15,15,15,508,0.0,0.0,100,7969,87.84,17.7
9/8/2024 4:30,15,15,517,0.0,0.0,100,7973,87.85,17.7
9/8/2024 4:45,15,15,526,0.0,0.0,100,7973,87.87,17.6
9/8/2024 5:00,15,15,549,0.0,0.0,100,7970,87.87,17.4
9/8/2024 5:15,15,15,570,0.0,0.0,100,7972,87.88,17.3
9/8/2024 5:30,15,15,591,0.0,0.0,100,7971,87.89,17.2
9/8/2024 5:45,15,15,579,0.0,0.0,100,7969,87.88,17.0
9/8/2024 6:00,15,15,572,0.0,0.0,100,7969,87.89,16.9
9/8/2024 6:15,15,15,566,0.0,0.0,100,7969,87.90,17.1
9/8/2024 6:30,15,15,572,0.0,0.0,100,7970,87.91,17.3
9/8/2024 6:45,15,15,560,0.0,0.0,100,7969,87.93,17.7
9/8/2024 7:00,15,15,534,0.0,0.0,100,7968,87.95,18.3
9/8/2024 7:15,15,15,485,0.0,0.0,100,7970,87.96,19.0
9/8/2024 7:30,15,15,471,0.0,0.0,100,7969,87.98,19.9
9/8/2024 7:45,15,15,460,0.0,0.0,100,7974,87.99,20.8
9/8/2024 8:00,15,0,454,0.0,0.0,100,7971,87.98,21.7
9/8/2024 8:15,15,0,451,0.0,0.0,100,7972,87.99,22.5
9/8/2024 8:30,3,0,448,0.0,0.0,100,7971,87.99,23.2
9/8/2024 8:45,12,0,452,0.0,0.0,100,7958,87.99,23.9
9/8/2024 9:00,15,0,450,0.0,0.0,100,7965,87.99,24.1
9/8/2024 9:15,14,0,450,0.0,0.0,100,7967,88.00,24.0
9/8/2024 9:30,3,0,448,0.0,0.0,100,7946,88.00,24.3
9/8/2024 9:45,5,0,450,0.0,0.0,100,7966,87.99,24.8
9/8/2024 10:00,5,0,450,0.0,0.0,100,7968,87.98,25.1
9/8/2024 10:15,12,0,450,0.0,0.0,100,7973,87.98,25.2
9/8/2024 10:30,15,0,451,0.0,0.0,100,7977,87.97,25.0
9/8/2024 10:45,15,0,451,0.0,0.0,100,7983,87.97,24.7
9/8/2024 11:00,6,0,449,0.0,0.0,100,7989,87.95,25.1
9/8/2024 11:15,0,0,449,0.0,0.0,100,7993,87.94,25.6
9/8/2024 11:30,0,0,449,0.0,0.0,100,8001,87.95,26.1
9/8/2024 11:45,0,0,450,0.0,0.0,100,8004,87.96,26.6
9/8/2024 12:00,15,0,451,0.0,0.0,100,8004,87.96,25.6
9/8/2024 12:15,15,0,451,0.0,0.0,100,8007,87.94,25.1
9/8/2024 12:30,14,0,450,0.0,0.0,100,8013,87.91,24.9
9/8/2024 12:45,2,0,449,0.0,0.0,100,8017,87.90,25.2
9/8/2024 13:00,11,0,450,0.0,0.0,100,8020,87.89,25.3
9/8/2024 13:15,15,0,451,0.0,0.0,100,8020,87.87,25.3
9/8/2024 13:30,15,0,451,0.0,0.0,100,8019,87.85,25.0
9/8/2024 13:45,15,0,451,0.0,0.0,100,8023,87.84,24.9
9/8/2024 14:00,15,4,544,0.0,0.0,100,8020,87.83,24.5
9/8/2024 14:15,15,15,871,0.0,0.0,100,8018,87.82,24.1
9/8/2024 14:30,15,15,951,0.8,24.0,100,8018,87.82,22.7
9/8/2024 14:45,15,15,720,0.2,12.0,100,8020,87.81,22.0
9/8/2024 15:00,15,15,625,0.0,0.0,100,8026,87.79,21.9
9/8/2024 15:15,15,15,750,0.0,0.0,100,8022,87.79,21.9
9/8/2024 15:30,15,15,632,0.0,0.0,100,8022,87.82,21.4
9/8/2024 15:45,15,15,649,0.0,0.0,100,8020,87.84,21.0
9/8/2024 16:00,15,15,702,0.0,0.0,100,8019,87.83,20.7
9/8/2024 16:15,15,15,635,0.0,0.0,100,8018,87.83,20.3
9/8/2024 16:30,15,15,626,0.0,0.0,100,8018,87.83,20.0
9/8/2024 16:45,15,15,596,0.0,0.0,100,8016,87.83,19.8
9/8/2024 17:00,15,15,589,0.0,0.0,100,8014,87.83,19.5
9/8/2024 17:15,15,15,577,0.0,0.0,100,8014,87.86,19.3
9/8/2024 17:30,15,15,575,0.0,0.0,100,8014,87.88,19.1
9/8/2024 17:45,15,15,630,0.0,0.0,100,8011,87.91,18.9
9/8/2024 18:00,15,15,777,0.0,0.0,100,8011,87.93,18.7
9/8/2024 18:15,15,15,704,0.0,0.0,100,8010,87.94,18.6
9/8/2024 18:30,15,15,768,0.0,0.0,100,8009,87.94,18.5
9/8/2024 18:45,15,15,703,0.0,0.0,100,8010,87.94,18.5
9/8/2024 19:00,15,15,784,0.0,0.0,100,8009,87.95,18.5
9/8/2024 19:15,15,15,742,0.0,0.0,100,8010,87.94,18.6
9/8/2024 19:30,15,15,819,0.0,0.0,100,8005,87.95,18.6
9/8/2024 19:45,15,15,790,0.0,0.0,100,8007,87.96,18.7
9/8/2024 20:00,15,15,715,0.0,0.0,100,8007,87.98,18.6
9/8/2024 20:15,15,15,682,0.0,0.0,100,8007,88.00,18.5
9/8/2024 20:30,15,15,711,0.0,0.0,100,8005,88.02,18.5
9/8/2024 20:45,15,15,744,0.0,0.0,100,8005,88.02,18.4
9/8/2024 21:00,15,15,763,0.0,0.0,100,8004,88.03,18.4
9/8/2024 21:15,15,15,686,0.0,0.0,100,8004,88.03,18.3
9/8/2024 21:30,15,15,664,0.0,0.0,100,8003,88.06,18.1
9/8/2024 21:45,15,15,658,0.0,0.0,100,8004,88.09,18.0
9/8/2024 22:00,15,15,657,0.0,0.0,100,8005,88.11,17.9
9/8/2024 22:15,15,15,655,0.0,0.0,100,8001,88.11,17.9
9/8/2024 22:30,15,15,653,0.0,0.0,100,8002,88.12,17.9
9/8/2024 22:45,15,15,659,0.0,0.0,100,8000,88.12,17.7
9/8/2024 23:00,15,15,651,0.0,0.0,100,7997,88.13,17.6
9/8/2024 23:15,15,15,645,0.0,0.0,100,7999,88.12,17.6
9/8/2024 23:30,15,15,643,0.0,0.0,100,7998,88.12,17.7
9/8/2024 23:45,15,15,639,0.0,0.0,100,8000,88.12,17.8
9/9/2024 0:00,15,15,633,0.0,0.0,100,7998,88.11,17.8
9/9/2024 0:15,15,15,612,0.0,0.0,100,7975,88.10,18.1
9/9/2024 0:30,15,15,598,0.0,0.0,100,7984,88.07,18.2
9/9/2024 0:45,15,15,595,0.2,12.0,100,7984,88.05,18.1
9/9/2024 1:00,15,15,593,0.0,0.0,100,7984,88.02,18.1
9/9/2024 1:15,15,15,595,0.0,0.0,100,7981,87.99,18.1
9/9/2024 1:30,15,15,592,0.0,0.0,100,7985,87.98,18.2
9/9/2024 1:45,15,15,589,0.0,0.0,100,7984,87.97,18.2
9/9/2024 2:00,15,15,589,0.0,0.0,100,7983,87.97,18.2
9/9/2024 2:15,15,15,589,0.0,0.0,100,7981,87.96,18.2
9/9/2024 2:30,15,15,729,0.0,0.0,100,7982,87.96,18.2
9/9/2024 2:45,15,15,693,0.0,0.0,100,7981,87.96,18.1
9/9/2024 3:00,15,15,650,0.0,0.0,100,7981,87.97,18.0
9/9/2024 3:15,15,15,736,0.0,0.0,100,7982,87.97,17.9
9/9/2024 3:30,15,15,763,0.0,0.0,100,7980,87.96,17.9
9/9/2024 3:45,15,15,745,0.0,0.0,100,7982,87.97,17.9
9/9/2024 4:00,15,15,732,0.0,0.0,100,7982,87.97,17.8
9/9/2024 4:15,15,15,642,0.0,0.0,100,7980,87.98,17.7
9/9/2024 4:30,15,15,636,0.0,0.0,100,7980,87.98,17.6
9/9/2024 4:45,15,15,665,0.0,0.0,100,7979,87.99,17.6
9/9/2024 5:00,15,15,676,0.0,0.0,100,7983,87.98,17.6
9/9/2024 5:15,15,15,682,0.0,0.0,100,7980,88.00,17.6
9/9/2024 5:30,15,15,692,0.0,0.0,100,7976,88.01,17.6
9/9/2024 5:45,15,15,690,0.0,0.0,100,7979,88.02,17.6
9/9/2024 6:00,15,15,694,0.0,0.0,100,7979,88.03,17.6
9/9/2024 6:15,15,15,654,0.0,0.0,100,7976,88.05,17.6
9/9/2024 6:30,15,15,626,0.0,0.0,100,7975,88.06,17.6
9/9/2024 6:45,15,15,610,0.0,0.0,100,7977,88.06,17.8
9/9/2024 7:00,15,15,594,0.0,0.0,100,7975,88.07,18.1
9/9/2024 7:15,15,15,561,0.0,0.0,100,7979,88.09,18.4
9/9/2024 7:30,15,15,512,0.0,0.0,100,7979,88.11,19.0
9/9/2024 7:45,15,15,469,0.0,0.0,100,7981,88.12,19.8
9/9/2024 8:00,15,15,468,0.0,0.0,100,7982,88.12,21.0
9/9/2024 8:15,15,8,452,0.0,0.0,100,7985,88.12,21.9
9/9/2024 8:30,7,0,449,0.0,0.0,100,7982,88.14,22.7
9/9/2024 8:45,10,0,451,0.0,0.0,100,7976,88.16,23.4
9/9/2024 9:00,15,0,450,0.0,0.0,100,7974,88.17,23.7
9/9/2024 9:15,15,0,451,0.0,0.0,100,7983,88.18,23.9
9/9/2024 9:30,15,0,451,0.0,0.0,100,7982,88.19,24.4
9/9/2024 9:45,13,0,450,0.0,0.0,100,7977,88.20,24.6
9/9/2024 10:00,15,0,451,0.0,0.0,100,7979,88.20,24.5
9/9/2024 10:15,15,0,452,0.0,0.0,100,7982,88.19,23.9
9/9/2024 10:30,15,0,451,0.0,0.0,100,7983,88.19,23.7
9/9/2024 10:45,15,0,450,0.0,0.0,100,7991,88.18,23.7
9/9/2024 11:00,15,0,452,0.0,0.0,100,7992,88.16,23.9
9/9/2024 11:15,15,0,451,0.0,0.0,100,8001,88.15,24.0
9/9/2024 11:30,8,0,451,0.0,0.0,100,8005,88.13,24.4
9/9/2024 11:45,15,0,451,0.0,0.0,100,8011,88.11,24.3
9/9/2024 12:00,15,0,450,0.0,0.0,100,8010,88.09,24.5
9/9/2024 12:15,15,0,451,0.0,0.0,100,8013,88.08,24.5
9/9/2024 12:30,15,0,451,0.0,0.0,100,8015,88.06,24.1
9/9/2024 12:45,15,0,453,0.0,0.0,100,8017,88.04,23.7
9/9/2024 13:00,15,0,452,0.0,0.0,100,8017,88.02,23.1
9/9/2024 13:15,15,0,451,0.0,0.0,100,8020,88.00,23.3
9/9/2024 13:30,15,4,454,0.0,0.0,100,8020,87.99,23.4
9/9/2024 13:45,15,0,456,0.0,0.0,100,8023,87.98,23.3
9/9/2024 14:00,15,13,618,0.0,0.0,100,8022,87.96,23.3
9/9/2024 14:15,15,15,580,0.0,0.0,100,8029,87.95,23.2
9/9/2024 14:30,15,15,556,0.0,0.0,100,8029,87.94,23.3
9/9/2024 14:45,15,15,564,0.0,0.0,100,8026,87.92,23.0
9/9/2024 15:00,15,15,718,0.0,0.0,100,8026,87.92,22.3
9/9/2024 15:15,15,15,742,0.0,0.0,100,8026,87.93,21.7
9/9/2024 15:30,15,15,696,0.0,0.0,100,8023,87.94,21.2
9/9/2024 15:45,15,15,768,0.0,0.0,100,8020,87.94,20.9
9/9/2024 16:00,15,15,755,0.0,0.0,100,8019,87.94,20.6
9/9/2024 16:15,15,15,647,0.0,0.0,100,8020,87.95,20.4
9/9/2024 16:30,15,15,652,0.0,0.0,100,8017,87.96,20.4
9/9/2024 16:45,15,15,621,0.0,0.0,100,8017,87.97,20.3
9/9/2024 17:00,15,15,605,0.0,0.0,100,8018,87.98,20.3
9/9/2024 17:15,15,15,602,0.0,0.0,100,8017,87.99,20.2
9/9/2024 17:30,15,15,667,0.0,0.0,100,8012,88.02,20.0
9/9/2024 17:45,15,15,586,0.0,0.0,100,8014,88.04,19.9
9/9/2024 18:00,15,15,569,0.0,0.0,100,8013,88.04,19.8
9/9/2024 18:15,15,15,551,0.0,0.0,100,8011,88.04,19.6
9/9/2024 18:30,15,15,531,0.0,0.0,100,8010,88.05,19.5
9/9/2024 18:45,15,15,508,0.0,0.0,100,8012,88.05,19.4
9/9/2024 19:00,15,15,473,0.0,0.0,100,8010,88.05,19.4
9/9/2024 19:15,15,15,478,0.0,0.0,100,8010,88.06,19.4
9/9/2024 19:30,15,15,475,0.0,0.0,100,8009,88.07,19.3
9/9/2024 19:45,15,15,469,0.0,0.0,100,8004,88.08,19.2
9/9/2024 20:00,15,15,468,0.0,0.0,100,8008,88.10,19.1
9/9/2024 20:15,15,15,471,0.0,0.0,100,8007,88.12,19.0
9/9/2024 20:30,15,15,479,0.0,0.0,100,8007,88.12,18.9
9/9/2024 20:45,15,15,486,0.0,0.0,100,8004,88.10,18.8
9/9/2024 21:00,15,15,496,0.0,0.0,100,8006,88.09,18.7
9/9/2024 21:15,15,15,499,0.0,0.0,100,8003,88.09,18.6
9/9/2024 21:30,15,15,486,0.0,0.0,100,8004,88.09,18.5
9/9/2024 21:45,15,7,456,0.0,0.0,100,8004,88.09,18.5
9/9/2024 22:00,15,0,456,0.0,0.0,100,8005,88.09,18.5
9/9/2024 22:15,15,0,456,0.0,0.0,100,8004,88.10,18.5
9/9/2024 22:30,15,8,465,0.0,0.0,100,8001,88.09,18.4
9/9/2024 22:45,15,14,459,0.0,0.0,100,8001,88.07,18.2
9/9/2024 23:00,15,0,458,0.0,0.0,100,8001,88.06,18.1
9/9/2024 23:15,15,3,456,0.0,0.0,100,8002,88.05,18.1
9/9/2024 23:30,15,0,456,0.0,0.0,100,7999,88.04,18.2
9/9/2024 23:45,15,0,456,0.0,0.0,100,8001,88.02,18.2
9/10/2024 0:00,15,0,457,0.0,0.0,100,7998,88.01,18.3
9/10/2024 0:15,15,0,458,0.0,0.0,100,7978,87.98,18.5
9/10/2024 0:30,15,7,464,0.0,0.0,100,7985,87.96,18.5
9/10/2024 0:45,15,15,463,0.0,0.0,100,7987,87.95,18.4
9/10/2024 1:00,15,15,468,0.0,0.0,100,7983,87.94,18.3
9/10/2024 1:15,15,15,462,0.0,0.0,100,7983,87.92,18.3
9/10/2024 1:30,15,1,457,0.0,0.0,100,7983,87.92,18.4
9/10/2024 1:45,15,0,456,0.0,0.0,100,7984,87.93,18.7
9/10/2024 2:00,15,0,456,0.0,0.0,100,7983,87.92,18.8
9/10/2024 2:15,15,0,458,0.0,0.0,100,7985,87.91,18.9
9/10/2024 2:30,15,0,458,0.0,0.0,100,7986,87.92,18.8
9/10/2024 2:45,15,0,458,0.0,0.0,100,7985,87.92,18.8
9/10/2024 3:00,15,0,458,0.0,0.0,100,7982,87.92,18.8
9/10/2024 3:15,15,0,458,0.0,0.0,100,7983,87.91,18.9
9/10/2024 3:30,15,0,458,0.0,0.0,100,7982,87.90,18.9
9/10/2024 3:45,15,0,458,0.0,0.0,100,7979,87.89,18.9
9/10/2024 4:00,15,0,459,0.0,0.0,100,7979,87.89,18.9
9/10/2024 4:15,15,13,467,0.0,0.0,100,7979,87.88,18.9
9/10/2024 4:30,15,15,474,0.0,0.0,100,7981,87.87,18.8
9/10/2024 4:45,15,15,477,0.0,0.0,100,7981,87.88,18.7
9/10/2024 5:00,15,15,471,0.0,0.0,100,7981,87.89,18.6
9/10/2024 5:15,15,15,463,0.0,0.0,100,7980,87.92,18.7
9/10/2024 5:30,15,15,462,0.0,0.0,100,7979,87.94,18.8
9/10/2024 5:45,15,15,477,0.0,0.0,100,7977,87.97,18.8
9/10/2024 6:00,15,15,484,0.0,0.0,100,7978,87.97,18.8
9/10/2024 6:15,15,15,471,0.0,0.0,100,7978,87.97,18.9
9/10/2024 6:30,15,13,459,0.0,0.0,100,7978,87.98,19.0
9/10/2024 6:45,15,0,458,0.0,0.0,100,7976,87.99,19.1
9/10/2024 7:00,15,0,458,0.0,0.0,100,7980,88.01,19.3
9/10/2024 7:15,15,1,457,0.0,0.0,100,7975,88.04,19.5
9/10/2024 7:30,15,9,496,0.0,0.0,100,7975,88.09,19.7
9/10/2024 7:45,15,15,489,0.0,0.0,100,7976,88.12,19.7
9/10/2024 8:00,15,6,455,0.0,0.0,100,7978,88.12,19.9
9/10/2024 8:15,15,0,456,0.0,0.0,100,7976,88.13,20.3
9/10/2024 8:30,15,0,455,0.0,0.0,100,7964,88.12,20.7
9/10/2024 8:45,15,0,454,0.0,0.0,100,7969,88.13,21.0
9/10/2024 9:00,15,0,454,0.0,0.0,100,7969,88.13,21.3
9/10/2024 9:15,15,0,453,0.0,0.0,100,7970,88.12,21.6
9/10/2024 9:30,15,0,453,0.0,0.0,100,7972,88.12,22.1
9/10/2024 9:45,15,0,451,0.0,0.0,100,7977,88.12,22.5
9/10/2024 10:00,11,0,450,0.0,0.0,100,7983,88.10,23.3
9/10/2024 10:15,4,0,448,0.0,0.0,100,7992,88.08,24.4
9/10/2024 10:30,0,0,448,0.0,0.0,100,8002,88.06,25.9
9/10/2024 10:45,0,0,444,0.0,0.0,100,8007,88.05,26.7
9/10/2024 11:00,0,0,445,0.0,0.0,100,8013,88.05,27.3
9/10/2024 11:15,0,0,445,0.0,0.0,100,8017,88.03,27.9
9/10/2024 11:30,0,0,445,0.0,0.0,100,8030,88.01,28.1
9/10/2024 11:45,0,0,448,0.0,0.0,100,8030,88.00,28.4
9/10/2024 12:00,0,0,449,0.0,0.0,100,8033,87.99,27.8
9/10/2024 12:15,9,0,450,0.0,0.0,100,8033,87.97,26.9
9/10/2024 12:30,15,0,453,0.0,0.0,100,8033,87.96,25.8
9/10/2024 12:45,15,0,453,0.0,0.0,100,8033,87.96,24.8
9/10/2024 13:00,15,0,456,0.0,0.0,100,8026,87.95,24.0
9/10/2024 13:15,15,4,482,0.0,0.0,100,8026,87.94,23.5
9/10/2024 13:30,15,15,783,0.0,0.0,100,8026,87.91,23.1
9/10/2024 13:45,15,15,599,0.0,0.0,100,8029,87.86,23.3
9/10/2024 14:00,15,15,585,0.0,0.0,100,8029,87.86,23.2
9/10/2024 14:15,15,15,568,0.0,0.0,100,8027,87.87,23.0
9/10/2024 14:30,15,15,547,0.0,0.0,100,8029,87.86,23.1
9/10/2024 14:45,15,15,505,0.0,0.0,100,8033,87.84,23.6
9/10/2024 15:00,15,15,464,0.0,0.0,100,8031,87.82,24.0
9/10/2024 15:15,15,2,452,0.0,0.0,100,8031,87.81,24.0
9/10/2024 15:30,15,0,453,0.0,0.0,100,8035,87.80,24.3
9/10/2024 15:45,15,0,452,0.0,0.0,100,8033,87.80,24.2
9/10/2024 16:00,15,0,453,0.0,0.0,100,8032,87.81,23.9
9/10/2024 16:15,15,0,453,0.0,0.0,100,8031,87.81,23.6
9/10/2024 16:30,15,0,454,0.0,0.0,100,8031,87.81,23.3
9/10/2024 16:45,15,3,691,0.0,0.0,100,8030,87.81,22.9
9/10/2024 17:00,15,15,635,0.0,0.0,100,8029,87.82,22.6
9/10/2024 17:15,15,15,624,0.0,0.0,100,8025,87.81,22.1
9/10/2024 17:30,15,15,757,0.0,0.0,100,8021,87.82,21.8
9/10/2024 17:45,15,15,951,0.0,0.0,100,8023,87.84,21.5
9/10/2024 18:00,15,15,810,2.8,36.0,100,8020,87.86,21.3
9/10/2024 18:15,15,15,879,1.2,24.0,100,8020,87.88,21.0
9/10/2024 18:30,15,15,765,2.6,36.0,100,8020,87.89,20.8
9/10/2024 18:45,15,15,916,0.2,12.0,100,8020,87.91,20.7
9/10/2024 19:00,15,15,748,0.2,12.0,100,8019,87.93,20.6
9/10/2024 19:15,15,15,798,0.2,12.0,100,8015,87.92,20.6
9/10/2024 19:30,15,15,835,0.0,0.0,100,8015,87.93,20.6
9/10/2024 19:45,15,15,752,0.2,12.0,100,8017,87.94,20.5
9/10/2024 20:00,15,15,735,0.0,0.0,100,8017,87.95,20.4
9/10/2024 20:15,15,15,716,0.0,0.0,100,8017,87.97,20.3
9/10/2024 20:30,15,15,668,0.0,0.0,100,8014,87.99,20.3
9/10/2024 20:45,15,15,646,0.0,0.0,100,8010,88.00,20.2
9/10/2024 21:00,15,15,641,0.0,0.0,100,8013,88.01,20.2
9/10/2024 21:15,15,15,726,0.0,0.0,100,8014,88.00,20.2
9/10/2024 21:30,15,15,655,0.0,0.0,100,8010,88.00,20.2
9/10/2024 21:45,15,15,638,0.0,0.0,100,8010,88.00,20.1
9/10/2024 22:00,15,15,629,0.0,0.0,100,8011,88.00,20.2
9/10/2024 22:15,15,15,621,0.0,0.0,100,8010,87.99,20.1
9/10/2024 22:30,15,15,617,0.0,0.0,100,8009,87.99,20.0
9/10/2024 22:45,15,15,612,0.0,0.0,100,8007,87.98,20.0
9/10/2024 23:00,15,15,613,0.0,0.0,100,8007,87.98,19.8
9/10/2024 23:15,15,15,606,0.0,0.0,100,8006,87.98,19.7
9/10/2024 23:30,15,15,595,0.2,12.0,100,8006,87.98,19.7
9/10/2024 23:45,15,15,589,0.0,0.0,100,8004,87.99,19.7
9/11/2024 0:00,15,15,588,0.0,0.0,100,8001,87.98,19.7
9/11/2024 0:15,15,15,583,0.0,0.0,100,7982,87.97,19.7
9/11/2024 0:30,15,15,579,0.0,0.0,100,7986,87.97,19.7
9/11/2024 0:45,15,15,571,0.0,0.0,100,7988,87.97,19.7
9/11/2024 1:00,15,15,572,0.0,0.0,100,7988,87.96,19.7
9/11/2024 1:15,15,15,567,0.0,0.0,100,7989,87.96,19.7
9/11/2024 1:30,15,15,572,0.0,0.0,100,7990,87.94,19.6
9/11/2024 1:45,15,15,581,0.0,0.0,100,7988,87.94,19.5
9/11/2024 2:00,15,15,593,0.0,0.0,100,7988,87.91,19.3
9/11/2024 2:15,15,15,600,0.0,0.0,100,7987,87.90,19.1
9/11/2024 2:30,15,15,607,0.0,0.0,100,7988,87.88,18.9
9/11/2024 2:45,15,15,613,0.0,0.0,100,7988,87.90,18.8
9/11/2024 3:00,15,15,601,0.0,0.0,100,7985,87.90,18.8
9/11/2024 3:15,15,15,591,0.0,0.0,100,7988,87.91,18.9
9/11/2024 3:30,15,15,595,0.0,0.0,100,7985,87.90,19.0
9/11/2024 3:45,15,15,600,0.0,0.0,100,7982,87.89,19.0
9/11/2024 4:00,15,15,583,0.0,0.0,100,7982,87.92,19.0
9/11/2024 4:15,15,15,569,0.0,0.0,100,7983,87.91,19.1
9/11/2024 4:30,15,15,565,0.0,0.0,100,7985,87.90,19.1
9/11/2024 4:45,15,15,569,0.0,0.0,100,7985,87.91,19.1
9/11/2024 5:00,15,15,569,0.0,0.0,100,7983,87.95,19.0
9/11/2024 5:15,15,15,560,0.0,0.0,100,7984,87.99,19.1
9/11/2024 5:30,15,15,563,0.0,0.0,100,7982,87.99,19.1
9/11/2024 5:45,15,15,560,0.0,0.0,100,7981,87.99,19.0
9/11/2024 6:00,15,15,547,0.0,0.0,100,7982,88.01,19.1
9/11/2024 6:15,15,15,546,0.0,0.0,100,7980,88.02,19.2
9/11/2024 6:30,15,15,537,0.0,0.0,100,7982,88.03,19.3
9/11/2024 6:45,15,15,525,0.0,0.0,100,7979,88.04,19.4
9/11/2024 7:00,15,15,518,0.0,0.0,100,7980,88.06,19.6
9/11/2024 7:15,15,15,502,0.0,0.0,100,7981,88.07,19.7
9/11/2024 7:30,15,15,486,0.0,0.0,100,7980,88.06,19.9
9/11/2024 7:45,15,15,482,0.0,0.0,100,7979,88.06,20.1
9/11/2024 8:00,15,15,488,0.0,0.0,100,7979,88.07,20.3
9/11/2024 8:15,15,15,590,0.0,0.0,100,7963,88.07,20.5
9/11/2024 8:30,15,15,550,0.0,0.0,100,7966,88.07,20.7
9/11/2024 8:45,15,15,537,0.0,0.0,100,7967,88.07,20.7
9/11/2024 9:00,15,15,471,0.0,0.0,100,7967,88.07,20.8
9/11/2024 9:15,15,11,454,0.0,0.0,100,7959,88.07,21.2
9/11/2024 9:30,15,0,452,0.0,0.0,100,7966,88.06,22.0
9/11/2024 9:45,15,0,451,0.0,0.0,100,7972,88.04,22.8
9/11/2024 10:00,14,0,450,0.0,0.0,100,7980,88.04,23.7
9/11/2024 10:15,2,0,450,1.0,24.0,100,7983,88.04,24.7
9/11/2024 10:30,13,0,453,0.0,0.0,100,7984,88.02,25.0
9/11/2024 10:45,15,0,451,0.0,0.0,100,7986,87.98,24.7
9/11/2024 11:00,10,0,450,0.0,0.0,100,7991,87.95,25.2
9/11/2024 11:15,15,0,452,0.0,0.0,100,7991,87.95,25.3
9/11/2024 11:30,9,0,449,0.0,0.0,100,7998,87.93,25.4
9/11/2024 11:45,2,0,450,0.0,0.0,100,8005,87.90,26.2
9/11/2024 12:00,12,0,450,0.0,0.0,100,8007,87.88,26.1
9/11/2024 12:15,14,0,451,0.0,0.0,100,8011,87.87,26.0
9/11/2024 12:30,14,0,450,0.0,0.0,100,8016,87.86,25.8
9/11/2024 12:45,0,0,449,0.0,0.0,100,8024,87.85,26.3
9/11/2024 13:00,1,0,449,0.0,0.0,100,8033,87.81,26.8
9/11/2024 13:15,0,0,448,0.0,0.0,100,8044,87.80,27.6
9/11/2024 13:30,0,0,449,0.0,0.0,100,8046,87.79,28.2
9/11/2024 13:45,0,0,449,0.0,0.0,100,8052,87.77,28.2
9/11/2024 14:00,12,3,478,0.0,0.0,100,8050,87.77,27.8
9/11/2024 14:15,15,15,464,0.0,0.0,100,8048,87.77,26.3
9/11/2024 14:30,15,7,453,0.0,0.0,100,8042,87.76,25.3
9/11/2024 14:45,15,0,454,0.0,0.0,100,8042,87.73,24.9
9/11/2024 15:00,15,8,614,0.0,0.0,100,8038,87.71,24.3
9/11/2024 15:15,15,15,590,0.0,0.0,100,8040,87.72,23.8
9/11/2024 15:30,15,15,904,0.0,0.0,100,8036,87.72,23.3
9/11/2024 15:45,15,15,842,0.2,12.0,100,8039,87.74,22.5
9/11/2024 16:00,15,15,803,0.0,0.0,100,8035,87.75,22.0
9/11/2024 16:15,15,15,672,0.0,0.0,100,8033,87.77,21.7
9/11/2024 16:30,15,15,637,0.0,0.0,100,8030,87.77,21.5
9/11/2024 16:45,15,15,623,0.0,0.0,100,8029,87.78,21.4
9/11/2024 17:00,15,15,609,0.0,0.0,100,8028,87.83,21.2
9/11/2024 17:15,15,15,604,0.0,0.0,100,8027,87.85,21.1
9/11/2024 17:30,15,15,864,0.0,0.0,100,8026,87.86,20.9
9/11/2024 17:45,15,15,806,0.2,12.0,100,8027,87.86,20.8
9/11/2024 18:00,15,15,775,0.2,12.0,100,8029,87.86,20.7
9/11/2024 18:15,15,15,746,0.0,0.0,100,8026,87.89,20.6
9/11/2024 18:30,15,15,795,0.0,0.0,100,8022,87.90,20.5
9/11/2024 18:45,15,15,758,0.0,0.0,100,8021,87.91,20.5
9/11/2024 19:00,15,15,760,0.2,12.0,100,8020,87.92,20.4
9/11/2024 19:15,15,15,815,0.2,12.0,100,8020,87.95,20.4
9/11/2024 19:30,15,15,911,0.4,12.0,100,8019,87.97,20.3
9/11/2024 19:45,15,15,714,0.2,12.0,100,8019,87.94,20.2
9/11/2024 20:00,15,15,690,0.0,0.0,100,8018,87.95,20.0
9/11/2024 20:15,15,15,679,0.0,0.0,100,8017,87.96,19.9
9/11/2024 20:30,15,15,681,0.0,0.0,100,8018,88.00,19.6
9/11/2024 20:45,15,15,671,0.0,0.0,100,8016,88.02,19.5
9/11/2024 21:00,15,15,645,0.0,0.0,100,8015,88.03,19.4
9/11/2024 21:15,15,15,636,0.0,0.0,100,8012,88.04,19.3
9/11/2024 21:30,15,15,642,0.0,0.0,100,8014,88.03,19.2
9/11/2024 21:45,15,15,631,0.0,0.0,100,8014,88.03,19.2
9/11/2024 22:00,15,15,652,0.0,0.0,100,8014,88.04,19.3
9/11/2024 22:15,15,15,761,0.0,0.0,100,8012,88.03,19.4
9/11/2024 22:30,15,15,798,0.4,24.0,100,8013,88.01,19.4
9/11/2024 22:45,15,15,678,0.0,0.0,100,8009,88.00,19.3
9/11/2024 23:00,15,15,655,0.0,0.0,100,8013,87.99,19.2
9/11/2024 23:15,15,15,640,0.0,0.0,100,8010,87.98,19.0
9/11/2024 23:30,15,15,642,0.0,0.0,100,8008,87.96,18.9
9/11/2024 23:45,15,15,635,0.0,0.0,100,8007,87.94,18.7
9/12/2024 0:00,15,15,651,0.0,0.0,100,8009,87.93,18.6
9/12/2024 0:15,15,15,664,0.0,0.0,100,7984,87.91,18.7
9/12/2024 0:30,15,15,662,0.0,0.0,100,7992,87.90,18.6
9/12/2024 0:45,15,15,660,0.0,0.0,100,7992,87.90,18.5
9/12/2024 1:00,15,15,660,0.0,0.0,100,7990,87.90,18.5
9/12/2024 1:15,15,15,674,0.0,0.0,100,7992,87.90,18.5
9/12/2024 1:30,15,15,678,0.0,0.0,100,7988,87.91,18.4
9/12/2024 1:45,15,15,672,0.0,0.0,100,7991,87.92,18.4
9/12/2024 2:00,15,15,641,0.0,0.0,100,7992,87.93,18.5
9/12/2024 2:15,15,15,614,0.0,0.0,100,7992,87.92,18.6
9/12/2024 2:30,15,15,605,0.0,0.0,100,7990,87.92,18.8
9/12/2024 2:45,15,15,603,0.0,0.0,100,7990,87.91,18.9
9/12/2024 3:00,15,15,632,0.0,0.0,100,7991,87.90,19.0
9/12/2024 3:15,15,15,613,0.0,0.0,100,7988,87.91,19.1
9/12/2024 3:30,15,15,611,0.0,0.0,100,7991,87.90,19.2
9/12/2024 3:45,15,15,601,0.0,0.0,100,7988,87.90,19.3
9/12/2024 4:00,15,15,596,0.0,0.0,100,7988,87.91,19.3
9/12/2024 4:15,15,15,606,0.2,12.0,100,7986,87.92,19.4
9/12/2024 4:30,15,15,592,0.0,0.0,100,7988,87.92,19.4
9/12/2024 4:45,15,15,584,0.0,0.0,100,7987,87.93,19.4
9/12/2024 5:00,15,15,586,0.0,0.0,100,7986,87.93,19.5
9/12/2024 5:15,15,15,585,0.0,0.0,100,7985,87.93,19.4
9/12/2024 5:30,15,15,578,0.0,0.0,100,7985,87.93,19.4
9/12/2024 5:45,15,15,577,0.0,0.0,100,7984,87.93,19.4
9/12/2024 6:00,15,15,571,0.0,0.0,100,7986,87.94,19.4
9/12/2024 6:15,15,15,569,0.0,0.0,100,7986,87.95,19.4
9/12/2024 6:30,15,15,566,0.0,0.0,100,7985,87.95,19.5
9/12/2024 6:45,15,15,553,0.0,0.0,100,7983,87.97,19.7
9/12/2024 7:00,15,15,540,0.0,0.0,100,7982,87.98,20.0
9/12/2024 7:15,15,15,523,0.0,0.0,100,7983,87.99,20.3
9/12/2024 7:30,15,15,504,0.0,0.0,100,7983,88.01,20.6
9/12/2024 7:45,15,15,473,0.0,0.0,100,7983,88.02,20.6
9/12/2024 8:00,15,13,460,0.0,0.0,100,7985,88.02,21.2
9/12/2024 8:15,11,0,450,0.0,0.0,100,7986,88.03,22.4
9/12/2024 8:30,0,0,449,0.0,0.0,100,7975,88.03,23.6
9/12/2024 8:45,7,0,452,0.4,12.0,100,7979,88.02,24.4
9/12/2024 9:00,15,0,451,0.0,0.0,100,7982,88.01,24.7
9/12/2024 9:15,15,0,450,0.0,0.0,100,7975,88.01,25.2
9/12/2024 9:30,13,0,449,0.2,12.0,100,7979,88.01,25.3
9/12/2024 9:45,0,0,449,0.0,0.0,100,7982,88.02,26.0
9/12/2024 10:00,14,0,452,0.0,0.0,100,7983,88.05,25.8
9/12/2024 10:15,7,0,447,0.0,0.0,100,7988,88.08,25.5
9/12/2024 10:30,1,0,449,0.0,0.0,100,7992,88.07,26.0
9/12/2024 10:45,0,0,444,0.0,0.0,100,8001,88.06,26.5
9/12/2024 11:00,0,0,445,0.0,0.0,100,8006,88.04,27.4
9/12/2024 11:15,0,0,445,0.0,0.0,100,8013,88.02,27.6
9/12/2024 11:30,0,0,442,0.0,0.0,100,8024,88.01,28.4
9/12/2024 11:45,0,0,444,0.0,0.0,100,8036,87.99,29.0
9/12/2024 12:00,0,0,444,0.0,0.0,100,8050,87.98,29.1
9/12/2024 12:15,0,0,444,0.0,0.0,100,8068,87.97,29.1
9/12/2024 12:30,0,0,447,0.0,0.0,100,8075,87.95,29.1
9/12/2024 12:45,0,0,447,0.0,0.0,100,8080,87.94,28.8
9/12/2024 13:00,0,0,446,0.0,0.0,100,8087,87.92,28.6
9/12/2024 13:15,0,0,443,0.0,0.0,100,8103,87.90,29.0
9/12/2024 13:30,0,0,446,0.0,0.0,100,8110,87.88,29.6
9/12/2024 13:45,0,0,448,0.0,0.0,100,8111,87.88,29.5
9/12/2024 14:00,0,0,445,0.0,0.0,100,8124,87.87,29.0
9/12/2024 14:15,0,0,447,0.0,0.0,100,8128,87.87,29.0
9/12/2024 14:30,0,0,448,0.0,0.0,100,8128,87.85,28.7
9/12/2024 14:45,0,0,448,0.0,0.0,100,8127,87.85,28.3
9/12/2024 15:00,10,0,451,0.0,0.0,100,8121,87.85,27.4
9/12/2024 15:15,15,14,682,0.0,0.0,100,8114,87.88,26.0
9/12/2024 15:30,15,15,647,0.0,0.0,100,8112,87.88,24.5
9/12/2024 15:45,15,15,633,0.0,0.0,100,8110,87.89,23.7
9/12/2024 16:00,15,15,656,0.0,0.0,100,8105,87.91,23.0
9/12/2024 16:15,15,15,816,0.4,12.0,100,8104,87.94,22.4
9/12/2024 16:30,15,15,754,0.2,12.0,100,8101,87.94,21.7
9/12/2024 16:45,15,15,700,0.0,0.0,100,8095,87.90,21.3
9/12/2024 17:00,15,15,918,0.0,0.0,100,8094,87.95,21.1
9/12/2024 17:15,15,15,820,1.0,12.0,100,8096,87.97,21.0
9/12/2024 17:30,15,15,749,0.2,12.0,100,8090,87.98,20.9
9/12/2024 17:45,15,15,964,1.4,48.0,100,8089,88.01,20.7
9/12/2024 18:00,15,15,906,3.8,60.0,100,8089,88.03,20.3
9/12/2024 18:15,15,15,748,0.4,12.0,100,8086,88.04,19.7
9/12/2024 18:30,15,15,841,0.0,0.0,100,8085,88.05,19.5
9/12/2024 18:45,15,15,686,0.0,0.0,100,8082,88.05,19.5
9/12/2024 19:00,15,15,677,0.0,0.0,100,8083,88.04,19.6
9/12/2024 19:15,15,15,666,0.0,0.0,100,8082,88.03,19.6
9/12/2024 19:30,15,15,651,0.2,12.0,100,8078,88.02,19.7
9/12/2024 19:45,15,15,633,0.0,0.0,100,8077,88.02,19.7
9/12/2024 20:00,15,15,633,0.0,0.0,100,8078,88.00,19.7
9/12/2024 20:15,15,15,624,0.0,0.0,100,8075,88.00,19.7
9/12/2024 20:30,15,15,612,0.0,0.0,100,8077,88.03,19.8
9/12/2024 20:45,15,15,604,0.0,0.0,100,8073,88.04,19.9
9/12/2024 21:00,15,15,602,0.0,0.0,100,8074,88.05,19.9
9/12/2024 21:15,15,15,603,0.0,0.0,100,8072,88.06,19.9
9/12/2024 21:30,15,15,594,0.0,0.0,100,8074,88.06,19.8
9/12/2024 21:45,15,15,587,0.0,0.0,100,8069,88.05,19.9
9/12/2024 22:00,15,15,580,0.0,0.0,100,8070,88.06,19.9
9/12/2024 22:15,15,15,577,0.0,0.0,100,8070,88.06,19.9
9/12/2024 22:30,15,15,591,0.0,0.0,100,8070,88.04,19.8
9/12/2024 22:45,15,15,603,0.0,0.0,100,8064,88.03,19.6
9/12/2024 23:00,15,15,609,0.0,0.0,100,8064,88.01,19.4
9/12/2024 23:15,15,15,622,0.0,0.0,100,8064,88.01,19.2
9/12/2024 23:30,15,15,630,0.0,0.0,100,8064,87.99,19.1
9/12/2024 23:45,15,15,632,0.0,0.0,100,8063,87.97,18.9
9/13/2024 0:00,15,15,642,0.0,0.0,100,8061,87.96,18.8
9/13/2024 0:15,15,15,649,0.0,0.0,100,8035,87.95,18.8
9/13/2024 0:30,15,15,664,0.0,0.0,100,8045,87.94,18.7
9/13/2024 0:45,15,15,670,0.0,0.0,100,8044,87.91,18.5
9/13/2024 1:00,15,15,670,0.0,0.0,100,8043,87.89,18.4
9/13/2024 1:15,15,15,667,0.0,0.0,100,8044,87.87,18.3
9/13/2024 1:30,15,15,660,0.0,0.0,100,8041,87.87,18.3
9/13/2024 1:45,15,15,655,0.0,0.0,100,8044,87.87,18.2
9/13/2024 2:00,15,15,636,0.0,0.0,100,8041,87.87,18.3
9/13/2024 2:15,15,15,632,0.0,0.0,100,8042,87.86,18.3
9/13/2024 2:30,15,15,638,0.0,0.0,100,8040,87.85,18.3
9/13/2024 2:45,15,15,631,0.0,0.0,100,8040,87.85,18.4
9/13/2024 3:00,15,15,624,0.0,0.0,100,8039,87.84,18.5
9/13/2024 3:15,15,15,616,0.0,0.0,100,8038,87.86,18.7
9/13/2024 3:30,15,15,610,0.0,0.0,100,8036,87.88,18.9
9/13/2024 3:45,15,15,596,0.0,0.0,100,8039,87.91,19.0
9/13/2024 4:00,15,15,588,0.0,0.0,100,8037,87.92,19.1
9/13/2024 4:15,15,15,584,0.0,0.0,100,8035,87.92,19.2
9/13/2024 4:30,15,15,579,0.0,0.0,100,8034,87.93,19.2
9/13/2024 4:45,15,15,577,0.2,12.0,100,8036,87.93,19.3
9/13/2024 5:00,15,15,572,0.0,0.0,100,8035,87.93,19.3
9/13/2024 5:15,15,15,570,0.0,0.0,100,8032,87.95,19.3
9/13/2024 5:30,15,15,573,0.0,0.0,100,8033,87.99,19.2
9/13/2024 5:45,15,15,579,0.0,0.0,100,8032,87.99,19.0
9/13/2024 6:00,15,15,575,0.0,0.0,100,8030,88.01,18.9
9/13/2024 6:15,15,15,563,0.0,0.0,100,8029,88.06,18.9
9/13/2024 6:30,15,15,551,0.0,0.0,100,8029,88.07,19.0
9/13/2024 6:45,15,15,525,0.0,0.0,100,8030,88.09,19.1
9/13/2024 7:00,15,15,506,0.0,0.0,100,8029,88.12,19.3
9/13/2024 7:15,15,15,487,0.2,12.0,100,8028,88.14,19.5
9/13/2024 7:30,15,15,480,0.0,0.0,100,8027,88.16,19.7
9/13/2024 7:45,15,15,751,0.0,0.0,100,8027,88.16,19.8
9/13/2024 8:00,15,15,625,0.0,0.0,100,8026,88.16,19.7
9/13/2024 8:15,14,14,595,0.0,0.0,100,8016,88.17,19.8
9/13/2024 8:30,15,15,577,0.0,0.0,100,8017,88.16,20.0
9/13/2024 8:45,15,15,550,0.0,0.0,100,8023,88.15,20.2
9/13/2024 9:00,15,15,522,0.0,0.0,100,8023,88.12,20.7
9/13/2024 9:15,15,15,498,0.0,0.0,100,8020,88.16,21.0
9/13/2024 9:30,15,15,463,0.0,0.0,100,8026,88.17,21.6
9/13/2024 9:45,15,5,452,0.0,0.0,100,8029,88.18,22.8
9/13/2024 10:00,15,0,452,0.0,0.0,100,8029,88.19,22.9
9/13/2024 10:15,15,0,452,0.0,0.0,100,8029,88.19,22.8
9/13/2024 10:30,15,0,452,0.0,0.0,100,8032,88.18,22.6
9/13/2024 10:45,15,0,452,0.0,0.0,100,8036,88.18,22.4
9/13/2024 11:00,15,0,452,0.0,0.0,100,8037,88.15,22.4
9/13/2024 11:15,15,0,452,0.0,0.0,100,8037,88.12,22.5
9/13/2024 11:30,15,0,453,0.0,0.0,100,8040,88.12,22.6
9/13/2024 11:45,15,0,452,0.0,0.0,100,8042,88.10,22.7
9/13/2024 12:00,15,0,452,0.0,0.0,100,8045,88.08,22.9
9/13/2024 12:15,15,0,451,0.0,0.0,100,8047,88.05,23.1
9/13/2024 12:30,15,0,451,0.0,0.0,100,8049,88.04,23.5
9/13/2024 12:45,15,0,450,0.0,0.0,100,8052,88.02,23.9
9/13/2024 13:00,15,0,451,0.0,0.0,100,8052,87.99,24.1
9/13/2024 13:15,15,0,451,0.0,0.0,100,8056,87.98,24.0
9/13/2024 13:30,15,0,452,0.0,0.0,100,8054,87.98,23.6
9/13/2024 13:45,15,0,453,0.0,0.0,100,8051,87.97,23.2
9/13/2024 14:00,15,0,456,0.0,0.0,100,8050,87.95,22.8
9/13/2024 14:15,15,0,454,0.0,0.0,100,8048,87.91,22.5
9/13/2024 14:30,15,0,452,0.0,0.0,100,8050,87.92,22.3
9/13/2024 14:45,15,0,451,0.0,0.0,100,8050,87.91,22.4
9/13/2024 15:00,15,0,451,0.0,0.0,100,8051,87.91,22.8
9/13/2024 15:15,15,0,451,0.0,0.0,100,8052,87.91,23.2
9/13/2024 15:30,15,0,451,0.0,0.0,100,8053,87.91,23.4
9/13/2024 15:45,15,0,452,0.0,0.0,100,8051,87.91,23.5
9/13/2024 16:00,15,0,453,0.0,0.0,100,8052,87.92,23.3
9/13/2024 16:15,15,0,453,0.0,0.0,100,8055,87.92,23.1
9/13/2024 16:30,15,0,455,0.0,0.0,100,8050,87.94,22.8
9/13/2024 16:45,15,0,457,0.0,0.0,100,8047,87.95,22.2
9/13/2024 17:00,15,12,463,0.0,0.0,100,8045,87.97,21.6
9/13/2024 17:15,15,15,461,0.0,0.0,100,8045,87.97,21.1
9/13/2024 17:30,15,15,467,0.0,0.0,100,8042,87.97,20.8
9/13/2024 17:45,15,15,476,0.0,0.0,100,8042,87.98,20.4
9/13/2024 18:00,15,15,487,0.0,0.0,100,8040,87.98,20.1
9/13/2024 18:15,15,15,502,0.0,0.0,100,8037,87.98,19.8
9/13/2024 18:30,15,15,503,0.0,0.0,100,8039,87.99,19.6
9/13/2024 18:45,15,15,497,0.0,0.0,100,8039,88.01,19.4
9/13/2024 19:00,15,15,464,0.0,0.0,100,8037,88.05,19.4
9/13/2024 19:15,15,15,477,0.0,0.0,100,8035,88.06,19.3
9/13/2024 19:30,15,15,484,0.0,0.0,100,8033,88.08,19.0
9/13/2024 19:45,15,15,506,0.0,0.0,100,8033,88.08,18.7
9/13/2024 20:00,15,15,507,0.0,0.0,100,8035,88.09,18.5
9/13/2024 20:15,15,15,500,0.0,0.0,100,8031,88.11,18.3
9/13/2024 20:30,15,15,478,0.0,0.0,100,8030,88.12,18.3
9/13/2024 20:45,15,8,455,0.0,0.0,100,8030,88.12,18.4
9/13/2024 21:00,15,0,454,0.0,0.0,100,8031,88.12,18.6
9/13/2024 21:15,15,0,455,0.0,0.0,100,8030,88.14,18.7
9/13/2024 21:30,15,0,454,0.0,0.0,100,8027,88.15,18.7
9/13/2024 21:45,15,0,455,0.0,0.0,100,8030,88.14,18.7
9/13/2024 22:00,15,0,455,0.0,0.0,100,8026,88.14,18.7
9/13/2024 22:15,15,0,455,0.0,0.0,100,8027,88.12,18.7
9/13/2024 22:30,15,0,454,0.0,0.0,100,8024,88.12,18.7
9/13/2024 22:45,15,0,454,0.0,0.0,100,8023,88.13,18.8
9/13/2024 23:00,15,0,454,0.0,0.0,100,8023,88.12,18.8
9/13/2024 23:15,15,0,454,0.0,0.0,100,8024,88.12,18.8
9/13/2024 23:30,15,0,454,0.0,0.0,100,8022,88.11,18.8
9/13/2024 23:45,15,0,455,0.0,0.0,100,8023,88.09,18.8
9/14/2024 0:00,15,0,454,0.0,0.0,100,8022,88.07,18.8
9/14/2024 0:15,15,0,455,0.0,0.0,100,8002,88.07,19.0
9/14/2024 0:30,15,0,455,0.0,0.0,100,8008,88.06,19.0
9/14/2024 0:45,15,0,455,0.0,0.0,100,8009,88.04,18.8
9/14/2024 1:00,15,0,455,0.0,0.0,100,8008,88.02,18.7
9/14/2024 1:15,15,0,454,0.0,0.0,100,8007,88.00,18.7
9/14/2024 1:30,15,0,454,0.0,0.0,100,8006,87.98,18.8
9/14/2024 1:45,15,0,454,0.0,0.0,100,8006,87.95,18.8
9/14/2024 2:00,15,0,454,0.0,0.0,100,8007,87.94,18.8
9/14/2024 2:15,15,0,454,0.0,0.0,100,8006,87.94,18.8
9/14/2024 2:30,15,0,454,0.0,0.0,100,8003,87.93,18.9
9/14/2024 2:45,15,0,453,0.0,0.0,100,8005,87.93,18.9
9/14/2024 3:00,15,0,453,0.0,0.0,100,8004,87.92,18.9
9/14/2024 3:15,15,0,454,0.0,0.0,100,8003,87.92,18.9
9/14/2024 3:30,15,0,453,0.0,0.0,100,8004,87.93,18.8
9/14/2024 3:45,15,0,453,0.0,0.0,100,8001,87.93,18.9
9/14/2024 4:00,15,0,454,0.0,0.0,100,8001,87.94,18.8
9/14/2024 4:15,15,0,454,0.0,0.0,100,8002,87.95,18.8
9/14/2024 4:30,15,0,454,0.0,0.0,100,8001,87.95,18.7
9/14/2024 4:45,15,0,454,0.0,0.0,100,8000,87.96,18.6
9/14/2024 5:00,15,0,454,0.0,0.0,100,8002,87.96,18.5
9/14/2024 5:15,15,0,454,0.0,0.0,100,7999,87.96,18.3
9/14/2024 5:30,15,0,454,0.0,0.0,100,7996,87.97,18.3
9/14/2024 5:45,15,0,454,0.0,0.0,100,7998,87.99,18.3
9/14/2024 6:00,15,0,454,0.0,0.0,100,8000,87.98,18.4
9/14/2024 6:15,15,0,454,0.0,0.0,100,7998,88.00,18.7
9/14/2024 6:30,15,0,453,0.0,0.0,100,7999,88.00,19.0
9/14/2024 6:45,15,0,452,0.0,0.0,100,7998,88.01,19.5
9/14/2024 7:00,15,0,452,0.0,0.0,100,7996,88.01,20.0
9/14/2024 7:15,15,0,452,0.0,0.0,100,7998,88.00,20.6
9/14/2024 7:30,15,0,451,0.0,0.0,100,7998,88.00,21.4
9/14/2024 7:45,15,0,451,0.0,0.0,100,7998,88.04,22.0
9/14/2024 8:00,14,0,450,0.0,0.0,100,7999,88.04,22.6
9/14/2024 8:15,0,0,447,0.0,0.0,100,7998,88.06,23.6
9/14/2024 8:30,2,0,450,0.0,0.0,100,7984,88.07,25.0
9/14/2024 8:45,9,0,451,0.0,0.0,100,7984,88.07,25.2
9/14/2024 9:00,11,0,449,0.0,0.0,100,7985,88.07,25.1
9/14/2024 9:15,0,0,447,0.0,0.0,100,7985,88.08,25.5
9/14/2024 9:30,0,0,446,0.0,0.0,100,7982,88.09,26.4
9/14/2024 9:45,0,0,444,0.0,0.0,100,7982,88.09,27.1
9/14/2024 10:00,0,0,442,0.0,0.0,100,7986,88.09,27.8
9/14/2024 10:15,0,0,442,0.0,0.0,100,7991,88.08,28.9
9/14/2024 10:30,0,0,441,0.0,0.0,100,7995,88.07,29.9
9/14/2024 10:45,0,0,440,0.0,0.0,100,8001,88.06,30.7
9/14/2024 11:00,0,0,442,0.0,0.0,100,8003,88.06,31.0
9/14/2024 11:15,0,0,440,0.0,0.0,100,8011,88.05,31.2
9/14/2024 11:30,0,0,440,0.0,0.0,100,8023,88.04,31.6
9/14/2024 11:45,0,0,443,0.0,0.0,100,8031,88.03,31.6
9/14/2024 12:00,0,0,446,0.0,0.0,100,8032,88.03,30.7
9/14/2024 12:15,0,0,444,0.0,0.0,100,8042,88.01,29.6
9/14/2024 12:30,0,0,447,0.0,0.0,100,8040,88.00,29.1
9/14/2024 12:45,0,0,446,0.0,0.0,100,8046,87.97,28.6
9/14/2024 13:00,0,0,447,0.0,0.0,100,8044,87.95,28.0
9/14/2024 13:15,0,0,448,0.0,0.0,100,8044,87.93,27.2
9/14/2024 13:30,0,0,448,0.0,0.0,100,8043,87.90,26.4
9/14/2024 13:45,0,0,449,0.0,0.0,100,8040,87.88,26.2
9/14/2024 14:00,0,0,449,0.0,0.0,100,8041,87.86,25.6
9/14/2024 14:15,1,0,450,0.0,0.0,100,8039,87.86,25.2
9/14/2024 14:30,12,0,450,0.0,0.0,100,8037,87.85,24.7
9/14/2024 14:45,1,0,450,0.0,0.0,100,8038,87.85,24.5
9/14/2024 15:00,13,0,450,0.0,0.0,100,8041,87.87,24.3
9/14/2024 15:15,7,0,451,0.0,0.0,100,8035,87.85,24.3
9/14/2024 15:30,15,0,451,0.0,0.0,100,8034,87.90,24.0
9/14/2024 15:45,15,0,453,0.0,0.0,100,8033,87.87,23.6
9/14/2024 16:00,15,0,452,0.0,0.0,100,8033,87.83,23.3
9/14/2024 16:15,15,0,453,0.0,0.0,100,8028,87.84,23.1
9/14/2024 16:30,15,0,453,0.0,0.0,100,8028,87.85,22.9
9/14/2024 16:45,15,10,784,0.2,12.0,100,8026,87.88,22.5
9/14/2024 17:00,15,15,752,0.2,12.0,100,8026,87.88,21.8
9/14/2024 17:15,15,15,972,1.4,24.0,100,8024,87.89,21.5
9/14/2024 17:30,15,15,757,6.0,60.0,100,8024,87.95,21.2
9/14/2024 17:45,15,15,700,0.2,12.0,100,8023,87.95,20.9
9/14/2024 18:00,15,15,750,0.0,0.0,100,8022,87.93,20.8
9/14/2024 18:15,15,15,692,0.0,0.0,100,8019,87.93,20.7
9/14/2024 18:30,15,15,665,0.0,0.0,100,8019,87.96,20.7
9/14/2024 18:45,15,15,726,0.0,0.0,100,8017,87.98,20.7
9/14/2024 19:00,15,15,671,0.2,12.0,100,8017,88.00,20.6
9/14/2024 19:15,15,15,788,0.0,0.0,100,8017,88.00,20.6
9/14/2024 19:30,15,15,725,0.0,0.0,100,8017,88.00,20.6
9/14/2024 19:45,15,15,705,0.0,0.0,100,8013,88.02,20.6
9/14/2024 20:00,15,15,661,0.0,0.0,100,8014,88.04,20.5
9/14/2024 20:15,15,15,643,0.0,0.0,100,8014,88.04,20.3
9/14/2024 20:30,15,15,609,0.0,0.0,100,8014,88.04,20.3
9/14/2024 20:45,15,15,604,0.0,0.0,100,8014,88.04,20.2
9/14/2024 21:00,15,15,601,0.0,0.0,100,8014,88.03,20.2
9/14/2024 21:15,15,15,602,0.0,0.0,100,8009,88.04,20.1
9/14/2024 21:30,15,15,605,0.0,0.0,100,8008,88.06,20.0
9/14/2024 21:45,15,15,598,0.0,0.0,100,8007,88.06,19.9
9/14/2024 22:00,15,15,601,0.0,0.0,100,8008,88.04,19.8
9/14/2024 22:15,15,15,588,0.0,0.0,100,8007,88.03,19.8
9/14/2024 22:30,15,15,588,0.0,0.0,100,8008,88.03,19.7
9/14/2024 22:45,15,15,582,0.0,0.0,100,8007,88.04,19.7
9/14/2024 23:00,15,15,589,0.0,0.0,100,8006,88.04,19.6
9/14/2024 23:15,15,15,624,0.0,0.0,100,8004,88.03,19.5
9/14/2024 23:30,15,15,614,0.0,0.0,100,8004,88.02,19.5
9/14/2024 23:45,15,15,725,0.2,12.0,100,8004,88.01,19.4
9/15/2024 0:00,15,15,631,0.0,0.0,100,8004,87.99,19.5
9/15/2024 0:15,15,15,634,0.0,0.0,100,7982,87.96,19.5
9/15/2024 0:30,15,15,625,0.0,0.0,100,7989,87.96,19.2
9/15/2024 0:45,15,15,624,0.0,0.0,100,7990,87.95,19.0
9/15/2024 1:00,15,15,619,0.0,0.0,100,7987,87.93,18.7
9/15/2024 1:15,15,15,606,0.0,0.0,100,7985,87.91,18.6
9/15/2024 1:30,15,15,590,0.0,0.0,100,7988,87.89,18.5
9/15/2024 1:45,15,15,580,0.0,0.0,100,7984,87.89,18.5
9/15/2024 2:00,15,15,584,0.0,0.0,100,7985,87.88,18.4
9/15/2024 2:15,15,15,575,0.0,0.0,100,7987,87.88,18.3
9/15/2024 2:30,15,15,572,0.0,0.0,100,7983,87.86,18.3
9/15/2024 2:45,15,15,562,0.0,0.0,100,7985,87.85,18.3
9/15/2024 3:00,15,15,544,0.0,0.0,100,7983,87.85,18.4
9/15/2024 3:15,15,15,528,0.0,0.0,100,7985,87.85,18.5
9/15/2024 3:30,15,15,522,0.0,0.0,100,7983,87.86,18.6
9/15/2024 3:45,15,15,507,0.0,0.0,100,7985,87.87,18.6
9/15/2024 4:00,15,15,503,0.0,0.0,100,7981,87.88,18.6
9/15/2024 4:15,15,15,486,0.0,0.0,100,7985,87.89,18.6
9/15/2024 4:30,15,15,480,0.0,0.0,100,7981,87.90,18.6
9/15/2024 4:45,15,15,478,0.0,0.0,100,7982,87.91,18.6
9/15/2024 5:00,15,15,476,0.0,0.0,100,7982,87.92,18.6
9/15/2024 5:15,15,15,467,0.0,0.0,100,7982,87.93,18.6
9/15/2024 5:30,15,10,459,0.0,0.0,100,7982,87.95,18.5
9/15/2024 5:45,15,2,455,0.0,0.0,100,7979,87.96,18.5
9/15/2024 6:00,15,0,456,0.0,0.0,100,7978,87.95,18.5
9/15/2024 6:15,15,0,454,0.0,0.0,100,7980,87.96,18.7
9/15/2024 6:30,15,0,454,0.0,0.0,100,7979,87.98,19.1
9/15/2024 6:45,15,0,454,0.0,0.0,100,7983,88.01,19.5
9/15/2024 7:00,15,0,453,0.0,0.0,100,7979,88.02,19.8
9/15/2024 7:15,15,0,452,0.0,0.0,100,7982,88.04,20.3
9/15/2024 7:30,15,0,453,0.0,0.0,100,7981,88.05,20.8
9/15/2024 7:45,15,0,452,0.0,0.0,100,7980,88.09,21.4
9/15/2024 8:00,15,0,451,0.0,0.0,100,7981,88.10,21.9
9/15/2024 8:15,15,0,450,0.0,0.0,100,7982,88.12,22.6
9/15/2024 8:30,15,0,451,0.0,0.0,100,7962,88.12,23.4
9/15/2024 8:45,15,0,451,0.0,0.0,100,7966,88.11,23.6
9/15/2024 9:00,7,0,449,0.0,0.0,100,7964,88.11,23.8
9/15/2024 9:15,0,0,446,0.0,0.0,100,7968,88.11,24.4
9/15/2024 9:30,0,0,445,0.0,0.0,100,7918,88.11,26.0
9/15/2024 9:45,0,0,443,0.0,0.0,100,7955,88.11,27.4
9/15/2024 10:00,0,0,444,0.0,0.0,100,7960,88.10,27.7
9/15/2024 10:15,0,0,444,0.0,0.0,100,7962,88.11,27.8
9/15/2024 10:30,0,0,448,0.0,0.0,100,7965,88.10,27.4
9/15/2024 10:45,0,0,445,0.0,0.0,100,7971,88.09,26.7
9/15/2024 11:00,0,0,446,0.0,0.0,100,7976,88.08,27.1
9/15/2024 11:15,0,0,445,0.0,0.0,100,7983,88.07,27.7
9/15/2024 11:30,0,0,443,0.0,0.0,100,7991,88.05,28.4
9/15/2024 11:45,0,0,444,0.0,0.0,100,8007,88.06,28.6
9/15/2024 12:00,0,0,442,0.0,0.0,100,8023,88.03,29.1
9/15/2024 12:15,0,0,445,0.0,0.0,100,8034,88.01,30.0
9/15/2024 12:30,0,0,446,0.0,0.0,100,8038,88.00,29.9
9/15/2024 12:45,0,0,445,0.0,0.0,100,8045,87.98,29.3
9/15/2024 13:00,0,0,443,0.0,0.0,100,8056,87.95,29.0
9/15/2024 13:15,0,0,445,0.0,0.0,100,8066,87.94,30.1
9/15/2024 13:30,0,0,447,0.0,0.0,100,8067,87.92,30.1
9/15/2024 13:45,0,0,446,0.0,0.0,100,8077,87.91,29.0
9/15/2024 14:00,0,0,447,0.0,0.0,100,8075,87.89,28.5
9/15/2024 14:15,0,0,446,0.0,0.0,100,8083,87.87,28.2
9/15/2024 14:30,0,0,447,0.0,0.0,100,8084,87.84,28.2
9/15/2024 14:45,0,0,445,0.0,0.0,100,8086,87.84,27.9
9/15/2024 15:00,10,8,501,0.0,0.0,100,8086,87.84,27.7
9/15/2024 15:15,15,6,451,0.0,0.0,100,8080,87.82,26.2
9/15/2024 15:30,15,0,452,0.0,0.0,100,8082,87.83,25.3
9/15/2024 15:45,15,0,452,0.0,0.0,100,8079,87.82,24.7
9/15/2024 16:00,15,0,452,0.0,0.0,100,8077,87.82,24.2
9/15/2024 16:15,15,0,453,0.0,0.0,100,8073,87.83,23.8
9/15/2024 16:30,15,0,454,0.0,0.0,100,8072,87.82,23.1
9/15/2024 16:45,15,0,453,0.0,0.0,100,8067,87.81,22.6
9/15/2024 17:00,15,0,455,0.0,0.0,100,8067,87.81,22.2
9/15/2024 17:15,15,7,852,0.0,0.0,100,8066,87.85,21.9
9/15/2024 17:30,15,15,838,0.0,0.0,100,8061,87.88,21.6
9/15/2024 17:45,15,15,733,0.2,12.0,100,8063,87.90,21.0
9/15/2024 18:00,15,15,843,0.2,12.0,100,8061,87.94,20.7
9/15/2024 18:15,15,15,877,0.4,12.0,100,8057,87.96,20.1
9/15/2024 18:30,15,15,818,0.2,12.0,100,8058,87.97,19.6
9/15/2024 18:45,15,15,962,2.2,24.0,100,8058,88.00,19.6
9/15/2024 19:00,15,15,882,3.4,36.0,100,8056,87.97,19.7
9/15/2024 19:15,15,15,675,0.2,12.0,100,8055,87.95,19.7
9/15/2024 19:30,15,15,649,0.2,12.0,100,8051,87.94,19.9
9/15/2024 19:45,15,15,648,0.0,0.0,100,8051,87.95,20.1
9/15/2024 20:00,15,15,638,0.0,0.0,100,8052,87.97,20.2
9/15/2024 20:15,15,15,620,0.0,0.0,100,8051,88.01,20.3
9/15/2024 20:30,15,15,633,0.0,0.0,100,8049,88.00,20.3
9/15/2024 20:45,15,15,668,0.0,0.0,100,8048,88.01,20.3
9/15/2024 21:00,15,15,629,0.0,0.0,100,8046,88.02,20.3
9/15/2024 21:15,15,15,673,0.0,0.0,100,8048,88.03,20.3
9/15/2024 21:30,15,15,670,0.0,0.0,100,8045,88.03,20.2
9/15/2024 21:45,15,15,655,0.0,0.0,100,8047,88.00,20.2
9/15/2024 22:00,15,15,641,0.0,0.0,100,8043,87.97,20.1
9/15/2024 22:15,15,15,631,0.0,0.0,100,8042,87.95,20.0
9/15/2024 22:30,15,15,622,0.0,0.0,100,8039,87.96,19.9
9/15/2024 22:45,15,15,621,0.0,0.0,100,8042,87.97,19.8
9/15/2024 23:00,15,15,610,0.0,0.0,100,8042,87.97,19.7
9/15/2024 23:15,15,15,603,0.0,0.0,100,8041,87.96,19.5
9/15/2024 23:30,15,15,607,0.0,0.0,100,8038,87.97,19.4
9/15/2024 23:45,15,15,608,0.0,0.0,100,8036,87.97,19.3
9/16/2024 0:00,15,15,577,0.0,0.0,100,8037,87.97,19.3
9/16/2024 0:15,15,15,566,0.0,0.0,100,8014,87.96,19.4
9/16/2024 0:30,15,15,579,0.0,0.0,100,8020,87.95,19.4
9/16/2024 0:45,15,15,570,0.0,0.0,100,8021,87.94,19.3
9/16/2024 1:00,15,15,563,0.0,0.0,100,8020,87.93,19.3
9/16/2024 1:15,15,15,561,0.0,0.0,100,8017,87.91,19.4
9/16/2024 1:30,15,15,632,0.0,0.0,100,8020,87.90,19.4
9/16/2024 1:45,15,15,600,0.0,0.0,100,8019,87.87,19.5
9/16/2024 2:00,15,15,595,0.0,0.0,100,8020,87.84,19.6
9/16/2024 2:15,15,15,599,0.0,0.0,100,8016,87.85,19.5
9/16/2024 2:30,15,15,588,0.0,0.0,100,8017,87.84,19.4
9/16/2024 2:45,15,15,590,0.0,0.0,100,8014,87.81,19.3
9/16/2024 3:00,15,15,569,0.0,0.0,100,8017,87.82,19.3
9/16/2024 3:15,15,15,564,0.0,0.0,100,8017,87.83,19.4
9/16/2024 3:30,15,15,551,0.0,0.0,100,8015,87.84,19.5
9/16/2024 3:45,15,15,558,0.0,0.0,100,8018,87.84,19.6
9/16/2024 4:00,15,15,649,0.0,0.0,100,8015,87.85,19.7
9/16/2024 4:15,15,15,649,0.0,0.0,100,8013,87.87,19.7
9/16/2024 4:30,15,15,656,0.0,0.0,100,8012,87.87,19.7
9/16/2024 4:45,15,15,632,0.0,0.0,100,8015,87.86,19.6
9/16/2024 5:00,15,15,608,0.0,0.0,100,8012,87.90,19.6
9/16/2024 5:15,15,15,605,0.0,0.0,100,8008,87.89,19.6
9/16/2024 5:30,15,15,644,0.0,0.0,100,8010,87.90,19.7
9/16/2024 5:45,15,15,630,0.0,0.0,100,8011,87.94,19.7
9/16/2024 6:00,15,15,631,0.0,0.0,100,8008,87.96,19.7
9/16/2024 6:15,15,15,797,0.0,0.0,100,8009,87.96,19.6
9/16/2024 6:30,15,15,756,0.0,0.0,100,8008,87.96,19.6
9/16/2024 6:45,15,15,594,0.0,0.0,100,8010,87.96,19.5
9/16/2024 7:00,15,15,580,0.0,0.0,100,8008,87.95,19.5
9/16/2024 7:15,15,15,568,0.0,0.0,100,8009,87.97,19.5
9/16/2024 7:30,15,15,553,0.0,0.0,100,8007,87.97,19.6
9/16/2024 7:45,15,15,820,0.0,0.0,100,8005,87.99,19.7
9/16/2024 8:00,15,15,690,0.0,0.0,100,8005,88.02,19.7
9/16/2024 8:15,15,15,821,0.2,12.0,100,7983,88.02,19.9
9/16/2024 8:30,15,15,796,0.0,0.0,100,7988,88.02,20.1
9/16/2024 8:45,15,15,889,0.0,0.0,100,7988,88.05,20.1
9/16/2024 9:00,15,15,694,0.0,0.0,100,7987,88.07,20.0
9/16/2024 9:15,15,15,868,0.0,0.0,100,7987,88.09,20.0
9/16/2024 9:30,15,15,790,0.2,12.0,100,7988,88.12,20.1
9/16/2024 9:45,15,15,584,0.2,12.0,100,7987,88.13,20.2
9/16/2024 10:00,15,15,657,0.0,0.0,100,7989,88.14,20.6
9/16/2024 10:15,15,15,569,0.0,0.0,100,7992,88.12,20.8
9/16/2024 10:30,15,15,544,0.0,0.0,100,7996,88.12,21.1
9/16/2024 10:45,15,15,503,0.0,0.0,100,7998,88.11,21.2
9/16/2024 11:00,15,15,461,0.0,0.0,100,8001,88.09,21.5
9/16/2024 11:15,15,0,453,0.0,0.0,100,8006,88.06,22.0
9/16/2024 11:30,15,0,451,0.0,0.0,100,8011,88.04,22.2
9/16/2024 11:45,14,0,450,0.0,0.0,100,8020,88.01,22.6
9/16/2024 12:00,8,0,449,0.0,0.0,100,8033,87.98,23.2
9/16/2024 12:15,0,0,447,0.0,0.0,100,8048,87.94,24.3
9/16/2024 12:30,0,0,446,0.0,0.0,100,8064,87.89,25.6
9/16/2024 12:45,0,0,447,0.0,0.0,100,8078,87.86,26.6
9/16/2024 13:00,0,0,447,0.0,0.0,100,8083,87.84,27.0
9/16/2024 13:15,0,0,448,0.0,0.0,100,8087,87.82,27.8
9/16/2024 13:30,0,0,448,0.0,0.0,100,8088,87.81,28.1
9/16/2024 13:45,3,0,450,0.0,0.0,100,8086,87.80,27.8
9/16/2024 14:00,15,0,451,0.0,0.0,100,8085,87.79,26.8
9/16/2024 14:15,15,0,452,0.0,0.0,100,8083,87.80,25.9
9/16/2024 14:30,15,0,452,0.0,0.0,100,8083,87.81,25.0
9/16/2024 14:45,15,0,453,0.0,0.0,100,8079,87.80,24.4
9/16/2024 15:00,15,0,454,0.0,0.0,100,8077,87.81,23.6
9/16/2024 15:15,15,0,454,0.0,0.0,100,8074,87.81,23.0
9/16/2024 15:30,15,0,452,0.0,0.0,100,8070,87.81,22.7
9/16/2024 15:45,15,0,453,0.0,0.0,100,8073,87.81,22.7
9/16/2024 16:00,15,0,453,0.0,0.0,100,8074,87.83,22.7
9/16/2024 16:15,15,0,453,0.0,0.0,100,8068,87.84,22.6
9/16/2024 16:30,15,0,453,0.0,0.0,100,8069,87.86,22.5
9/16/2024 16:45,15,0,454,0.0,0.0,100,8067,87.86,22.2
9/16/2024 17:00,15,0,454,0.0,0.0,100,8067,87.89,21.9
9/16/2024 17:15,15,0,453,0.0,0.0,100,8064,87.90,21.5
9/16/2024 17:30,15,0,452,0.0,0.0,100,8058,87.90,21.2
9/16/2024 17:45,15,0,452,0.0,0.0,100,8059,87.91,20.9
9/16/2024 18:00,15,0,452,0.0,0.0,100,8058,87.91,20.8
9/16/2024 18:15,15,0,452,0.0,0.0,100,8056,87.92,20.6
9/16/2024 18:30,15,0,452,0.0,0.0,100,8055,87.93,20.6
9/16/2024 18:45,15,0,452,0.0,0.0,100,8055,87.94,20.5
9/16/2024 19:00,15,0,453,0.0,0.0,100,8054,87.95,20.3
9/16/2024 19:15,15,0,453,0.0,0.0,100,8053,87.96,20.0
9/16/2024 19:30,15,0,453,0.0,0.0,100,8048,87.97,19.9
9/16/2024 19:45,15,0,453,0.0,0.0,100,8048,87.99,19.7
9/16/2024 20:00,15,0,453,0.0,0.0,100,8048,88.01,19.7
9/16/2024 20:15,15,0,459,0.0,0.0,100,8049,88.03,19.6
9/16/2024 20:30,15,8,466,0.0,0.0,100,8048,88.05,19.3
9/16/2024 20:45,15,13,458,0.0,0.0,100,8044,88.05,19.0
9/16/2024 21:00,15,4,468,0.0,0.0,100,8045,88.05,18.8
9/16/2024 21:15,15,15,481,0.0,0.0,100,8043,88.07,18.6
9/16/2024 21:30,15,15,495,0.0,0.0,100,8044,88.06,18.4
9/16/2024 21:45,15,15,499,0.0,0.0,100,8042,88.06,18.2
9/16/2024 22:00,15,15,460,0.0,0.0,100,8042,88.07,18.2
9/16/2024 22:15,15,0,453,0.0,0.0,100,8041,88.06,18.6
9/16/2024 22:30,15,0,453,0.0,0.0,100,8039,88.05,18.8
9/16/2024 22:45,15,0,454,0.0,0.0,100,8039,88.04,18.9
9/16/2024 23:00,15,0,453,0.0,0.0,100,8039,88.02,19.0
9/16/2024 23:15,15,0,453,0.0,0.0,100,8038,88.01,19.1
9/16/2024 23:30,15,0,454,0.0,0.0,100,8038,88.00,19.2
9/16/2024 23:45,15,0,455,0.0,0.0,100,8037,87.99,19.1
9/17/2024 0:00,15,0,456,0.0,0.0,100,8036,87.97,19.0
9/17/2024 0:15,15,0,455,0.0,0.0,100,8013,87.95,19.1
9/17/2024 0:30,15,0,455,0.0,0.0,100,8020,87.95,19.0
9/17/2024 0:45,15,0,454,0.0,0.0,100,8019,87.94,19.0
9/17/2024 1:00,15,0,454,0.0,0.0,100,8018,87.91,19.1
9/17/2024 1:15,15,0,454,0.0,0.0,100,8018,87.90,19.1
9/17/2024 1:30,15,0,454,0.0,0.0,100,8018,87.88,19.2
9/17/2024 1:45,15,0,454,0.0,0.0,100,8018,87.86,19.3
9/17/2024 2:00,15,0,454,0.0,0.0,100,8019,87.84,19.3
9/17/2024 2:15,15,0,454,0.0,0.0,100,8017,87.82,19.3
9/17/2024 2:30,15,0,454,0.0,0.0,100,8017,87.82,19.2
9/17/2024 2:45,15,0,454,0.0,0.0,100,8017,87.83,19.3
9/17/2024 3:00,15,0,454,0.0,0.0,100,8016,87.81,19.3
9/17/2024 3:15,15,0,454,0.0,0.0,100,8015,87.82,19.1
9/17/2024 3:30,15,0,459,0.0,0.0,100,8014,87.82,19.1
9/17/2024 3:45,15,0,455,0.0,0.0,100,8015,87.85,18.9
9/17/2024 4:00,15,0,455,0.0,0.0,100,8014,87.88,18.9
9/17/2024 4:15,15,0,455,0.0,0.0,100,8014,87.91,19.0
9/17/2024 4:30,15,0,455,0.0,0.0,100,8014,87.92,19.1
9/17/2024 4:45,15,0,456,0.0,0.0,100,8011,87.92,19.3
9/17/2024 5:00,15,0,456,0.0,0.0,100,8012,87.92,19.3
9/17/2024 5:15,15,0,455,0.0,0.0,100,8014,87.93,19.3
9/17/2024 5:30,15,0,455,0.0,0.0,100,8011,87.93,19.4
9/17/2024 5:45,15,0,456,0.0,0.0,100,8011,87.93,19.5
9/17/2024 6:00,15,0,456,0.0,0.0,100,8009,87.93,19.5
9/17/2024 6:15,15,0,455,0.0,0.0,100,8009,87.93,19.6
9/17/2024 6:30,15,0,454,0.0,0.0,100,8010,87.92,19.8
9/17/2024 6:45,15,0,456,0.0,0.0,100,8008,87.91,20.0
9/17/2024 7:00,15,0,454,0.0,0.0,100,8009,87.93,20.2
9/17/2024 7:15,15,0,453,0.0,0.0,100,8010,87.95,20.8
9/17/2024 7:30,15,0,453,0.0,0.0,100,8008,87.96,21.6
9/17/2024 7:45,15,0,451,0.0,0.0,100,8009,87.96,22.1
9/17/2024 8:00,15,0,451,0.0,0.0,100,8010,87.98,22.8
9/17/2024 8:15,14,0,451,0.0,0.0,100,7874,87.99,23.2
9/17/2024 8:30,15,0,451,0.0,0.0,100,7996,87.99,23.9
9/17/2024 8:45,15,0,451,0.0,0.0,100,7998,87.99,24.1
9/17/2024 9:00,4,0,448,0.0,0.0,100,8004,87.98,24.5
9/17/2024 9:15,0,0,445,0.0,0.0,100,8000,87.99,25.7
9/17/2024 9:30,0,0,449,0.0,0.0,100,8004,87.99,27.1
9/17/2024 9:45,8,0,451,0.0,0.0,100,8003,88.02,26.5
9/17/2024 10:00,4,0,448,0.0,0.0,100,8006,88.03,26.1
9/17/2024 10:15,1,0,450,0.0,0.0,100,8008,88.05,26.4
9/17/2024 10:30,15,0,451,0.0,0.0,100,8007,88.06,25.7
9/17/2024 10:45,15,0,451,0.0,0.0,100,8007,88.05,25.2
9/17/2024 11:00,12,0,450,0.0,0.0,100,8009,88.02,25.2
9/17/2024 11:15,15,0,451,0.0,0.0,100,8011,88.01,24.7
9/17/2024 11:30,15,0,452,0.0,0.0,100,8011,87.99,24.5
9/17/2024 11:45,15,6,452,0.0,0.0,100,8010,87.97,24.0
9/17/2024 12:00,15,0,451,0.0,0.0,100,8014,87.96,23.9
9/17/2024 12:15,14,4,517,0.0,0.0,100,8018,87.95,24.3
9/17/2024 12:30,15,12,451,0.0,0.0,100,8020,87.93,24.1
9/17/2024 12:45,1,0,447,0.0,0.0,100,8036,87.91,24.9
9/17/2024 13:00,12,9,454,0.0,0.0,100,8034,87.88,25.9
9/17/2024 13:15,15,7,453,0.0,0.0,100,8037,87.85,25.5
9/17/2024 13:30,15,3,635,0.0,0.0,100,8033,87.80,25.1
9/17/2024 13:45,15,15,647,0.0,0.0,100,8031,87.79,24.2
9/17/2024 14:00,15,15,629,0.0,0.0,100,8031,87.78,23.8
9/17/2024 14:15,15,15,613,0.0,0.0,100,8033,87.79,23.3
9/17/2024 14:30,15,15,630,0.0,0.0,100,8029,87.77,22.9
9/17/2024 14:45,15,15,612,0.0,0.0,100,8029,87.77,22.6
9/17/2024 15:00,15,15,580,0.0,0.0,100,8029,87.75,22.7
9/17/2024 15:15,15,15,556,0.0,0.0,100,8027,87.75,22.8
9/17/2024 15:30,15,15,522,0.0,0.0,100,8027,87.77,22.6
9/17/2024 15:45,15,15,502,0.0,0.0,100,8029,87.80,22.2
9/17/2024 16:00,15,15,481,0.0,0.0,100,8026,87.82,21.8
9/17/2024 16:15,15,15,476,0.0,0.0,100,8027,87.83,21.5
9/17/2024 16:30,15,15,475,0.0,0.0,100,8021,87.81,21.2
9/17/2024 16:45,15,13,458,0.0,0.0,100,8022,87.80,21.0
9/17/2024 17:00,15,0,454,0.0,0.0,100,8021,87.80,20.8
9/17/2024 17:15,15,0,456,0.0,0.0,100,8019,87.82,20.7
9/17/2024 17:30,15,0,459,0.0,0.0,100,8020,87.84,20.4
9/17/2024 17:45,15,8,462,0.0,0.0,100,8018,87.82,20.2
9/17/2024 18:00,15,14,460,0.0,0.0,100,8019,87.81,19.9
9/17/2024 18:15,15,14,462,0.0,0.0,100,8017,87.80,19.7
9/17/2024 18:30,15,2,458,0.0,0.0,100,8017,87.82,19.6
9/17/2024 18:45,15,0,455,0.0,0.0,100,8014,87.84,19.5
9/17/2024 19:00,15,0,454,0.0,0.0,100,8014,87.87,19.6
9/17/2024 19:15,15,0,454,0.0,0.0,100,8014,87.88,19.7
9/17/2024 19:30,15,0,454,0.0,0.0,100,8012,87.87,19.7
9/17/2024 19:45,15,0,454,0.0,0.0,100,8011,87.85,19.8
9/17/2024 20:00,15,0,458,0.0,0.0,100,8013,87.86,19.7
9/17/2024 20:15,15,11,468,0.0,0.0,100,8010,87.88,19.4
9/17/2024 20:30,15,15,472,0.0,0.0,100,8007,87.88,19.1
9/17/2024 20:45,15,9,457,0.0,0.0,100,8010,87.88,19.0
9/17/2024 21:00,15,0,458,0.0,0.0,100,8009,87.88,19.1
9/17/2024 21:15,15,9,465,0.0,0.0,100,8009,87.90,19.0
9/17/2024 21:30,15,15,466,0.0,0.0,100,8005,87.91,19.0
9/17/2024 21:45,15,15,474,0.0,0.0,100,8007,87.91,19.0
9/17/2024 22:00,15,15,481,0.0,0.0,100,8006,87.91,18.9
9/17/2024 22:15,15,15,483,0.0,0.0,100,8005,87.93,18.8
9/17/2024 22:30,15,15,487,0.0,0.0,100,8004,87.96,18.7
9/17/2024 22:45,15,15,492,0.0,0.0,100,8007,87.97,18.6
9/17/2024 23:00,15,15,501,0.0,0.0,100,8004,87.96,18.6
9/17/2024 23:15,15,15,520,0.0,0.0,100,8006,87.94,18.5
9/17/2024 23:30,15,15,545,0.0,0.0,100,8001,87.93,18.3
9/17/2024 23:45,15,15,564,0.0,0.0,100,8004,87.92,18.2
9/18/2024 0:00,15,15,567,0.0,0.0,100,8004,87.91,18.3
9/18/2024 0:15,15,15,558,0.0,0.0,100,7982,87.90,18.6
9/18/2024 0:30,15,15,550,0.0,0.0,100,7986,87.89,18.7
9/18/2024 0:45,15,15,532,0.0,0.0,100,7986,87.88,18.8
9/18/2024 1:00,15,15,504,0.0,0.0,100,7988,87.87,18.9
9/18/2024 1:15,15,15,483,0.0,0.0,100,7989,87.85,19.0
9/18/2024 1:30,15,15,486,0.0,0.0,100,7989,87.85,19.0
9/18/2024 1:45,15,15,493,0.0,0.0,100,7986,87.84,18.9
9/18/2024 2:00,15,15,498,0.0,0.0,100,7984,87.82,18.8
9/18/2024 2:15,15,15,483,0.0,0.0,100,7987,87.81,18.7
9/18/2024 2:30,15,13,458,0.0,0.0,100,7985,87.80,18.8
9/18/2024 2:45,15,0,456,0.0,0.0,100,7985,87.78,18.9
9/18/2024 3:00,15,0,458,0.0,0.0,100,7986,87.75,19.0
9/18/2024 3:15,15,14,470,0.0,0.0,100,7985,87.74,19.0
9/18/2024 3:30,15,15,475,0.0,0.0,100,7985,87.74,18.9
9/18/2024 3:45,15,15,463,0.0,0.0,100,7983,87.76,18.9
9/18/2024 4:00,15,3,458,0.0,0.0,100,7985,87.77,19.0
9/18/2024 4:15,15,0,458,0.0,0.0,100,7984,87.76,19.1
9/18/2024 4:30,15,0,458,0.0,0.0,100,7982,87.75,19.2
9/18/2024 4:45,15,0,458,0.0,0.0,100,7980,87.79,19.3
9/18/2024 5:00,15,12,471,0.0,0.0,100,7982,87.82,19.3
9/18/2024 5:15,15,15,479,0.0,0.0,100,7981,87.80,19.1
9/18/2024 5:30,15,15,483,0.0,0.0,100,7980,87.82,18.9
9/18/2024 5:45,15,15,493,0.0,0.0,100,7983,87.83,18.8
9/18/2024 6:00,15,15,492,0.0,0.0,100,7982,87.87,18.8
9/18/2024 6:15,15,15,480,0.0,0.0,100,7980,87.90,18.9
9/18/2024 6:30,15,15,467,0.0,0.0,100,7981,87.92,19.2
9/18/2024 6:45,15,5,456,0.0,0.0,100,7979,87.94,19.4
9/18/2024 7:00,15,0,454,0.0,0.0,100,7978,87.94,19.8
9/18/2024 7:15,15,0,454,0.0,0.0,100,7982,87.95,20.3
9/18/2024 7:30,15,0,454,0.0,0.0,100,7982,87.97,20.7
9/18/2024 7:45,15,0,453,0.0,0.0,100,7981,87.97,21.0
9/18/2024 8:00,15,0,452,0.0,0.0,100,7985,87.98,21.5
9/18/2024 8:15,15,0,451,0.0,0.0,100,7985,87.97,22.1
9/18/2024 8:30,15,0,452,0.0,0.0,100,7988,87.97,22.8
9/18/2024 8:45,15,0,451,0.0,0.0,100,7982,87.97,23.6
9/18/2024 9:00,11,0,450,0.0,0.0,100,7982,87.98,24.2
9/18/2024 9:15,0,0,448,0.0,0.0,100,7985,87.98,24.8
9/18/2024 9:30,0,0,445,0.0,0.0,100,7979,87.97,25.8
9/18/2024 9:45,0,0,447,0.0,0.0,100,7985,87.99,26.9
9/18/2024 10:00,0,0,444,0.0,0.0,100,7990,87.99,27.5
9/18/2024 10:15,0,0,448,0.0,0.0,100,7992,87.99,27.8
9/18/2024 10:30,0,0,448,0.0,0.0,100,7996,87.99,27.9
9/18/2024 10:45,0,0,444,0.0,0.0,100,8006,87.96,28.1
9/18/2024 11:00,0,0,442,0.0,0.0,100,8010,87.93,29.0
9/18/2024 11:15,0,0,442,0.0,0.0,100,8018,87.91,29.5
9/18/2024 11:30,0,0,441,0.0,0.0,100,8030,87.89,30.0
9/18/2024 11:45,0,0,442,0.0,0.0,100,8048,87.88,30.4
9/18/2024 12:00,0,0,443,0.0,0.0,100,8059,87.88,30.6
9/18/2024 12:15,0,0,448,0.0,0.0,100,8058,87.88,30.0
9/18/2024 12:30,0,0,449,0.0,0.0,100,8055,87.87,28.5
9/18/2024 12:45,0,0,444,0.0,0.0,100,8067,87.85,27.9
9/18/2024 13:00,0,0,447,0.0,0.0,100,8068,87.83,28.6
9/18/2024 13:15,0,0,447,0.0,0.0,100,8069,87.81,28.4
9/18/2024 13:30,0,0,446,0.0,0.0,100,8079,87.79,28.0
9/18/2024 13:45,0,0,445,0.0,0.0,100,8089,87.77,28.4
9/18/2024 14:00,0,0,445,0.0,0.0,100,8102,87.76,29.0
9/18/2024 14:15,7,3,448,0.0,0.0,100,8099,87.73,29.1
9/18/2024 14:30,0,0,447,0.0,0.0,100,8100,87.72,28.8
9/18/2024 14:45,3,0,449,0.0,0.0,100,8102,87.70,28.4
9/18/2024 15:00,13,0,452,0.0,0.0,100,8096,87.69,27.3
9/18/2024 15:15,15,11,804,0.0,0.0,100,8090,87.71,25.9
9/18/2024 15:30,15,15,741,0.0,0.0,100,8086,87.74,24.0
9/18/2024 15:45,15,15,730,0.0,0.0,100,8081,87.74,22.7
9/18/2024 16:00,15,15,643,0.0,0.0,100,8082,87.76,21.9
9/18/2024 16:15,15,15,648,0.0,0.0,100,8077,87.78,21.4
9/18/2024 16:30,15,15,772,0.0,0.0,100,8079,87.79,21.1
9/18/2024 16:45,15,15,776,0.0,0.0,100,8077,87.80,20.8
9/18/2024 17:00,15,15,902,0.0,0.0,100,8074,87.80,20.5
9/18/2024 17:15,15,15,826,0.4,12.0,100,8070,87.82,20.2
9/18/2024 17:30,15,15,846,0.4,12.0,100,8070,87.86,20.0
9/18/2024 17:45,15,15,819,0.4,12.0,100,8068,87.87,19.8
9/18/2024 18:00,15,15,853,0.4,12.0,100,8067,87.86,19.6
9/18/2024 18:15,15,15,853,0.8,12.0,100,8065,87.84,19.1
9/18/2024 18:30,15,15,785,0.8,12.0,100,8066,87.82,18.7
9/18/2024 18:45,15,15,790,0.2,12.0,100,8065,87.81,18.5
9/18/2024 19:00,15,15,820,0.2,12.0,100,8062,87.83,18.4
9/18/2024 19:15,15,15,793,0.2,12.0,100,8062,87.86,18.5
9/18/2024 19:30,15,15,746,0.2,12.0,100,8060,87.88,18.7
9/18/2024 19:45,15,15,744,0.0,0.0,100,8062,87.88,18.8
9/18/2024 20:00,15,15,726,0.0,0.0,100,8059,87.88,18.9
9/18/2024 20:15,15,15,702,0.0,0.0,100,8059,87.90,18.9
9/18/2024 20:30,15,15,689,0.0,0.0,100,8055,87.91,18.8
9/18/2024 20:45,15,15,655,0.0,0.0,100,8059,87.93,18.8
9/18/2024 21:00,15,15,645,0.0,0.0,100,8055,87.96,18.8
9/18/2024 21:15,15,15,631,0.0,0.0,100,8056,87.99,18.9
9/18/2024 21:30,15,15,623,0.0,0.0,100,8053,88.01,19.1
9/18/2024 21:45,15,15,619,0.0,0.0,100,8053,88.01,19.1
9/18/2024 22:00,15,15,610,0.0,0.0,100,8053,88.00,19.1
9/18/2024 22:15,15,15,609,0.0,0.0,100,8051,87.99,19.1
9/18/2024 22:30,15,15,600,0.0,0.0,100,8051,87.99,19.2
9/18/2024 22:45,15,15,592,0.0,0.0,100,8050,87.97,19.3
9/18/2024 23:00,15,15,582,0.0,0.0,100,8051,87.96,19.2
9/18/2024 23:15,15,15,584,0.0,0.0,100,8048,87.94,19.3
9/18/2024 23:30,15,15,591,0.0,0.0,100,8044,87.94,19.2
9/18/2024 23:45,15,15,608,0.0,0.0,100,8047,87.94,19.1
9/19/2024 0:00,15,15,619,0.0,0.0,100,8044,87.92,19.0
9/19/2024 0:15,15,15,624,0.0,0.0,100,8022,87.92,19.1
9/19/2024 0:30,15,15,636,0.0,0.0,100,8028,87.90,18.9
9/19/2024 0:45,15,15,641,0.0,0.0,100,8027,87.88,18.8
9/19/2024 1:00,15,15,639,0.0,0.0,100,8028,87.87,18.7
9/19/2024 1:15,15,15,641,0.2,12.0,100,8030,87.86,18.6
9/19/2024 1:30,15,15,649,0.0,0.0,100,8028,87.84,18.5
9/19/2024 1:45,15,15,659,0.0,0.0,100,8026,87.81,18.4
9/19/2024 2:00,15,15,669,0.0,0.0,100,8026,87.80,18.4
9/19/2024 2:15,15,15,667,0.0,0.0,100,8024,87.78,18.4
9/19/2024 2:30,15,15,665,0.0,0.0,100,8023,87.77,18.4
9/19/2024 2:45,15,15,641,0.0,0.0,100,8022,87.76,18.5
9/19/2024 3:00,15,15,616,0.0,0.0,100,8025,87.76,18.7
9/19/2024 3:15,15,15,599,0.0,0.0,100,8024,87.78,18.8
9/19/2024 3:30,15,15,589,0.0,0.0,100,8022,87.79,19.0
9/19/2024 3:45,15,15,603,0.0,0.0,100,8021,87.77,18.9
9/19/2024 4:00,15,15,621,0.0,0.0,100,8025,87.78,18.8
9/19/2024 4:15,15,15,614,0.0,0.0,100,8021,87.78,18.8
9/19/2024 4:30,15,15,614,0.0,0.0,100,8021,87.82,18.8
9/19/2024 4:45,15,15,619,0.0,0.0,100,8017,87.86,18.8
9/19/2024 5:00,15,15,602,0.0,0.0,100,8019,87.87,18.8
9/19/2024 5:15,15,15,581,0.0,0.0,100,8019,87.86,18.8
9/19/2024 5:30,15,15,582,0.0,0.0,100,8018,87.86,18.8
9/19/2024 5:45,15,15,574,0.0,0.0,100,8019,87.86,18.8
9/19/2024 6:00,15,15,573,0.0,0.0,100,8020,87.87,18.8
9/19/2024 6:15,15,15,564,0.0,0.0,100,8017,87.89,19.0
9/19/2024 6:30,15,15,551,0.0,0.0,100,8015,87.91,19.2
9/19/2024 6:45,15,15,529,0.0,0.0,100,8017,87.93,19.3
9/19/2024 7:00,15,15,523,0.0,0.0,100,8016,87.95,19.5
9/19/2024 7:15,15,15,513,0.0,0.0,100,8016,87.96,19.7
9/19/2024 7:30,15,15,497,0.0,0.0,100,8016,87.97,19.9
9/19/2024 7:45,15,15,475,0.0,0.0,100,8015,87.97,20.4
9/19/2024 8:00,15,15,465,0.0,0.0,100,8015,87.95,21.1
9/19/2024 8:15,15,6,454,0.0,0.0,100,7898,87.96,22.0
9/19/2024 8:30,15,0,453,0.0,0.0,100,8003,87.97,22.7
9/19/2024 8:45,15,0,451,0.0,0.0,100,8006,87.99,23.0
9/19/2024 9:00,10,0,452,0.0,0.0,100,8010,87.99,24.0
9/19/2024 9:15,15,0,452,0.0,0.0,100,8012,88.00,23.7
9/19/2024 9:30,15,0,452,0.0,0.0,100,8012,88.00,23.6
9/19/2024 9:45,15,0,452,0.0,0.0,100,7992,88.01,23.7
9/19/2024 10:00,15,0,451,0.0,0.0,100,7994,87.99,23.9
9/19/2024 10:15,11,0,447,0.0,0.0,100,8002,87.97,24.2
9/19/2024 10:30,0,0,448,0.0,0.0,100,8005,87.97,25.2
9/19/2024 10:45,4,0,450,0.0,0.0,100,8009,87.97,25.3
9/19/2024 11:00,2,0,448,0.0,0.0,100,8012,87.96,25.3
9/19/2024 11:15,0,0,444,0.0,0.0,100,8024,87.93,26.6
9/19/2024 11:30,0,0,446,0.0,0.0,100,8029,87.91,27.5
9/19/2024 11:45,0,0,448,0.0,0.0,100,8037,87.87,27.6
9/19/2024 12:00,0,0,448,0.0,0.0,100,8036,87.86,27.1
9/19/2024 12:15,0,0,446,0.0,0.0,100,8042,87.84,26.8
9/19/2024 12:30,0,0,449,0.0,0.0,100,8047,87.83,27.3
9/19/2024 12:45,11,0,450,0.0,0.0,100,8046,87.83,26.9
9/19/2024 13:00,15,0,450,0.0,0.0,100,8045,87.80,26.2
9/19/2024 13:15,10,0,450,0.0,0.0,100,8048,87.77,26.0
9/19/2024 13:30,0,0,449,0.0,0.0,100,8053,87.74,26.2
9/19/2024 13:45,5,0,450,0.0,0.0,100,8052,87.72,26.2
9/19/2024 14:00,0,0,446,0.0,0.0,100,8064,87.70,26.6
9/19/2024 14:15,13,12,687,0.0,0.0,100,8064,87.67,27.1
9/19/2024 14:30,15,15,620,0.0,0.0,100,8060,87.68,26.1
9/19/2024 14:45,15,15,606,0.0,0.0,100,8058,87.68,25.1
9/19/2024 15:00,15,15,583,0.0,0.0,100,8051,87.66,24.4
9/19/2024 15:15,15,15,596,0.0,0.0,100,8050,87.68,24.0
9/19/2024 15:30,15,15,716,0.0,0.0,100,8049,87.68,23.5
9/19/2024 15:45,15,15,747,0.0,0.0,100,8049,87.67,23.2
9/19/2024 16:00,15,15,643,0.0,0.0,100,8048,87.67,23.0
9/19/2024 16:15,15,15,802,0.0,0.0,100,8047,87.67,22.6
9/19/2024 16:30,15,15,734,0.0,0.0,100,8045,87.66,22.2
9/19/2024 16:45,15,15,720,0.0,0.0,100,8042,87.64,21.8
9/19/2024 17:00,15,15,684,0.0,0.0,100,8042,87.66,21.5
9/19/2024 17:15,15,15,665,0.0,0.0,100,8040,87.69,21.2
9/19/2024 17:30,15,15,641,0.0,0.0,100,8039,87.72,21.0
9/19/2024 17:45,15,15,657,0.0,0.0,100,8037,87.75,20.8
9/19/2024 18:00,15,15,925,0.0,0.0,100,8036,87.80,20.6
9/19/2024 18:15,15,15,843,0.0,0.0,100,8035,87.79,20.4
9/19/2024 18:30,15,15,788,0.0,0.0,100,8035,87.79,20.2
9/19/2024 18:45,15,15,792,0.0,0.0,100,8033,87.83,20.1
9/19/2024 19:00,15,15,823,0.0,0.0,100,8034,87.85,20.1
9/19/2024 19:15,15,15,812,0.0,0.0,100,8033,87.85,20.0
9/19/2024 19:30,15,15,846,0.0,0.0,100,8030,87.86,19.8
9/19/2024 19:45,15,15,818,0.2,12.0,100,8028,87.83,19.6
9/19/2024 20:00,15,15,783,0.0,0.0,100,8033,87.84,19.3
9/19/2024 20:15,15,15,737,0.0,0.0,100,8029,87.86,19.2
9/19/2024 20:30,15,15,673,0.0,0.0,100,8029,87.89,19.1
9/19/2024 20:45,15,15,684,0.0,0.0,100,8028,87.92,19.0
9/19/2024 21:00,15,15,652,0.0,0.0,100,8025,87.93,18.9
9/19/2024 21:15,15,15,699,0.0,0.0,100,8023,87.95,18.9
9/19/2024 21:30,15,15,779,0.0,0.0,100,8026,87.96,18.9
9/19/2024 21:45,15,15,737,0.0,0.0,100,8022,87.95,18.9
9/19/2024 22:00,15,15,706,0.0,0.0,100,8022,87.94,18.8
9/19/2024 22:15,15,15,669,0.0,0.0,100,8020,87.92,18.7
9/19/2024 22:30,15,15,628,0.0,0.0,100,8020,87.89,18.6
9/19/2024 22:45,15,15,630,0.0,0.0,100,8021,87.88,18.5
9/19/2024 23:00,15,15,630,0.0,0.0,100,8020,87.86,18.4
9/19/2024 23:15,15,15,632,0.0,0.0,100,8020,87.87,18.3
9/19/2024 23:30,15,15,628,0.0,0.0,100,8018,87.85,18.2
9/19/2024 23:45,15,15,624,0.0,0.0,100,8018,87.84,18.2
9/20/2024 0:00,15,15,611,0.2,12.0,100,8018,87.86,18.2
9/20/2024 0:15,15,15,604,0.0,0.0,100,7993,87.89,18.5
9/20/2024 0:30,15,15,593,0.0,0.0,100,8002,87.88,18.6
9/20/2024 0:45,15,15,578,0.0,0.0,100,8003,87.87,18.6
9/20/2024 1:00,15,15,568,0.0,0.0,100,8004,87.83,18.6
9/20/2024 1:15,15,15,559,0.0,0.0,100,8001,87.81,18.7
9/20/2024 1:30,15,15,556,0.0,0.0,100,8001,87.79,18.7
9/20/2024 1:45,15,15,559,0.0,0.0,100,8001,87.77,18.7
9/20/2024 2:00,15,15,555,0.0,0.0,100,7999,87.77,18.6
9/20/2024 2:15,15,15,543,0.0,0.0,100,7999,87.77,18.6
9/20/2024 2:30,15,15,540,0.0,0.0,100,8000,87.76,18.6
9/20/2024 2:45,15,15,531,0.0,0.0,100,7998,87.75,18.6
9/20/2024 3:00,15,15,517,0.0,0.0,100,8000,87.75,18.7
9/20/2024 3:15,15,15,512,0.0,0.0,100,7999,87.73,18.8
9/20/2024 3:30,15,15,505,0.0,0.0,100,7998,87.73,18.8
9/20/2024 3:45,15,15,500,0.0,0.0,100,8001,87.73,18.7
9/20/2024 4:00,15,15,498,0.0,0.0,100,7997,87.74,18.7
9/20/2024 4:15,15,15,513,0.0,0.0,100,7996,87.74,18.6
9/20/2024 4:30,15,15,518,0.0,0.0,100,7996,87.73,18.5
9/20/2024 4:45,15,15,517,0.0,0.0,100,7995,87.73,18.4
9/20/2024 5:00,15,15,500,0.0,0.0,100,7995,87.73,18.3
9/20/2024 5:15,15,15,495,0.0,0.0,100,7995,87.74,18.2
9/20/2024 5:30,15,15,496,0.0,0.0,100,7995,87.74,18.1
9/20/2024 5:45,15,15,495,0.0,0.0,100,7994,87.74,18.1
9/20/2024 6:00,15,15,487,0.0,0.0,100,7995,87.75,18.3
9/20/2024 6:15,15,15,482,0.0,0.0,100,7996,87.76,18.6
9/20/2024 6:30,15,15,481,0.0,0.0,100,7994,87.78,18.8
9/20/2024 6:45,15,15,474,0.0,0.0,100,7994,87.79,19.1
9/20/2024 7:00,15,15,468,0.0,0.0,100,7991,87.80,19.4
9/20/2024 7:15,15,5,455,0.0,0.0,100,7994,87.81,19.8
9/20/2024 7:30,15,0,454,0.0,0.0,100,7992,87.82,20.4
9/20/2024 7:45,15,0,453,0.0,0.0,100,7994,87.83,21.2
9/20/2024 8:00,15,0,452,0.0,0.0,100,7998,87.84,22.2
9/20/2024 8:15,15,0,452,0.0,0.0,100,7979,87.85,23.0
9/20/2024 8:30,15,0,451,0.0,0.0,100,7982,87.85,23.5
9/20/2024 8:45,11,0,450,0.0,0.0,100,7982,87.84,24.1
9/20/2024 9:00,0,0,449,0.0,0.0,100,7991,87.85,25.3
