z6-15935,Port 1,Port 1,Port 1,Port 2,Port 2,Port 2,Port 2,Port 2,Port 2,Port 2,Port 2,Port 2,Port 2,Port 2,Port 2,Port 2,Port 2,Port 7,Port 7,Port 8,Port 8
Records: 683,PHYTOS 31,PHYTOS 31,PHYTOS 31,ATMOS 41,ATMOS 41,ATMOS 41,ATMOS 41,ATMOS 41,ATMOS 41,ATMOS 41,ATMOS 41,ATMOS 41,ATMOS 41,ATMOS 41,ATMOS 41,ATMOS 41,ATMOS 41,Battery,Battery,Barometer,Barometer
Timestamp, min Leaf Wetness, min Leaf Wetness (high), Wetness Level, W/m² Solar Radiation, mm Precipitation, Lightning Activity, km Lightning Distance,° Wind Direction, m/s Wind Speed, m/s Gust Speed, °C Air Temperature, RH Relative Humidity, kPa Atmospheric Pressure,° X-axis Level,° Y-axis Level, mm/h Max Precip Rate, °C RH Sensor Temp,% Battery Percent, mV Battery Voltage, kPa Reference Pressure, °C Logger Temperature
12/1/2023 8:45,15,0,452,291.3,0.000,0,0,83,6.95,17.07,17.5,0.979,86.00,1.3,0.5,0.0,18.8,75,7596,85.87,18.8
12/1/2023 9:00,15,0,451,598.2,0.000,0,0,89,7.06,13.90,18.1,0.995,85.97,2.3,-0.5,0.0,19.8,79,7625,85.86,19.2
12/1/2023 9:15,15,0,451,617.6,0.000,0,0,73,6.52,17.55,18.4,0.991,85.97,1.8,0.0,0.0,21.1,81,7644,85.86,19.9
12/1/2023 9:30,15,0,450,740.5,0.000,0,0,79,7.50,16.92,18.5,0.988,85.96,1.8,-0.2,0.0,21.3,83,7663,85.85,20.3
12/1/2023 9:45,15,0,450,572.5,0.000,0,0,88,7.61,15.51,18.3,0.985,85.98,2.3,-0.4,0.0,21.0,84,7670,85.86,20.5
12/1/2023 10:00,15,0,450,382.3,0.000,0,0,92,7.81,16.15,17.9,0.938,86.01,2.2,0.1,0.0,19.8,85,7677,85.88,19.9
12/1/2023 10:15,8,0,450,339.3,0.000,0,0,98,7.58,16.10,17.9,0.920,86.03,2.5,-0.4,0.0,19.3,85,7677,85.90,19.5
12/1/2023 10:30,13,0,450,340.9,0.000,0,0,90,6.74,15.42,17.8,0.932,86.02,1.5,-0.3,0.0,19.1,85,7679,85.89,19.2
12/1/2023 10:45,3,0,450,403.7,0.000,0,0,88,6.53,12.16,18.0,0.924,86.00,2.2,-0.2,0.0,19.2,86,7683,85.86,19.2
12/1/2023 11:00,0,0,449,583.1,0.000,0,0,75,5.48,14.92,18.6,0.909,85.98,1.8,-0.2,0.0,19.9,86,7688,85.86,19.5
12/1/2023 11:15,0,0,449,678.0,0.000,0,0,75,5.90,12.67,19.1,0.902,85.96,2.1,0.3,0.0,20.8,87,7694,85.83,20.1
12/1/2023 11:30,0,0,449,606.5,0.000,0,0,73,6.00,11.99,19.3,0.897,85.93,1.9,-0.2,0.0,21.1,87,7697,85.80,20.5
12/1/2023 11:45,0,0,448,711.0,0.000,0,0,76,6.42,15.61,19.5,0.894,85.90,1.8,0.0,0.0,21.3,87,7697,85.76,20.7
12/1/2023 12:00,0,0,448,851.3,0.000,0,0,72,8.00,15.95,19.9,0.873,85.86,2.1,-0.4,0.0,21.6,87,7698,85.74,21.0
12/1/2023 12:15,0,0,448,854.3,0.000,0,0,75,8.13,18.29,19.8,0.906,85.86,1.4,-1.1,0.0,21.9,87,7695,85.72,21.3
12/1/2023 12:30,0,0,448,846.3,0.000,0,0,73,7.08,15.94,19.9,0.897,85.85,1.9,0.0,0.0,21.9,87,7697,85.72,21.4
12/1/2023 12:45,0,0,448,820.7,0.000,0,0,72,7.03,13.40,19.9,0.907,85.85,1.9,-0.3,0.0,22.0,88,7700,85.72,21.6
12/1/2023 13:00,0,0,447,815.1,0.000,0,0,74,6.12,14.24,20.2,0.889,85.85,2.2,-0.4,0.0,22.1,87,7699,85.72,21.9
12/1/2023 13:15,0,0,447,813.7,0.000,0,0,76,6.10,14.41,20.2,0.898,85.83,1.9,0.1,0.0,22.4,88,7701,85.70,22.3
12/1/2023 13:30,0,0,448,635.3,0.000,0,0,72,5.54,13.10,19.8,0.905,85.83,1.8,-0.2,0.0,22.0,88,7700,85.69,22.2
12/1/2023 13:45,0,0,447,658.5,0.000,0,0,69,4.52,11.27,19.9,0.918,85.83,1.9,-0.3,0.0,21.9,87,7699,85.70,22.4
12/1/2023 14:00,0,0,448,594.6,0.000,0,0,67,5.27,10.76,19.7,0.929,85.82,2.2,-0.4,0.0,21.9,87,7697,85.68,22.6
12/1/2023 14:15,0,0,447,562.0,0.000,0,0,62,4.37,9.71,19.6,0.920,85.80,2.1,-0.4,0.0,21.6,87,7697,85.67,22.6
12/1/2023 14:30,0,0,447,558.5,0.000,0,0,74,4.62,10.53,19.7,0.926,85.80,1.9,-0.4,0.0,21.6,87,7699,85.66,22.8
12/1/2023 14:45,0,0,447,511.6,0.000,0,0,52,4.40,9.67,19.8,0.935,85.80,2.1,-0.5,0.0,21.7,87,7697,85.67,23.0
12/1/2023 15:00,0,0,447,442.9,0.000,0,0,45,4.20,8.40,19.7,0.941,85.79,2.2,-0.3,0.0,21.7,87,7692,85.65,23.0
12/1/2023 15:15,0,0,447,381.7,0.000,0,0,45,3.54,10.46,19.5,0.942,85.79,2.0,-0.4,0.0,21.6,87,7694,85.66,23.1
12/1/2023 15:30,0,0,447,350.5,0.000,0,0,53,4.30,8.13,19.3,0.934,85.79,2.0,-0.5,0.0,21.4,87,7694,85.65,22.9
12/1/2023 15:45,0,0,447,234.6,0.000,0,0,69,4.02,7.64,19.2,0.922,85.79,1.9,-0.4,0.0,21.0,87,7693,85.65,22.5
12/1/2023 16:00,0,0,447,233.9,0.000,0,0,74,4.69,8.62,18.9,0.926,85.80,1.9,-0.4,0.0,20.4,87,7691,85.66,21.9
12/1/2023 16:15,0,0,448,189.7,0.000,0,0,70,5.18,11.07,18.7,0.951,85.82,1.8,-0.2,0.0,20.0,86,7690,85.67,21.6
12/1/2023 16:30,0,0,448,131.4,0.000,0,0,71,5.24,9.44,18.6,0.957,85.83,2.0,-0.6,0.0,19.6,86,7688,85.68,20.7
12/1/2023 16:45,0,0,450,103.5,0.000,0,0,75,4.28,8.47,18.5,0.977,85.85,2.0,-0.2,0.0,19.2,86,7687,85.70,20.0
12/1/2023 17:00,11,0,450,51.9,0.000,0,0,66,3.40,6.98,18.3,0.988,85.86,1.9,-0.2,0.0,18.9,86,7688,85.72,19.4
12/1/2023 17:15,15,0,451,25.7,0.000,0,0,85,3.10,7.48,18.2,0.980,85.88,2.0,-0.3,0.0,18.5,86,7685,85.74,18.9
12/1/2023 17:30,15,0,451,1.6,0.000,0,0,81,3.07,8.53,18.1,0.955,85.89,2.0,-0.3,0.0,18.1,86,7686,85.75,18.4
12/1/2023 17:45,15,0,451,0.0,0.000,0,0,74,3.66,8.56,18.0,0.943,85.89,1.9,-0.2,0.0,17.8,86,7685,85.74,18.0
12/1/2023 18:00,15,0,451,0.0,0.000,0,0,88,4.55,8.81,17.8,0.934,85.89,2.0,-0.2,0.0,17.6,86,7685,85.74,17.7
12/1/2023 18:15,15,0,451,0.0,0.000,0,0,89,4.52,11.02,17.6,0.944,85.89,2.0,-0.3,0.0,17.4,86,7688,85.74,17.4
12/1/2023 18:30,15,0,451,0.0,0.000,0,0,73,4.39,10.08,17.4,0.953,85.89,1.9,0.0,0.0,17.2,86,7683,85.74,17.1
12/1/2023 18:45,15,0,451,0.0,0.000,0,0,87,4.42,8.98,17.4,0.941,85.90,2.0,-0.3,0.0,17.0,85,7681,85.75,16.8
12/1/2023 19:00,15,0,451,0.0,0.000,0,0,88,5.37,10.49,17.4,0.928,85.90,1.9,-0.1,0.0,17.0,85,7681,85.76,16.7
12/1/2023 19:15,15,0,451,0.0,0.000,0,0,87,5.15,10.66,17.3,0.925,85.91,2.0,-0.2,0.0,16.9,86,7684,85.76,16.6
12/1/2023 19:30,15,0,451,0.0,0.000,0,0,81,4.81,9.77,17.3,0.907,85.92,1.9,-0.1,0.0,16.9,85,7680,85.77,16.5
12/1/2023 19:45,15,0,450,0.0,0.000,0,0,95,4.95,9.13,17.5,0.877,85.92,1.8,-0.3,0.0,16.9,85,7679,85.78,16.4
12/1/2023 20:00,9,0,450,0.0,0.000,0,0,96,5.37,9.50,17.8,0.835,85.94,2.0,-0.1,0.0,17.1,85,7679,85.80,16.6
12/1/2023 20:15,2,0,449,0.0,0.000,0,0,90,5.65,10.98,17.9,0.820,85.95,2.0,0.2,0.0,17.3,85,7679,85.81,16.8
12/1/2023 20:30,0,0,449,0.0,0.000,0,0,90,6.55,12.22,18.0,0.810,85.95,2.2,-0.1,0.0,17.5,85,7678,85.81,17.0
12/1/2023 20:45,0,0,450,0.0,0.000,0,0,91,5.72,13.85,17.7,0.836,85.96,1.8,-0.4,0.0,17.4,85,7676,85.81,17.0
12/1/2023 21:00,1,0,450,0.0,0.000,0,0,96,5.54,9.08,17.3,0.866,85.97,1.9,-0.2,0.0,17.2,85,7678,85.82,16.8
12/1/2023 21:15,12,0,450,0.0,0.000,0,0,91,5.75,10.49,17.0,0.907,85.97,1.9,-0.4,0.0,16.9,85,7678,85.82,16.6
12/1/2023 21:30,15,0,451,0.0,0.000,0,0,93,5.53,10.11,16.8,0.945,85.97,2.1,-0.3,0.0,16.6,85,7677,85.82,16.4
12/1/2023 21:45,15,0,450,0.0,0.000,0,0,94,6.24,13.04,16.8,0.940,85.96,1.9,-0.2,0.0,16.5,85,7675,85.82,16.4
12/1/2023 22:00,15,0,451,0.0,0.000,0,0,86,6.83,12.46,16.9,0.940,85.95,2.0,-0.1,0.0,16.6,85,7675,85.80,16.4
12/1/2023 22:15,15,0,451,0.0,0.000,0,0,84,7.31,14.88,17.0,0.949,85.93,2.1,-0.6,0.0,16.7,85,7677,85.78,16.5
12/1/2023 22:30,15,0,452,0.0,0.000,0,0,84,6.71,15.45,17.0,0.954,85.93,2.0,-0.8,0.0,16.7,85,7675,85.78,16.5
12/1/2023 22:45,15,0,451,0.0,0.000,0,0,92,7.00,15.44,17.0,0.953,85.91,2.2,0.0,0.0,16.7,84,7673,85.77,16.5
12/1/2023 23:00,15,0,451,0.0,0.000,0,0,81,7.16,15.25,17.0,0.941,85.90,1.7,-0.1,0.0,16.7,84,7673,85.74,16.5
12/1/2023 23:15,15,0,452,0.0,0.000,0,0,82,7.36,14.91,17.1,0.950,85.89,1.8,-0.1,0.0,16.7,84,7673,85.74,16.5
12/1/2023 23:30,15,0,452,0.0,0.000,0,0,95,7.36,14.89,17.0,0.951,85.87,2.7,0.0,0.0,16.8,84,7672,85.72,16.6
12/1/2023 23:45,15,0,452,0.0,0.000,0,0,88,6.57,14.20,17.1,0.933,85.86,2.6,-0.7,0.0,16.8,84,7672,85.72,16.5
12/2/2023 0:00,15,0,451,0.0,0.000,0,0,84,6.98,14.16,17.5,0.920,85.83,2.1,-1.1,0.0,17.0,84,7672,85.69,16.7
12/2/2023 0:15,15,0,451,0.0,0.000,0,0,93,6.66,13.90,17.3,0.928,85.83,1.7,-0.3,0.0,17.0,82,7651,85.69,16.9
12/2/2023 0:30,15,0,452,0.0,0.000,0,0,94,6.54,13.03,17.0,0.921,85.82,1.9,-0.3,0.0,16.9,83,7659,85.68,16.7
12/2/2023 0:45,15,0,452,0.0,0.000,0,0,98,6.11,12.37,16.9,0.953,85.81,2.0,-0.1,0.0,16.7,83,7659,85.67,16.6
12/2/2023 1:00,15,0,452,0.0,0.000,0,0,101,6.24,12.25,17.0,0.946,85.80,2.1,-0.2,0.0,16.6,83,7658,85.66,16.5
12/2/2023 1:15,15,0,452,0.0,0.000,0,0,89,5.21,14.19,17.2,0.926,85.80,1.8,-0.8,0.0,16.8,83,7658,85.66,16.6
12/2/2023 1:30,15,0,452,0.0,0.000,0,0,91,6.36,16.40,17.1,0.942,85.80,1.9,-0.8,0.0,16.8,82,7656,85.66,16.6
12/2/2023 1:45,15,0,452,0.0,0.000,0,0,95,6.21,13.81,17.0,0.956,85.79,1.9,-0.3,0.0,16.8,82,7657,85.66,16.5
12/2/2023 2:00,15,0,452,0.0,0.000,0,0,95,5.40,11.35,17.0,0.965,85.79,2.1,-0.3,0.0,16.8,82,7656,85.65,16.5
12/2/2023 2:15,15,0,452,0.0,0.000,0,0,95,6.33,13.31,17.2,0.954,85.79,2.1,-0.6,0.0,16.8,82,7657,85.65,16.5
12/2/2023 2:30,15,0,452,0.0,0.000,0,0,86,4.47,12.60,17.3,0.949,85.79,1.9,-0.2,0.0,16.9,82,7656,85.65,16.6
12/2/2023 2:45,15,0,452,0.0,0.000,0,0,88,6.05,12.22,17.1,0.951,85.79,2.0,-0.1,0.0,16.8,82,7655,85.65,16.5
12/2/2023 3:00,15,0,453,0.0,0.000,0,0,86,3.91,8.95,16.8,0.966,85.81,2.0,-0.2,0.0,16.7,82,7656,85.67,16.4
12/2/2023 3:15,15,0,453,0.0,0.000,0,0,87,4.11,8.61,16.6,0.986,85.82,2.1,-0.1,0.0,16.5,82,7655,85.68,16.3
12/2/2023 3:30,15,0,454,0.0,0.000,0,0,90,4.41,10.81,16.6,0.988,85.82,1.8,-0.3,0.0,16.4,82,7654,85.69,16.3
12/2/2023 3:45,15,0,454,0.0,0.000,0,0,88,3.99,9.19,16.6,0.989,85.83,2.0,-0.3,0.0,16.3,82,7656,85.69,16.2
12/2/2023 4:00,15,0,454,0.0,0.000,0,0,93,3.95,9.13,16.5,0.969,85.84,1.8,-0.2,0.0,16.2,82,7655,85.71,16.0
12/2/2023 4:15,15,0,453,0.0,0.000,0,0,109,4.33,10.28,16.5,0.963,85.86,2.0,-0.3,0.0,16.1,82,7655,85.72,15.9
12/2/2023 4:30,15,0,454,0.0,0.000,0,0,116,4.26,7.79,16.6,0.956,85.86,2.1,-0.2,0.0,16.2,82,7654,85.73,15.9
12/2/2023 4:45,15,0,454,0.0,0.000,0,0,83,3.95,9.81,16.4,0.965,85.87,1.9,-0.1,0.0,16.1,82,7652,85.74,15.8
12/2/2023 5:00,15,0,454,0.0,0.000,0,0,86,4.05,9.21,16.4,0.967,85.88,1.9,-0.2,0.0,16.0,82,7652,85.74,15.6
12/2/2023 5:15,15,0,454,0.0,0.000,0,0,100,3.58,8.82,16.4,0.973,85.90,1.9,-0.3,0.0,16.0,82,7652,85.76,15.7
12/2/2023 5:30,15,0,454,0.0,0.000,0,0,93,4.54,10.67,16.5,0.967,85.90,2.0,-0.4,0.0,16.1,82,7651,85.76,15.8
12/2/2023 5:45,15,0,454,2.7,0.000,0,0,101,4.49,11.58,16.6,0.963,85.91,1.9,-0.3,0.0,16.2,82,7649,85.78,15.8
12/2/2023 6:00,15,0,453,9.0,0.000,0,0,98,5.46,9.55,16.7,0.957,85.91,1.8,-0.1,0.0,16.3,82,7650,85.77,16.0
12/2/2023 6:15,15,0,453,15.2,0.000,0,0,99,5.91,11.91,16.8,0.954,85.91,2.1,-0.2,0.0,16.5,82,7652,85.78,16.1
12/2/2023 6:30,15,0,453,35.7,0.000,0,0,95,5.69,14.33,16.9,0.953,85.92,1.8,-0.3,0.0,16.7,82,7655,85.78,16.2
12/2/2023 6:45,15,0,453,147.7,0.000,0,0,86,6.00,12.92,17.2,0.975,85.90,2.4,-1.2,0.0,18.0,83,7665,85.80,16.7
12/2/2023 7:00,15,0,452,206.7,0.000,0,0,84,5.09,10.24,17.4,0.994,85.92,1.8,0.1,0.0,19.5,85,7678,85.82,17.7
12/2/2023 7:15,15,0,452,258.9,0.000,0,0,95,6.34,13.92,17.6,0.989,85.93,2.1,-0.2,0.0,20.1,87,7695,85.84,18.5
12/2/2023 7:30,15,0,452,301.0,0.000,0,0,89,6.08,14.21,17.7,0.994,85.95,2.4,-0.3,0.0,20.6,88,7707,85.85,19.0
12/2/2023 7:45,15,0,452,370.5,0.000,0,0,96,6.50,13.77,17.9,0.986,85.96,2.1,0.0,0.0,20.9,90,7720,85.86,19.5
12/2/2023 8:00,15,0,451,389.8,0.000,0,0,88,6.03,11.32,18.1,0.979,85.98,2.0,-0.4,0.0,21.1,91,7732,85.88,19.8
12/2/2023 8:15,15,0,451,484.3,0.000,0,0,82,5.14,10.75,18.3,0.987,86.00,2.0,-0.3,0.0,21.6,93,7746,85.90,20.2
12/2/2023 8:30,15,0,451,500.2,0.000,0,0,86,4.14,9.26,18.6,0.988,86.02,2.2,-0.3,0.0,22.1,94,7756,85.91,20.9
12/2/2023 8:45,15,0,451,551.2,0.000,0,0,84,4.90,9.27,18.7,0.972,86.02,2.2,-0.2,0.0,22.1,95,7764,85.92,21.1
12/2/2023 9:00,15,0,451,600.4,0.000,0,0,88,4.39,9.25,18.9,0.966,86.02,2.0,-0.3,0.0,22.4,97,7776,85.92,21.4
12/2/2023 9:15,14,0,450,664.4,0.000,0,0,84,3.69,10.17,19.3,0.964,86.03,2.2,-0.4,0.0,22.8,98,7786,85.92,21.8
12/2/2023 9:30,14,0,451,611.0,0.000,0,0,67,3.83,8.88,19.2,0.976,86.03,2.1,-0.3,0.0,22.8,99,7792,85.92,22.2
12/2/2023 9:45,15,0,450,741.3,0.000,0,0,105,4.33,11.42,19.3,0.951,86.02,2.0,-0.5,0.0,22.6,100,7802,85.92,21.9
12/2/2023 10:00,13,0,450,753.3,0.000,0,0,91,5.01,11.68,19.5,0.935,86.02,2.3,-0.3,0.0,22.9,100,7808,85.91,22.1
12/2/2023 10:15,10,0,450,796.1,0.000,0,0,74,4.63,11.31,19.6,0.922,86.01,2.2,-0.2,0.0,22.8,100,7814,85.90,22.0
12/2/2023 10:30,0,0,450,803.5,0.000,0,0,92,4.97,10.59,19.7,0.911,86.00,2.0,-0.2,0.0,22.8,100,7820,85.89,22.1
12/2/2023 10:45,0,0,449,824.4,0.000,0,0,76,4.82,10.19,20.1,0.882,85.99,2.2,-0.3,0.0,22.8,100,7821,85.87,22.2
12/2/2023 11:00,0,0,449,840.1,0.000,0,0,82,4.77,9.50,20.2,0.875,85.98,2.1,-0.3,0.0,23.0,100,7825,85.86,22.4
12/2/2023 11:15,0,0,448,845.1,0.000,0,0,74,4.79,11.19,20.3,0.868,85.95,2.2,-0.7,0.0,23.0,100,7826,85.83,22.5
12/2/2023 11:30,0,0,448,850.7,0.000,0,0,77,4.85,9.96,20.4,0.854,85.94,1.9,-0.4,0.0,23.1,100,7826,85.81,22.6
12/2/2023 11:45,0,0,448,849.4,0.000,0,0,72,4.72,10.07,20.4,0.837,85.91,2.1,-0.6,0.0,22.8,100,7827,85.79,22.5
12/2/2023 12:00,0,0,448,844.3,0.000,0,0,69,5.90,13.40,20.3,0.841,85.89,2.1,-0.8,0.0,22.9,100,7824,85.77,22.5
12/2/2023 12:15,0,0,448,835.6,0.000,0,0,70,5.18,12.25,20.4,0.857,85.89,2.0,-0.2,0.0,22.6,100,7822,85.76,22.3
12/2/2023 12:30,0,0,448,819.1,0.000,0,0,78,4.90,9.26,20.3,0.905,85.88,2.2,-0.3,0.0,22.7,100,7820,85.75,22.4
12/2/2023 12:45,0,0,447,800.8,0.000,0,0,82,4.84,10.82,20.4,0.874,85.87,2.0,-0.3,0.0,22.6,100,7818,85.74,22.5
12/2/2023 13:00,0,0,447,771.9,0.000,0,0,84,5.35,10.94,20.2,0.892,85.85,2.2,-0.2,0.0,22.5,100,7820,85.72,22.5
12/2/2023 13:15,0,0,447,764.2,0.000,0,0,79,4.86,10.40,20.2,0.888,85.83,2.1,-0.3,0.0,22.4,100,7820,85.70,22.5
12/2/2023 13:30,0,0,447,736.3,0.000,0,0,68,4.13,8.02,20.4,0.888,85.81,2.2,-0.3,0.0,22.7,100,7817,85.68,23.1
12/2/2023 13:45,0,0,447,574.4,0.000,0,0,72,4.70,8.85,19.9,0.918,85.79,2.0,-0.2,0.0,22.3,100,7815,85.66,22.9
12/2/2023 14:00,0,0,448,681.5,0.000,0,0,67,4.75,9.45,20.0,0.909,85.77,2.1,-0.3,0.0,22.1,100,7818,85.64,23.2
12/2/2023 14:15,0,0,447,640.9,0.000,0,0,66,5.70,10.67,19.8,0.929,85.76,2.1,-0.5,0.0,22.0,100,7817,85.63,23.2
12/2/2023 14:30,0,0,447,574.1,0.000,0,0,72,5.91,12.54,19.7,0.913,85.75,2.1,-0.1,0.0,21.7,100,7816,85.61,23.1
12/2/2023 14:45,0,0,447,504.3,0.000,0,0,76,4.78,9.61,19.6,0.929,85.75,1.9,-0.1,0.0,21.6,100,7815,85.61,23.1
12/2/2023 15:00,0,0,448,470.1,0.000,0,0,68,4.78,10.56,19.8,0.926,85.75,2.3,-0.3,0.0,21.6,100,7815,85.62,23.1
12/2/2023 15:15,0,0,447,380.9,0.000,0,0,74,4.77,9.31,19.6,0.939,85.75,2.0,-0.2,0.0,21.4,100,7815,85.61,23.0
12/2/2023 15:30,0,0,449,262.7,0.000,0,0,69,5.06,10.15,19.5,0.946,85.76,2.2,-0.5,0.0,21.2,100,7815,85.62,22.4
12/2/2023 15:45,0,0,448,326.3,0.000,0,0,80,5.00,10.33,19.2,0.975,85.76,2.0,-0.5,0.0,20.8,100,7816,85.63,22.2
12/2/2023 16:00,0,0,449,200.6,0.000,0,0,75,4.52,11.71,19.0,0.992,85.77,2.0,-0.4,0.0,20.6,100,7817,85.63,21.8
12/2/2023 16:15,1,0,450,180.3,0.000,0,0,71,4.90,9.46,19.0,0.972,85.76,2.1,-0.3,0.0,20.1,100,7814,85.62,21.4
12/2/2023 16:30,15,0,451,86.1,0.000,0,0,72,5.29,9.96,18.7,0.987,85.77,2.0,-0.4,0.0,19.6,100,7814,85.63,20.4
12/2/2023 16:45,15,0,452,82.0,0.000,0,0,72,5.03,10.18,18.6,0.981,85.78,2.1,-0.4,0.0,19.2,100,7812,85.64,19.8
12/2/2023 17:00,15,0,452,37.1,0.000,0,0,82,4.84,11.95,18.5,0.984,85.79,2.0,-0.3,0.0,18.8,100,7812,85.65,19.3
12/2/2023 17:15,15,0,454,16.3,0.000,0,0,82,5.38,11.07,18.4,0.985,85.80,1.9,-0.3,0.0,18.5,100,7808,85.66,18.9
12/2/2023 17:30,15,0,453,1.5,0.000,0,0,80,4.89,10.15,18.3,0.981,85.84,2.0,-0.3,0.0,18.2,100,7807,85.70,18.6
12/2/2023 17:45,15,0,453,0.0,0.000,0,0,95,5.66,13.64,18.3,0.964,85.86,1.7,0.2,0.0,18.2,100,7808,85.73,18.4
12/2/2023 18:00,15,0,453,0.0,0.000,0,0,80,5.42,8.74,18.2,0.971,85.88,1.9,-0.1,0.0,18.1,100,7808,85.74,18.2
12/2/2023 18:15,15,0,454,0.0,0.000,0,0,85,5.79,10.20,18.1,0.965,85.88,1.9,-0.1,0.0,17.9,100,7805,85.74,17.9
12/2/2023 18:30,15,0,454,0.0,0.000,0,0,80,5.56,12.13,18.0,0.976,85.90,1.9,-0.1,0.0,17.8,100,7804,85.76,17.8
12/2/2023 18:45,15,0,453,0.0,0.000,0,0,93,5.66,10.00,18.0,0.962,85.90,1.9,-0.8,0.0,17.7,100,7805,85.76,17.6
12/2/2023 19:00,15,0,453,0.0,0.000,0,0,101,5.73,11.68,17.9,0.963,85.92,2.1,-0.1,0.0,17.6,100,7802,85.79,17.6
12/2/2023 19:15,15,0,454,0.0,0.000,0,0,89,4.98,9.22,17.9,0.974,85.95,2.0,-0.2,0.0,17.7,100,7804,85.81,17.6
12/2/2023 19:30,15,0,455,0.0,0.000,0,0,92,5.54,9.72,17.7,0.989,85.96,1.9,-0.2,0.0,17.6,100,7800,85.82,17.6
12/2/2023 19:45,15,0,455,0.0,0.000,0,0,97,5.87,11.37,17.7,0.979,85.96,2.0,-0.1,0.0,17.5,100,7800,85.83,17.4
12/2/2023 20:00,15,0,455,0.0,0.000,0,0,101,5.65,14.26,17.6,0.978,85.96,2.1,-0.1,0.0,17.4,99,7799,85.83,17.3
12/2/2023 20:15,15,0,455,0.0,0.000,0,0,93,5.23,11.66,17.6,0.983,85.98,2.0,-0.1,0.0,17.4,100,7802,85.85,17.3
12/2/2023 20:30,15,0,455,0.0,0.000,0,0,98,4.78,10.08,17.6,0.970,86.01,2.0,-0.1,0.0,17.3,99,7799,85.88,17.2
12/2/2023 20:45,15,0,456,0.0,0.000,0,0,85,4.46,9.90,17.5,0.975,86.02,2.1,-0.2,0.0,17.2,99,7798,85.89,17.0
12/2/2023 21:00,15,0,455,0.0,0.000,0,0,89,4.71,9.49,17.5,0.973,86.02,2.3,-0.7,0.0,17.2,99,7797,85.89,17.0
12/2/2023 21:15,15,0,455,0.0,0.000,0,0,92,5.40,10.79,17.5,0.973,86.02,2.0,-0.1,0.0,17.1,99,7798,85.89,16.9
12/2/2023 21:30,15,0,455,0.0,0.000,0,0,101,5.12,10.12,17.4,0.969,86.01,2.1,-0.2,0.0,17.1,99,7794,85.88,16.9
12/2/2023 21:45,15,0,455,0.0,0.000,0,0,105,5.32,10.24,17.4,0.952,86.01,2.0,-0.1,0.0,17.0,99,7796,85.88,16.8
12/2/2023 22:00,15,0,455,0.0,0.000,0,0,112,4.40,8.93,17.4,0.950,86.01,2.0,-0.4,0.0,17.0,99,7795,85.88,16.7
12/2/2023 22:15,15,0,454,0.0,0.000,0,0,110,5.27,9.94,17.3,0.945,86.00,1.9,-0.4,0.0,17.0,99,7796,85.87,16.7
12/2/2023 22:30,15,0,455,0.0,0.000,0,0,113,5.57,10.35,17.2,0.946,85.99,1.8,0.0,0.0,16.9,99,7796,85.86,16.6
12/2/2023 22:45,15,0,454,0.0,0.000,0,0,109,4.94,8.57,17.2,0.945,85.97,1.9,-0.2,0.0,16.8,99,7795,85.85,16.5
12/2/2023 23:00,15,0,454,0.0,0.000,0,0,109,4.87,9.12,17.2,0.935,85.96,1.9,-0.3,0.0,16.8,99,7794,85.83,16.5
12/2/2023 23:15,15,0,454,0.0,0.000,0,0,110,4.88,8.94,17.1,0.936,85.95,1.8,-0.3,0.0,16.8,99,7793,85.82,16.4
12/2/2023 23:30,15,0,454,0.0,0.000,0,0,106,5.37,9.88,17.2,0.926,85.93,1.9,0.0,0.0,16.8,99,7792,85.80,16.4
12/2/2023 23:45,15,0,454,0.0,0.000,0,0,99,5.38,9.48,17.2,0.922,85.92,2.0,-0.4,0.0,16.8,99,7792,85.78,16.4
12/3/2023 0:00,15,0,454,0.0,0.000,0,0,101,4.65,10.15,17.1,0.919,85.90,1.9,-0.4,0.0,16.8,99,7793,85.76,16.4
12/3/2023 0:15,15,0,454,0.0,0.000,0,0,102,4.96,8.58,17.1,0.918,85.88,1.9,-0.1,0.0,16.7,96,7773,85.75,16.5
12/3/2023 0:30,15,0,454,0.0,0.000,0,0,103,5.17,10.02,17.0,0.906,85.86,2.0,-0.3,0.0,16.7,97,7778,85.72,16.5
12/3/2023 0:45,15,0,454,0.0,0.000,0,0,108,5.10,9.52,17.0,0.931,85.84,2.1,-0.2,0.0,16.7,97,7778,85.71,16.4
12/3/2023 1:00,15,0,454,0.0,0.000,0,0,104,4.53,11.62,17.0,0.934,85.83,2.1,-0.2,0.0,16.6,97,7778,85.70,16.3
12/3/2023 1:15,15,0,454,0.0,0.000,0,0,104,5.35,12.92,17.1,0.929,85.81,2.0,-0.3,0.0,16.6,97,7777,85.68,16.3
12/3/2023 1:30,15,0,454,0.0,0.000,0,0,102,5.79,10.84,17.1,0.942,85.81,1.9,-0.3,0.0,16.8,97,7776,85.68,16.4
12/3/2023 1:45,15,0,454,0.0,0.000,0,0,99,4.66,8.58,16.9,0.954,85.80,2.1,-0.3,0.0,16.7,97,7780,85.67,16.3
12/3/2023 2:00,15,0,455,0.0,0.000,0,0,88,4.77,10.31,16.9,0.964,85.80,1.9,-0.2,0.0,16.6,97,7777,85.66,16.4
12/3/2023 2:15,15,0,455,0.0,0.000,0,0,89,5.54,11.49,17.2,0.974,85.78,2.1,-0.3,0.0,16.8,97,7777,85.65,16.7
12/3/2023 2:30,15,10,570,0.0,0.000,0,0,97,5.24,10.74,17.3,0.986,85.78,2.1,-0.3,0.0,17.0,97,7778,85.65,17.0
12/3/2023 2:45,15,15,562,0.0,0.000,0,0,97,4.61,11.73,17.2,0.987,85.78,2.0,-0.2,0.0,17.0,97,7776,85.65,17.0
12/3/2023 3:00,15,15,526,0.0,0.000,0,0,93,4.97,11.69,17.3,0.979,85.78,2.1,-0.3,0.0,16.9,97,7776,85.65,16.8
12/3/2023 3:15,15,15,494,0.0,0.000,0,0,86,4.77,11.00,17.1,0.975,85.78,1.8,0.0,0.0,16.8,97,7776,85.65,16.7
12/3/2023 3:30,15,15,477,0.0,0.000,0,0,88,5.55,10.21,17.1,0.961,85.78,2.1,-0.6,0.0,16.7,97,7779,85.66,16.5
12/3/2023 3:45,15,15,466,0.0,0.000,0,0,90,5.71,11.24,17.1,0.953,85.79,2.1,-0.4,0.0,16.7,97,7775,85.65,16.5
12/3/2023 4:00,15,15,468,0.0,0.000,0,0,85,5.19,11.50,17.0,0.957,85.80,2.1,-0.4,0.0,16.7,97,7775,85.67,16.4
12/3/2023 4:15,15,15,469,0.0,0.000,0,0,94,5.37,10.89,17.0,0.956,85.81,2.0,-0.1,0.0,16.7,97,7776,85.68,16.4
12/3/2023 4:30,15,15,471,0.0,0.000,0,0,92,4.53,13.15,16.9,0.969,85.83,1.9,-0.4,0.0,16.6,96,7774,85.69,16.3
12/3/2023 4:45,15,15,471,0.0,0.000,0,0,93,4.64,9.97,16.9,0.961,85.84,1.9,-0.3,0.0,16.5,96,7772,85.71,16.2
12/3/2023 5:00,15,15,472,0.0,0.000,0,0,91,4.71,10.23,16.8,0.967,85.86,2.1,-0.4,0.0,16.5,96,7774,85.72,16.2
12/3/2023 5:15,15,15,470,0.0,0.000,0,0,95,4.70,10.77,16.8,0.967,85.87,1.7,-0.2,0.0,16.5,96,7774,85.74,16.2
12/3/2023 5:30,15,15,473,0.0,0.000,0,0,98,4.48,10.35,16.8,0.967,85.88,2.0,-0.2,0.0,16.5,96,7773,85.75,16.1
12/3/2023 5:45,15,15,471,1.3,0.000,0,0,96,4.85,9.74,16.7,0.964,85.89,2.0,-0.3,0.0,16.4,97,7775,85.75,16.1
12/3/2023 6:00,15,15,468,9.8,0.000,0,0,90,4.79,10.55,16.7,0.961,85.90,1.9,-0.2,0.0,16.4,96,7772,85.77,16.0
12/3/2023 6:15,15,15,468,23.4,0.000,0,0,89,4.30,9.63,16.7,0.961,85.91,1.9,-0.1,0.0,16.5,96,7774,85.78,16.1
12/3/2023 6:30,15,15,462,58.1,0.000,0,0,88,3.99,8.77,16.7,0.974,85.92,2.0,-0.4,0.0,16.8,97,7775,85.80,16.2
12/3/2023 6:45,15,7,458,135.5,0.000,0,0,97,4.48,8.35,17.3,0.977,85.91,2.2,-0.4,0.0,18.0,98,7786,85.80,16.8
12/3/2023 7:00,15,0,457,186.3,0.000,0,0,79,3.92,7.94,17.6,0.988,85.91,2.0,-0.2,0.0,19.5,99,7795,85.81,17.7
12/3/2023 7:15,15,0,456,210.8,0.000,0,0,87,3.35,8.94,18.0,0.968,85.94,2.0,-0.3,0.0,20.1,100,7800,85.84,18.5
12/3/2023 7:30,15,0,455,283.5,0.000,0,0,104,4.44,9.22,18.0,0.976,85.95,2.1,-0.5,0.0,20.7,100,7813,85.85,19.2
12/3/2023 7:45,15,0,455,341.6,0.000,0,0,111,4.23,8.09,18.2,0.977,85.96,2.1,-0.1,0.0,21.2,100,7823,85.86,19.7
12/3/2023 8:00,15,0,454,387.0,0.000,0,0,101,5.09,10.18,18.4,0.965,85.98,2.0,-0.1,0.0,21.5,100,7835,85.88,20.2
12/3/2023 8:15,15,0,453,466.3,0.000,0,0,109,5.10,10.19,18.5,0.963,85.98,2.3,-0.3,0.0,21.8,100,7845,85.89,20.5
12/3/2023 8:30,15,0,454,510.1,0.000,0,0,97,5.19,11.08,18.7,0.968,85.99,2.1,-0.2,0.0,22.1,100,7855,85.89,20.9
12/3/2023 8:45,15,0,453,554.9,0.000,0,0,106,4.83,9.34,18.9,0.962,85.99,1.9,-0.4,0.0,22.3,100,7862,85.89,21.2
12/3/2023 9:00,15,0,454,549.5,0.000,0,0,102,4.01,9.19,19.2,0.944,86.01,2.2,-0.1,0.0,22.3,100,7870,85.90,21.5
12/3/2023 9:15,15,0,453,592.3,0.000,0,0,74,3.35,7.87,19.5,0.958,86.01,2.0,-0.4,0.0,23.0,100,7877,85.91,22.0
12/3/2023 9:30,15,0,453,448.3,0.000,0,0,87,3.93,9.05,19.2,0.957,86.03,2.1,-0.3,0.0,22.3,100,7879,85.91,22.2
12/3/2023 9:45,15,0,452,663.3,0.000,0,0,85,4.08,7.92,19.7,0.928,86.02,2.1,-0.3,0.0,22.4,100,7888,85.91,22.2
12/3/2023 10:00,15,0,453,672.7,0.000,0,0,79,4.33,9.05,19.7,0.950,86.02,2.1,-0.2,0.0,23.2,100,7890,85.92,22.5
12/3/2023 10:15,15,0,453,644.9,0.000,0,0,69,3.52,6.46,19.7,0.964,86.01,2.1,-0.4,0.0,22.9,100,7897,85.90,22.7
12/3/2023 10:30,15,0,452,778.9,0.000,0,0,73,3.22,7.19,20.3,0.950,85.99,2.0,-0.2,0.0,23.4,100,7900,85.88,22.9
12/3/2023 10:45,15,0,453,838.5,0.000,0,0,91,3.94,7.81,20.5,0.959,85.96,2.2,-0.3,0.0,23.9,100,7903,85.86,23.4
12/3/2023 11:00,15,0,451,879.4,0.000,0,0,64,3.63,8.76,20.7,0.956,85.95,2.3,-0.2,0.0,24.1,100,7906,85.85,23.7
12/3/2023 11:15,15,0,453,709.5,0.000,0,0,75,4.40,12.81,20.2,0.976,85.95,2.1,-0.3,0.0,23.9,100,7908,85.83,24.0
12/3/2023 11:30,15,0,453,535.3,0.000,0,0,73,4.76,9.55,19.7,0.975,85.93,2.1,-0.4,0.0,22.6,100,7908,85.81,23.3
12/3/2023 11:45,15,0,454,683.7,0.000,0,0,74,4.43,9.60,19.7,0.977,85.91,1.9,-0.4,0.0,22.5,100,7909,85.79,23.3
12/3/2023 12:00,15,0,454,494.9,0.000,0,0,74,4.13,9.86,19.3,0.994,85.90,2.1,-0.3,0.0,21.8,100,7909,85.77,22.9
12/3/2023 12:15,15,0,459,426.5,0.000,0,0,85,3.64,8.99,19.2,0.999,85.88,1.9,-0.2,0.0,21.6,100,7911,85.75,22.7
12/3/2023 12:30,15,15,649,321.7,0.000,0,0,80,4.43,9.99,18.6,1.003,85.86,2.0,-0.3,0.0,20.7,100,7911,85.73,21.9
12/3/2023 12:45,15,15,620,454.9,0.000,0,0,74,4.90,10.02,18.3,0.998,85.84,2.1,-0.4,0.0,20.0,100,7911,85.71,21.3
12/3/2023 13:00,15,15,650,211.0,0.000,0,0,67,3.85,8.88,18.1,1.003,85.84,2.1,-0.2,0.0,19.5,100,7911,85.70,20.7
12/3/2023 13:15,15,15,755,124.5,0.119,0,0,71,3.23,8.01,18.2,1.002,85.82,2.0,-0.4,3.1,19.1,100,7907,85.69,20.1
12/3/2023 13:30,15,15,677,106.6,0.102,0,0,74,3.60,7.70,18.1,1.003,85.80,2.0,-0.2,1.0,18.7,100,7906,85.66,19.6
12/3/2023 13:45,15,15,622,142.5,0.017,0,0,86,4.23,8.64,17.9,1.001,85.78,1.9,-0.4,1.0,18.6,100,7905,85.65,19.3
12/3/2023 14:00,15,15,553,180.6,0.000,0,0,73,4.70,9.41,17.7,1.001,85.77,2.0,-0.6,0.0,18.4,100,7906,85.65,19.0
12/3/2023 14:15,15,15,509,204.5,0.000,0,0,71,4.69,9.83,17.4,1.001,85.77,2.0,-0.6,0.0,18.3,100,7907,85.64,18.9
12/3/2023 14:30,15,15,488,164.7,0.000,0,0,76,4.26,9.40,17.5,1.001,85.76,2.0,-0.5,0.0,18.3,100,7906,85.64,18.9
12/3/2023 14:45,15,13,456,343.7,0.000,0,0,72,4.34,9.97,17.6,1.003,85.76,2.0,-0.3,0.0,18.6,100,7905,85.63,19.1
12/3/2023 15:00,15,0,451,322.7,0.000,0,0,66,3.74,8.16,17.6,1.001,85.76,2.0,-0.3,0.0,19.3,100,7908,85.64,20.0
12/3/2023 15:15,15,0,451,192.3,0.000,0,0,80,3.05,7.52,17.7,1.004,85.77,2.1,-0.3,0.0,19.4,100,7906,85.65,19.9
12/3/2023 15:30,15,0,451,188.1,0.000,0,0,90,3.20,6.47,17.4,0.999,85.78,2.0,-0.3,0.0,19.1,100,7907,85.65,19.7
12/3/2023 15:45,3,0,450,316.1,0.000,0,0,83,2.88,6.71,17.3,0.997,85.78,2.1,-0.3,0.0,19.5,100,7906,85.66,20.6
12/3/2023 16:00,1,0,450,188.3,0.000,0,0,79,4.57,10.71,17.7,0.995,85.79,2.1,-0.2,0.0,19.6,100,7907,85.66,20.6
12/3/2023 16:15,12,0,451,133.7,0.000,0,0,85,3.21,9.19,18.4,0.991,85.81,1.9,-0.3,0.0,19.3,100,7903,85.68,20.0
12/3/2023 16:30,14,0,450,124.5,0.000,0,0,91,3.17,6.20,18.4,0.982,85.82,2.0,-0.3,0.0,19.0,100,7902,85.69,19.7
12/3/2023 16:45,13,0,451,95.3,0.000,0,0,85,3.38,6.94,18.4,0.989,85.82,2.0,-0.3,0.0,19.0,100,7902,85.70,19.7
12/3/2023 17:00,15,0,451,51.1,0.000,0,0,77,3.94,9.23,18.3,0.984,85.83,1.9,-0.2,0.0,18.8,100,7901,85.70,19.2
12/3/2023 17:15,15,0,451,15.0,0.000,0,0,82,3.03,6.88,18.2,0.985,85.85,2.0,-0.4,0.0,18.4,100,7899,85.72,18.9
12/3/2023 17:30,15,0,452,0.9,0.000,0,0,80,2.83,6.20,18.0,0.990,85.86,2.1,-0.3,0.0,18.1,100,7897,85.73,18.6
12/3/2023 17:45,15,0,452,0.0,0.000,0,0,61,3.22,5.84,17.9,0.995,85.88,2.0,-0.2,0.0,17.9,100,7895,85.75,18.3
12/3/2023 18:00,15,5,464,0.0,0.000,0,0,65,3.40,7.27,17.7,1.000,85.89,2.0,-0.3,0.0,17.8,100,7894,85.75,18.2
12/3/2023 18:15,15,9,456,0.0,0.000,0,0,72,3.23,6.67,17.8,0.999,85.91,1.9,-0.3,0.0,17.6,100,7895,85.77,18.0
12/3/2023 18:30,15,12,503,0.0,0.000,0,0,59,2.72,6.88,17.6,1.000,85.92,1.9,-0.3,0.0,17.6,100,7896,85.79,18.0
12/3/2023 18:45,15,15,507,0.0,0.000,0,0,61,2.75,5.85,17.6,0.999,85.93,2.0,-0.3,0.0,17.5,100,7891,85.81,17.9
12/3/2023 19:00,15,15,504,0.0,0.000,0,0,54,2.89,8.09,17.7,0.996,85.95,1.9,-0.3,0.0,17.5,100,7890,85.83,17.9
12/3/2023 19:15,15,15,494,0.0,0.000,0,0,85,2.32,5.03,17.8,0.993,85.98,2.0,-0.4,0.0,17.6,100,7892,85.85,17.9
12/3/2023 19:30,15,15,477,0.0,0.000,0,0,67,3.52,7.47,17.8,0.997,85.98,1.9,-0.2,0.0,17.6,100,7890,85.85,17.9
12/3/2023 19:45,15,15,478,0.0,0.000,0,0,64,4.13,8.92,17.8,0.999,85.99,1.9,-0.2,0.0,17.7,100,7891,85.86,17.9
12/3/2023 20:00,15,15,519,0.0,0.000,0,0,66,3.36,7.94,17.6,1.001,86.01,2.0,-0.3,0.0,17.6,100,7890,85.88,17.8
12/3/2023 20:15,15,15,515,0.0,0.000,0,0,68,3.96,9.54,17.6,1.000,86.01,2.0,-0.3,0.0,17.5,100,7889,85.88,17.8
12/3/2023 20:30,15,15,480,0.0,0.000,0,0,67,5.00,9.01,17.6,0.998,86.02,2.1,-0.5,0.0,17.5,100,7887,85.88,17.7
12/3/2023 20:45,15,15,474,0.0,0.000,0,0,75,4.61,9.82,17.4,1.001,86.02,1.9,-0.4,0.0,17.4,100,7887,85.89,17.6
12/3/2023 21:00,15,15,473,0.0,0.000,0,0,72,4.39,8.56,17.4,1.000,86.03,1.9,-0.4,0.0,17.3,100,7884,85.89,17.5
12/3/2023 21:15,15,15,470,0.0,0.000,0,0,99,3.44,8.22,17.5,0.995,86.02,1.9,-0.3,0.0,17.3,100,7884,85.90,17.3
12/3/2023 21:30,15,15,469,0.0,0.000,0,0,91,3.89,8.08,17.4,0.990,86.03,2.0,-0.2,0.0,17.2,100,7884,85.90,17.2
12/3/2023 21:45,15,15,467,0.0,0.000,0,0,110,3.57,7.91,17.4,0.988,86.03,2.0,-0.3,0.0,17.2,100,7881,85.91,17.2
12/3/2023 22:00,15,15,469,0.0,0.000,0,0,97,3.23,8.16,17.3,0.990,86.03,2.2,-0.3,0.0,17.1,100,7882,85.90,17.2
12/3/2023 22:15,15,15,467,0.0,0.000,0,0,94,4.06,8.33,17.4,0.980,86.01,2.1,-0.1,0.0,17.2,100,7881,85.88,17.1
12/3/2023 22:30,15,15,466,0.0,0.000,0,0,94,4.04,8.95,17.3,0.984,86.01,1.9,-0.2,0.0,17.2,100,7878,85.88,17.1
12/3/2023 22:45,15,15,466,0.0,0.000,0,0,91,3.56,8.58,17.2,0.987,86.00,2.0,-0.3,0.0,17.1,100,7881,85.87,17.2
12/3/2023 23:00,15,15,464,0.0,0.000,0,0,94,4.64,12.72,17.2,0.976,85.97,2.0,-0.3,0.0,17.0,100,7880,85.85,17.1
12/3/2023 23:15,15,15,464,0.0,0.000,0,0,94,4.69,9.94,17.2,0.971,85.96,2.5,-0.3,0.0,17.0,100,7876,85.84,17.0
12/3/2023 23:30,15,15,466,0.0,0.000,0,0,95,3.99,8.81,17.3,0.965,85.98,1.9,-0.3,0.0,17.0,100,7879,85.84,17.0
12/3/2023 23:45,15,15,466,0.0,0.000,0,0,92,3.55,6.87,17.2,0.972,85.96,1.9,-0.3,0.0,17.0,100,7876,85.83,17.0
12/4/2023 0:00,15,15,466,0.0,0.000,0,0,95,4.00,8.48,17.2,0.973,85.94,2.0,-0.2,0.0,17.0,100,7877,85.81,16.9
12/4/2023 0:15,15,15,466,0.0,0.000,0,0,82,3.76,7.04,17.1,0.975,85.93,2.0,-0.3,0.0,16.9,100,7859,85.80,17.0
12/4/2023 0:30,15,15,466,0.0,0.000,0,0,90,4.20,9.01,17.0,0.958,85.90,2.1,-0.3,0.0,16.7,100,7865,85.77,16.8
12/4/2023 0:45,15,15,465,0.0,0.000,0,0,100,4.20,7.11,16.9,0.966,85.88,2.0,-0.2,0.0,16.6,100,7865,85.75,16.5
12/4/2023 1:00,15,15,465,0.0,0.000,0,0,103,5.09,8.78,16.9,0.959,85.85,1.9,-0.2,0.0,16.6,100,7864,85.72,16.4
12/4/2023 1:15,15,15,463,0.0,0.000,0,0,100,5.24,11.05,16.9,0.959,85.82,1.9,-0.6,0.0,16.5,100,7865,85.69,16.3
12/4/2023 1:30,15,15,465,0.0,0.000,0,0,97,5.07,9.46,17.0,0.956,85.80,1.9,0.1,0.0,16.6,100,7864,85.67,16.3
12/4/2023 1:45,15,15,464,0.0,0.000,0,0,101,4.48,9.11,16.9,0.964,85.79,2.1,-0.4,0.0,16.6,100,7863,85.66,16.3
12/4/2023 2:00,15,15,463,0.0,0.000,0,0,106,4.78,9.50,17.0,0.960,85.77,2.0,-0.2,0.0,16.7,100,7863,85.64,16.4
12/4/2023 2:15,15,15,462,0.0,0.000,0,0,93,5.98,12.36,17.1,0.957,85.75,2.2,-0.3,0.0,16.8,100,7864,85.62,16.5
12/4/2023 2:30,15,15,462,0.0,0.000,0,0,96,6.17,11.75,17.0,0.958,85.73,2.0,-0.1,0.0,16.8,100,7864,85.61,16.6
12/4/2023 2:45,15,15,463,0.0,0.000,0,0,98,5.98,12.76,16.9,0.958,85.71,1.9,-0.5,0.0,16.7,100,7863,85.58,16.5
12/4/2023 3:00,15,15,462,0.0,0.000,0,0,105,7.16,13.61,17.0,0.947,85.69,1.6,-0.6,0.0,16.6,100,7863,85.57,16.4
12/4/2023 3:15,15,15,463,0.0,0.000,0,0,107,5.29,11.77,16.7,0.962,85.70,1.9,-0.3,0.0,16.5,100,7862,85.58,16.3
12/4/2023 3:30,15,15,462,0.0,0.000,0,0,103,5.05,12.65,16.6,0.954,85.72,1.8,-0.2,0.0,16.3,100,7859,85.59,16.1
12/4/2023 3:45,15,15,462,0.0,0.000,0,0,105,5.42,11.67,16.6,0.946,85.73,1.7,-0.1,0.0,16.2,100,7861,85.60,16.0
12/4/2023 4:00,15,15,462,0.0,0.000,0,0,95,5.89,10.40,16.8,0.939,85.73,1.9,-0.4,0.0,16.3,100,7859,85.60,16.0
12/4/2023 4:15,15,9,459,0.0,0.000,0,0,87,6.02,11.01,16.8,0.934,85.75,1.9,0.0,0.0,16.4,100,7859,85.61,16.0
12/4/2023 4:30,15,0,456,0.0,0.000,0,0,91,6.67,12.31,17.0,0.903,85.76,2.1,-0.3,0.0,16.5,100,7861,85.62,16.1
12/4/2023 4:45,15,0,455,0.0,0.000,0,0,90,6.26,11.05,17.1,0.874,85.77,2.0,-0.1,0.0,16.6,100,7858,85.64,16.2
12/4/2023 5:00,15,0,454,0.0,0.000,0,0,100,6.49,12.35,17.3,0.867,85.78,2.1,-0.5,0.0,16.8,100,7859,85.65,16.3
12/4/2023 5:15,15,0,454,0.0,0.000,0,0,103,6.43,12.99,17.6,0.852,85.79,1.7,-0.1,0.0,16.9,100,7857,85.67,16.5
12/4/2023 5:30,15,0,454,0.0,0.000,0,0,101,5.70,11.25,17.6,0.853,85.81,2.0,-0.3,0.0,17.2,100,7856,85.68,16.6
12/4/2023 5:45,15,0,453,2.1,0.000,0,0,104,6.27,10.32,17.6,0.854,85.83,2.4,0.3,0.0,17.1,100,7860,85.70,16.7
12/4/2023 6:00,15,0,453,9.3,0.000,0,0,107,5.63,8.93,17.5,0.848,85.85,2.0,-0.3,0.0,17.2,100,7855,85.72,16.7
12/4/2023 6:15,15,0,452,54.3,0.000,0,0,92,4.63,10.68,17.6,0.852,85.87,2.0,-0.2,0.0,17.6,100,7862,85.74,16.8
12/4/2023 6:30,15,0,452,102.7,0.000,0,0,95,5.46,9.76,17.8,0.873,85.87,2.1,-0.4,0.0,18.8,100,7870,85.76,17.4
12/4/2023 6:45,15,0,452,151.4,0.000,0,0,94,5.15,10.22,18.0,0.887,85.88,1.9,-0.4,0.0,19.7,100,7879,85.77,18.1
12/4/2023 7:00,15,0,452,93.4,0.000,0,0,84,5.48,11.28,17.8,0.900,85.91,1.9,-0.3,0.0,19.6,100,7878,85.80,18.6
12/4/2023 7:15,15,0,452,114.3,0.000,0,0,92,5.88,12.98,17.8,0.900,85.93,1.8,0.0,0.0,18.9,100,7880,85.81,18.4
12/4/2023 7:30,15,0,452,307.1,0.000,0,0,84,5.96,10.76,17.9,0.931,85.92,1.8,-0.2,0.0,19.9,100,7893,85.82,18.8
12/4/2023 7:45,15,0,452,362.9,0.000,0,0,84,5.84,11.48,18.0,0.947,85.93,2.1,-0.3,0.0,20.9,100,7903,85.83,19.5
12/4/2023 8:00,15,0,452,420.9,0.000,0,0,89,6.26,10.49,18.3,0.938,85.93,2.1,-0.3,0.0,21.4,100,7913,85.83,20.1
12/4/2023 8:15,15,0,452,465.1,0.000,0,0,83,5.87,11.51,18.4,0.949,85.94,2.2,0.0,0.0,21.7,100,7922,85.84,20.5
12/4/2023 8:30,15,0,452,513.8,0.000,0,0,78,6.46,13.83,18.6,0.935,85.96,2.1,-0.4,0.0,21.8,100,7930,85.86,20.8
12/4/2023 8:45,15,0,452,563.8,0.000,0,0,85,6.14,12.54,18.8,0.935,85.97,2.0,-0.1,0.0,22.0,100,7941,85.87,21.0
12/4/2023 9:00,15,0,451,600.2,0.000,0,0,93,6.34,12.74,19.4,0.888,85.97,2.0,0.4,0.0,22.3,100,7944,85.87,21.4
12/4/2023 9:15,15,0,451,645.7,0.000,0,0,79,5.97,12.92,19.4,0.898,85.97,1.9,-0.4,0.0,22.6,100,7949,85.85,21.7
12/4/2023 9:30,15,0,451,687.5,0.000,0,0,66,5.94,11.05,19.4,0.917,85.97,2.0,-0.3,0.0,22.5,100,7957,85.85,21.7
12/4/2023 9:45,15,0,451,714.7,0.000,0,0,73,7.00,15.35,19.3,0.920,85.96,2.3,-0.5,0.0,22.5,100,7959,85.85,21.7
12/4/2023 10:00,15,0,451,738.9,0.000,0,0,78,7.06,13.36,19.3,0.917,85.96,1.9,-0.7,0.0,22.3,100,7964,85.84,21.7
12/4/2023 10:15,15,0,451,780.5,0.000,0,0,80,6.83,12.37,19.5,0.914,85.96,2.0,-0.5,0.0,22.3,100,7967,85.84,21.7
12/4/2023 10:30,15,0,450,803.6,0.000,0,0,76,6.47,14.52,19.6,0.922,85.95,2.4,-1.0,0.0,22.4,100,7972,85.83,21.9
12/4/2023 10:45,15,0,450,808.5,0.000,0,0,73,7.38,12.76,19.5,0.907,85.92,2.1,-0.3,0.0,22.2,100,7975,85.80,21.9
12/4/2023 11:00,15,0,450,822.3,0.000,0,0,81,7.25,13.85,19.7,0.897,85.91,2.1,0.2,0.0,22.2,100,7973,85.79,21.9
12/4/2023 11:15,10,0,450,855.6,0.000,0,0,78,6.65,12.51,20.1,0.899,85.90,1.8,-0.2,0.0,22.4,100,7972,85.78,22.2
12/4/2023 11:30,13,0,450,868.1,0.000,0,0,72,6.35,13.13,19.9,0.928,85.88,1.8,0.2,0.0,22.6,100,7976,85.77,22.4
12/4/2023 11:45,6,0,450,822.0,0.000,0,0,87,6.58,14.05,20.1,0.906,85.85,2.0,-0.4,0.0,22.5,100,7971,85.73,22.5
12/4/2023 12:00,2,0,450,762.9,0.000,0,0,89,6.66,14.01,20.4,0.888,85.84,2.5,0.0,0.0,22.5,100,7970,85.72,22.5
12/4/2023 12:15,1,0,450,306.9,0.000,0,0,95,5.82,12.66,20.1,0.862,85.84,2.1,-0.7,0.0,21.8,100,7965,85.71,22.2
12/4/2023 12:30,4,0,450,259.3,0.000,0,0,91,5.60,12.41,19.8,0.849,85.84,1.9,-0.4,0.0,21.0,100,7964,85.70,21.5
12/4/2023 12:45,0,0,449,609.1,0.000,0,0,106,6.77,13.38,20.0,0.851,85.81,2.2,-0.1,0.0,21.1,100,7962,85.69,21.3
12/4/2023 13:00,0,0,448,718.1,0.000,0,0,101,5.32,11.59,20.3,0.874,85.79,2.1,-0.2,0.0,21.8,100,7958,85.67,21.8
12/4/2023 13:15,0,0,448,374.5,0.000,0,0,76,3.73,7.82,20.3,0.882,85.78,2.2,-0.3,0.0,21.8,100,7962,85.65,21.9
12/4/2023 13:30,0,0,448,594.9,0.000,0,0,81,4.49,10.97,20.2,0.916,85.76,2.1,-0.3,0.0,22.2,100,7961,85.63,22.5
12/4/2023 13:45,0,0,448,629.5,0.000,0,0,76,4.69,10.30,20.4,0.913,85.75,2.0,-0.4,0.0,22.4,100,7960,85.63,23.0
12/4/2023 14:00,0,0,448,577.2,0.000,0,0,71,4.49,9.98,20.3,0.912,85.74,2.1,-0.2,0.0,22.5,100,7960,85.61,23.3
12/4/2023 14:15,0,0,449,421.6,0.000,0,0,72,5.21,11.89,19.9,0.925,85.73,1.9,-0.2,0.0,21.9,100,7958,85.60,22.7
12/4/2023 14:30,0,0,449,384.3,0.000,0,0,74,6.01,11.82,19.8,0.926,85.72,2.1,-0.4,0.0,21.5,100,7957,85.59,22.5
12/4/2023 14:45,0,0,449,310.3,0.000,0,0,73,6.09,11.75,19.5,0.947,85.71,2.0,-0.3,0.0,21.0,100,7952,85.58,22.0
12/4/2023 15:00,2,0,450,336.8,0.000,0,0,72,5.59,12.16,19.5,0.954,85.71,1.9,-0.3,0.0,20.8,100,7957,85.58,21.9
12/4/2023 15:15,5,0,450,192.1,0.000,0,0,74,5.25,11.72,19.4,0.954,85.72,2.1,-0.1,0.0,20.6,100,7956,85.59,21.5
12/4/2023 15:30,0,0,449,285.1,0.000,0,0,78,6.05,12.37,19.5,0.931,85.71,2.1,-0.7,0.0,20.5,100,7953,85.58,21.6
12/4/2023 15:45,4,0,450,161.1,0.000,0,0,65,4.94,10.90,19.2,0.944,85.72,2.1,-0.5,0.0,20.3,100,7953,85.59,21.2
12/4/2023 16:00,10,0,450,136.1,0.000,0,0,77,6.05,13.23,19.1,0.939,85.71,1.7,-0.5,0.0,19.9,100,7950,85.58,20.6
12/4/2023 16:15,12,0,450,103.4,0.000,0,0,70,5.12,11.40,19.1,0.935,85.72,2.1,0.0,0.0,19.6,100,7950,85.59,20.3
12/4/2023 16:30,15,0,450,80.7,0.000,0,0,68,5.58,10.64,19.0,0.941,85.74,2.1,0.0,0.0,19.3,100,7947,85.61,19.9
12/4/2023 16:45,15,0,451,59.2,0.000,0,0,84,4.30,11.22,18.9,0.942,85.74,2.0,-0.5,0.0,19.2,100,7948,85.61,19.7
12/4/2023 17:00,15,0,452,31.2,0.000,0,0,78,5.39,12.72,18.8,0.939,85.75,2.1,-0.5,0.0,18.9,100,7944,85.62,19.3
12/4/2023 17:15,15,0,452,10.6,0.000,0,0,83,6.78,14.03,18.6,0.952,85.75,2.1,-0.3,0.0,18.7,100,7942,85.62,19.0
12/4/2023 17:30,15,0,453,1.4,0.000,0,0,73,6.88,12.84,18.4,0.951,85.76,2.1,0.1,0.0,18.4,100,7941,85.62,18.7
12/4/2023 17:45,15,0,453,0.0,0.000,0,0,75,6.45,14.03,18.3,0.964,85.78,2.2,-0.4,0.0,18.2,100,7939,85.64,18.5
12/4/2023 18:00,15,0,453,0.0,0.000,0,0,84,5.75,14.26,18.1,0.976,85.79,1.9,-0.4,0.0,18.1,100,7942,85.66,18.3
12/4/2023 18:15,15,0,454,0.0,0.000,0,0,74,6.48,11.89,18.0,0.975,85.82,2.0,-0.6,0.0,17.9,100,7937,85.68,18.1
12/4/2023 18:30,15,0,454,0.0,0.000,0,0,80,6.39,11.91,17.9,0.976,85.83,2.1,-0.6,0.0,17.8,100,7939,85.69,18.0
12/4/2023 18:45,15,0,454,0.0,0.000,0,0,85,6.22,11.30,17.8,0.969,85.84,1.9,-0.3,0.0,17.7,100,7936,85.70,17.8
12/4/2023 19:00,15,0,454,0.0,0.000,0,0,97,8.28,18.22,17.9,0.963,85.84,2.1,0.0,0.0,17.7,100,7938,85.70,17.8
12/4/2023 19:15,15,0,453,0.0,0.000,0,0,84,7.84,14.75,17.8,0.957,85.86,1.5,0.6,0.0,17.7,100,7936,85.73,17.7
12/4/2023 19:30,15,0,453,0.0,0.000,0,0,95,7.65,16.43,17.8,0.946,85.86,2.0,-0.6,0.0,17.6,100,7934,85.74,17.6
12/4/2023 19:45,15,0,453,0.0,0.000,0,0,85,7.63,15.54,17.8,0.941,85.89,1.8,0.0,0.0,17.5,100,7931,85.76,17.5
12/4/2023 20:00,15,0,453,0.0,0.000,0,0,85,6.55,12.77,17.7,0.942,85.91,2.0,-0.8,0.0,17.5,100,7934,85.77,17.4
12/4/2023 20:15,15,0,453,0.0,0.000,0,0,82,7.09,17.20,17.7,0.939,85.91,1.7,-0.5,0.0,17.4,100,7931,85.78,17.3
12/4/2023 20:30,15,0,453,0.0,0.000,0,0,87,8.28,17.82,17.7,0.946,85.90,2.1,-0.8,0.0,17.5,100,7931,85.78,17.4
12/4/2023 20:45,15,0,454,0.0,0.000,0,0,85,7.42,16.82,17.6,0.957,85.92,1.7,-0.4,0.0,17.4,100,7931,85.78,17.4
12/4/2023 21:00,15,0,454,0.0,0.000,0,0,85,8.23,14.84,17.6,0.963,85.91,1.8,-0.3,0.0,17.4,100,7929,85.78,17.3
12/4/2023 21:15,15,0,454,0.0,0.000,0,0,83,8.45,13.99,17.6,0.959,85.90,1.5,-1.0,0.0,17.4,100,7929,85.77,17.3
12/4/2023 21:30,15,0,453,0.0,0.000,0,0,89,8.62,19.18,17.6,0.950,85.90,1.6,-0.1,0.0,17.3,100,7928,85.77,17.2
12/4/2023 21:45,15,0,454,0.0,0.000,0,0,88,8.32,15.78,17.6,0.943,85.89,1.8,-0.1,0.0,17.3,100,7928,85.77,17.1
12/4/2023 22:00,15,0,454,0.0,0.000,0,0,87,8.54,18.71,17.5,0.957,85.90,2.4,0.1,0.0,17.2,100,7925,85.77,17.1
12/4/2023 22:15,15,0,454,0.0,0.000,0,0,98,8.89,16.43,17.5,0.959,85.89,2.7,-0.2,0.0,17.2,100,7928,85.77,17.1
12/4/2023 22:30,15,0,454,0.0,0.000,0,0,96,8.90,17.39,17.5,0.960,85.91,2.0,0.9,0.0,17.2,100,7927,85.78,17.0
12/4/2023 22:45,15,0,457,0.0,0.000,0,0,89,8.19,14.64,17.5,0.963,85.92,1.4,-0.1,0.0,17.2,100,7926,85.77,17.1
12/4/2023 23:00,15,4,458,0.0,0.000,0,0,88,7.72,13.65,17.5,0.960,85.91,2.1,-0.6,0.0,17.2,100,7923,85.78,17.1
12/4/2023 23:15,15,4,459,0.0,0.000,0,0,87,7.92,17.85,17.5,0.954,85.91,2.1,0.3,0.0,17.3,100,7925,85.77,17.1
12/4/2023 23:30,15,9,461,0.0,0.000,0,0,90,8.22,13.95,17.5,0.963,85.88,1.9,0.2,0.0,17.3,100,7925,85.76,17.1
12/4/2023 23:45,15,15,461,0.0,0.000,0,0,87,7.96,15.47,17.4,0.969,85.89,1.8,-1.0,0.0,17.2,100,7922,85.75,17.1
12/5/2023 0:00,15,15,470,0.0,0.000,0,0,94,7.69,15.08,17.4,0.976,85.86,1.8,-0.9,0.0,17.2,100,7921,85.73,17.2
12/5/2023 0:15,15,15,465,0.0,0.000,0,0,96,8.66,19.04,17.4,0.969,85.84,1.9,-0.3,0.0,17.2,100,7907,85.70,17.4
12/5/2023 0:30,15,15,467,0.0,0.000,0,0,84,8.46,17.22,17.4,0.949,85.80,1.8,-0.4,0.0,17.2,100,7911,85.68,17.3
12/5/2023 0:45,15,15,467,0.0,0.000,0,0,87,7.77,20.20,17.4,0.971,85.80,1.8,-1.3,0.0,17.2,100,7912,85.67,17.2
12/5/2023 1:00,15,15,466,0.0,0.000,0,0,91,7.58,13.52,17.4,0.969,85.79,1.9,-0.4,0.0,17.1,100,7909,85.66,17.1
12/5/2023 1:15,15,15,468,0.0,0.000,0,0,87,7.61,15.33,17.5,0.967,85.77,2.7,-0.7,0.0,17.2,100,7912,85.63,17.1
12/5/2023 1:30,15,15,467,0.0,0.000,0,0,85,7.60,15.05,17.5,0.971,85.75,1.7,-0.1,0.0,17.3,100,7911,85.63,17.2
12/5/2023 1:45,15,15,468,0.0,0.000,0,0,82,7.77,16.92,17.5,0.962,85.74,2.4,-1.3,0.0,17.3,100,7910,85.60,17.2
12/5/2023 2:00,15,15,468,0.0,0.000,0,0,89,7.74,16.40,17.4,0.968,85.75,2.1,-0.5,0.0,17.2,100,7909,85.61,17.1
12/5/2023 2:15,15,15,468,0.0,0.000,0,0,91,7.33,14.11,17.4,0.966,85.74,2.0,-0.2,0.0,17.2,100,7907,85.60,17.1
12/5/2023 2:30,15,15,468,0.0,0.000,0,0,84,8.06,12.38,17.3,0.966,85.72,1.7,0.2,0.0,17.1,100,7909,85.59,17.0
12/5/2023 2:45,15,15,468,0.0,0.000,0,0,87,7.58,14.82,17.2,0.968,85.72,2.3,0.0,0.0,17.0,100,7909,85.59,16.9
12/5/2023 3:00,15,15,468,0.0,0.000,0,0,87,7.30,13.07,17.2,0.963,85.71,2.0,-0.3,0.0,16.9,100,7906,85.58,16.8
12/5/2023 3:15,15,15,469,0.0,0.000,0,0,85,6.33,12.25,17.2,0.960,85.73,1.9,0.2,0.0,16.8,100,7905,85.61,16.7
12/5/2023 3:30,15,15,469,0.0,0.000,0,0,85,6.66,13.16,17.1,0.970,85.74,2.2,-0.5,0.0,16.8,100,7905,85.61,16.7
12/5/2023 3:45,15,15,470,0.0,0.000,0,0,81,6.46,14.01,16.9,0.992,85.75,2.1,-0.4,0.0,16.8,100,7905,85.63,16.7
12/5/2023 4:00,15,15,471,0.0,0.000,0,0,80,6.53,15.94,16.9,0.998,85.75,2.1,-0.4,0.0,16.8,100,7907,85.62,16.8
12/5/2023 4:15,15,15,471,0.0,0.000,0,0,81,7.09,12.16,17.0,0.995,85.77,1.7,-0.1,0.0,16.8,100,7903,85.64,16.8
12/5/2023 4:30,15,15,471,0.0,0.000,0,0,82,6.74,13.86,17.0,0.994,85.81,1.9,-0.8,0.0,16.8,100,7903,85.68,16.8
12/5/2023 4:45,15,15,470,0.0,0.000,0,0,75,7.05,13.09,17.1,0.994,85.83,2.2,-0.1,0.0,16.9,100,7902,85.69,16.9
12/5/2023 5:00,15,15,470,0.0,0.000,0,0,76,7.37,15.24,17.2,0.990,85.84,2.0,-0.8,0.0,16.9,100,7904,85.71,17.0
12/5/2023 5:15,15,15,471,0.0,0.000,0,0,84,7.46,14.46,17.2,0.994,85.86,1.8,0.1,0.0,17.0,100,7902,85.72,17.1
12/5/2023 5:30,15,15,470,0.0,0.000,0,0,90,7.19,15.40,17.3,0.987,85.86,2.0,1.2,0.0,17.0,100,7902,85.74,17.1
12/5/2023 5:45,15,15,469,1.1,0.000,0,0,96,7.16,11.87,17.3,0.982,85.89,2.0,-0.7,0.0,17.1,100,7903,85.76,17.1
12/5/2023 6:00,15,15,469,6.3,0.000,0,0,93,7.51,14.04,17.3,0.979,85.90,1.9,-0.3,0.0,17.2,100,7899,85.77,17.1
12/5/2023 6:15,15,15,469,12.8,0.000,0,0,88,6.97,15.02,17.3,0.972,85.90,1.6,-0.4,0.0,17.1,100,7901,85.77,17.1
12/5/2023 6:30,15,15,468,23.5,0.000,0,0,88,7.07,13.16,17.4,0.963,85.91,2.0,-0.7,0.0,17.2,100,7899,85.79,17.1
12/5/2023 6:45,15,15,467,38.0,0.000,0,0,91,6.90,14.45,17.4,0.962,85.95,1.9,0.1,0.0,17.3,100,7898,85.82,17.1
12/5/2023 7:00,15,15,465,171.9,0.000,0,0,92,6.98,13.77,17.8,0.968,85.94,2.0,-1.0,0.0,18.4,100,7909,85.83,17.5
12/5/2023 7:15,15,15,463,242.9,0.000,0,0,88,6.69,13.01,18.1,0.976,85.95,2.1,-0.4,0.0,20.0,100,7920,85.86,18.4
12/5/2023 7:30,15,15,463,298.7,0.000,0,0,88,7.27,14.05,18.2,0.984,85.95,2.1,0.1,0.0,20.6,100,7934,85.87,19.1
12/5/2023 7:45,15,15,462,357.3,0.000,0,0,84,7.75,16.10,18.3,0.982,85.96,2.3,-0.1,0.0,21.0,100,7939,85.87,19.6
12/5/2023 8:00,15,15,462,414.8,0.000,0,0,82,8.08,15.83,18.4,0.971,85.96,1.7,-0.4,0.0,21.3,100,7950,85.88,20.0
12/5/2023 8:15,15,15,462,393.8,0.000,0,0,91,8.40,13.85,18.3,0.977,86.01,2.0,0.5,0.0,21.0,100,7958,85.90,20.1
12/5/2023 8:30,15,15,461,465.7,0.000,0,0,92,7.57,17.90,18.6,0.968,86.01,2.0,-0.7,0.0,21.1,100,7967,85.92,20.3
12/5/2023 8:45,15,15,461,576.9,0.000,0,0,101,7.30,15.90,18.8,0.973,86.02,1.4,-0.4,0.0,21.7,100,7973,85.93,20.7
12/5/2023 9:00,15,10,460,610.3,0.000,0,0,88,6.55,11.77,19.1,0.961,86.03,2.5,-0.6,0.0,22.1,100,7982,85.93,21.1
12/5/2023 9:15,15,0,459,663.2,0.000,0,0,91,7.48,14.16,19.3,0.947,86.02,1.8,-0.3,0.0,22.4,100,7991,85.93,21.4
12/5/2023 9:30,15,0,458,700.7,0.000,0,0,93,8.01,15.25,19.5,0.931,86.01,1.5,0.0,0.0,22.4,100,7996,85.92,21.6
12/5/2023 9:45,15,0,457,735.5,0.000,0,0,96,7.39,14.95,19.8,0.912,86.02,2.5,-0.3,0.0,22.5,100,8001,85.92,21.7
12/5/2023 10:00,15,0,457,740.7,0.000,0,0,85,5.42,12.21,20.4,0.914,86.03,2.0,-0.3,0.0,23.2,100,8006,85.92,22.4
12/5/2023 10:15,15,0,456,743.5,0.000,0,0,91,5.66,10.60,20.2,0.922,86.02,2.3,0.2,0.0,23.2,100,8009,85.92,22.5
12/5/2023 10:30,15,0,456,784.8,0.000,0,0,91,5.73,11.73,20.2,0.927,86.02,1.9,0.1,0.0,23.2,100,8014,85.92,22.8
12/5/2023 10:45,15,0,456,675.7,0.000,0,0,77,5.79,10.54,19.8,0.940,86.03,2.1,-0.2,0.0,22.6,100,8011,85.91,22.7
12/5/2023 11:00,15,2,460,753.9,0.000,0,0,82,6.67,13.57,20.2,0.916,85.99,2.1,-0.3,0.0,22.7,100,8013,85.88,22.7
12/5/2023 11:15,15,0,456,838.3,0.000,0,0,82,6.57,11.78,20.2,0.909,85.97,2.2,-0.5,0.0,22.6,100,8010,85.85,22.6
12/5/2023 11:30,15,0,456,795.0,0.000,0,0,79,7.15,15.98,20.2,0.895,85.94,2.1,-0.5,0.0,22.5,100,8010,85.82,22.5
12/5/2023 11:45,15,0,455,822.2,0.000,0,0,78,6.04,14.39,20.8,0.882,85.93,1.6,-0.1,0.0,22.8,100,8010,85.81,22.7
12/5/2023 12:00,15,0,455,756.4,0.000,0,0,73,6.42,12.16,20.5,0.895,85.90,2.0,0.0,0.0,22.7,100,8007,85.78,22.8
12/5/2023 12:15,15,0,453,861.5,0.000,0,0,80,8.09,17.02,20.5,0.874,85.88,2.2,0.0,0.0,22.6,100,8005,85.76,22.7
12/5/2023 12:30,15,0,452,493.3,0.000,0,0,79,7.06,14.41,20.3,0.861,85.88,2.0,0.0,0.0,22.2,100,8003,85.75,22.4
12/5/2023 12:45,15,0,452,610.2,0.000,0,0,80,6.90,15.92,20.3,0.867,85.86,2.3,0.0,0.0,21.6,100,8001,85.73,22.0
12/5/2023 13:00,15,0,451,664.4,0.000,0,0,75,6.30,11.81,20.5,0.883,85.83,2.1,0.0,0.0,22.0,100,8000,85.70,22.2
12/5/2023 13:15,15,0,453,511.3,0.000,0,0,81,7.14,13.33,20.1,0.919,85.81,1.8,-0.1,0.0,21.9,100,8002,85.68,22.2
12/5/2023 13:30,15,0,453,595.7,0.000,0,0,77,7.63,14.69,20.0,0.935,85.78,2.4,0.0,0.0,21.6,100,7999,85.66,22.1
12/5/2023 13:45,15,0,452,688.0,0.000,0,0,76,7.01,12.19,20.4,0.909,85.79,2.3,-0.4,0.0,21.9,100,7996,85.66,22.5
12/5/2023 14:00,15,0,453,579.3,0.000,0,0,81,8.38,18.60,20.2,0.922,85.77,1.8,0.0,0.0,22.0,100,7997,85.64,22.6
12/5/2023 14:15,15,0,457,588.2,0.000,0,0,81,7.02,12.32,20.1,0.930,85.77,1.9,0.2,0.0,21.9,100,7998,85.64,22.7
12/5/2023 14:30,15,2,456,459.1,0.000,0,0,78,7.51,17.77,19.8,0.959,85.75,1.7,-0.2,0.0,21.6,100,7996,85.63,22.6
12/5/2023 14:45,15,0,455,484.5,0.000,0,0,80,7.83,14.40,19.6,0.956,85.74,2.5,0.0,0.0,21.2,100,7996,85.61,22.4
12/5/2023 15:00,15,0,455,435.5,0.000,0,0,77,8.41,15.91,19.6,0.951,85.74,2.2,-0.2,0.0,21.2,100,7995,85.61,22.4
12/5/2023 15:15,15,0,454,402.3,0.000,0,0,78,6.95,14.01,19.6,0.949,85.75,1.8,-0.6,0.0,21.1,100,7993,85.62,22.4
12/5/2023 15:30,15,0,454,351.2,0.000,0,0,74,6.97,13.58,19.4,0.941,85.76,2.0,-0.1,0.0,21.0,100,7992,85.63,22.4
12/5/2023 15:45,15,2,500,311.3,0.000,0,0,70,6.24,12.26,19.3,0.955,85.77,1.9,0.1,0.0,20.9,100,7991,85.64,22.3
12/5/2023 16:00,15,15,626,213.0,0.000,0,0,77,6.87,11.50,18.8,0.998,85.77,1.9,-0.4,0.0,20.3,100,7991,85.64,21.3
12/5/2023 16:15,15,15,497,202.9,0.000,0,0,76,7.16,12.49,18.6,1.000,85.78,1.6,-0.3,0.0,19.6,100,7990,85.65,20.6
12/5/2023 16:30,15,15,643,147.4,0.051,0,0,74,6.65,12.15,18.4,1.001,85.79,2.1,-0.2,3.1,19.3,100,7988,85.65,20.0
12/5/2023 16:45,15,15,556,53.9,0.085,0,0,73,8.09,17.12,18.1,1.001,85.77,2.0,0.6,2.0,18.6,100,7988,85.64,19.4
12/5/2023 17:00,15,15,571,23.2,0.000,0,0,71,7.60,14.04,18.1,1.000,85.79,1.7,-0.1,0.0,18.3,100,7984,85.65,19.0
12/5/2023 17:15,15,15,555,6.4,0.017,0,0,71,8.00,14.69,17.9,1.000,85.79,2.5,-1.0,1.0,18.0,100,7986,85.65,18.6
12/5/2023 17:30,15,15,534,1.0,0.000,0,0,73,8.04,15.27,17.6,1.002,85.80,1.5,-0.2,0.0,17.8,100,7985,85.67,18.3
12/5/2023 17:45,15,15,509,0.0,0.000,0,0,76,8.02,15.39,17.4,1.000,85.82,1.9,0.7,0.0,17.6,100,7980,85.70,18.0
12/5/2023 18:00,15,15,493,0.0,0.000,0,0,73,7.34,13.32,17.7,0.999,85.84,1.9,0.1,0.0,17.5,100,7979,85.70,17.8
12/5/2023 18:15,15,15,474,0.0,0.000,0,0,74,7.36,13.79,17.7,0.991,85.85,2.0,-0.5,0.0,17.4,100,7982,85.72,17.6
12/5/2023 18:30,15,15,511,0.0,0.000,0,0,78,7.89,12.91,17.6,0.991,85.87,1.6,-0.3,0.0,17.3,100,7979,85.74,17.5
12/5/2023 18:45,15,15,509,0.0,0.000,0,0,78,7.44,14.51,17.6,0.987,85.90,1.5,-0.2,0.0,17.3,100,7976,85.76,17.4
12/5/2023 19:00,15,15,504,0.0,0.000,0,0,78,7.84,13.76,17.6,0.992,85.92,2.5,-0.5,0.0,17.3,100,7976,85.78,17.4
12/5/2023 19:15,15,15,492,0.0,0.000,0,0,82,6.85,12.98,17.6,0.993,85.93,2.2,-0.3,0.0,17.3,100,7974,85.79,17.3
12/5/2023 19:30,15,15,488,0.0,0.000,0,0,81,7.24,13.59,17.6,0.989,85.93,1.8,-0.7,0.0,17.3,100,7975,85.80,17.2
12/5/2023 19:45,15,15,523,0.0,0.000,0,0,83,6.74,14.42,17.6,0.976,85.94,2.1,0.5,0.0,17.2,100,7973,85.81,17.2
12/5/2023 20:00,15,15,482,0.0,0.000,0,0,91,8.12,15.35,17.7,0.973,85.95,2.1,0.1,0.0,17.3,100,7972,85.82,17.2
12/5/2023 20:15,15,15,468,0.0,0.000,0,0,96,8.18,15.17,17.7,0.972,85.96,2.0,-0.2,0.0,17.4,100,7969,85.84,17.2
12/5/2023 20:30,15,15,480,0.0,0.000,0,0,94,7.10,13.89,17.7,0.969,85.99,2.1,0.2,0.0,17.3,100,7972,85.86,17.2
12/5/2023 20:45,15,15,589,0.0,0.000,0,0,101,7.72,13.85,17.7,0.963,85.99,1.9,-0.2,0.0,17.3,100,7968,85.86,17.2
12/5/2023 21:00,15,15,600,0.0,0.000,0,0,89,6.97,13.44,17.7,0.972,86.00,2.2,-0.1,0.0,17.3,100,7969,85.86,17.2
12/5/2023 21:15,15,15,530,0.0,0.000,0,0,98,8.14,14.83,17.5,0.983,86.00,2.2,-0.5,0.0,17.2,100,7966,85.86,17.2
12/5/2023 21:30,15,15,586,0.0,0.000,0,0,86,7.39,12.71,17.6,0.975,86.00,2.2,-0.1,0.0,17.1,100,7966,85.86,17.1
12/5/2023 21:45,15,15,677,0.0,0.272,0,0,73,6.64,13.24,17.1,0.999,85.99,2.0,0.3,5.1,17.0,100,7966,85.86,17.1
12/5/2023 22:00,15,15,586,0.0,0.017,0,0,79,6.59,12.73,17.1,0.996,85.99,2.4,-0.9,1.0,16.9,100,7965,85.86,17.1
12/5/2023 22:15,15,15,557,0.0,0.000,0,0,82,7.41,13.93,17.2,0.985,85.96,2.6,0.1,0.0,16.9,100,7962,85.83,17.0
12/5/2023 22:30,15,15,582,0.0,0.000,0,0,75,6.75,13.11,17.1,0.990,85.98,1.7,-0.1,0.0,16.8,100,7965,85.84,16.9
12/5/2023 22:45,15,15,525,0.0,0.017,0,0,88,6.52,14.42,17.3,0.974,85.96,1.7,-0.2,1.0,16.8,100,7965,85.84,16.8
12/5/2023 23:00,15,15,639,0.0,0.000,0,0,81,7.13,14.65,17.4,0.971,85.95,2.5,0.5,0.0,16.8,100,7961,85.82,16.9
12/5/2023 23:15,15,15,609,0.0,0.000,0,0,74,6.74,11.94,17.1,0.993,85.95,2.0,-0.1,0.0,16.8,100,7962,85.81,17.0
12/5/2023 23:30,15,15,687,0.0,0.068,0,0,70,5.97,9.82,17.0,0.996,85.94,1.7,0.3,2.0,16.8,100,7960,85.82,17.0
12/5/2023 23:45,15,15,652,0.0,0.068,0,0,70,5.03,9.00,17.1,0.999,85.95,2.0,-0.3,1.0,17.0,100,7959,85.82,17.2
12/6/2023 0:00,15,15,677,0.0,0.136,0,0,65,4.78,10.04,17.3,0.997,85.94,2.0,-0.4,2.0,17.1,100,7960,85.81,17.3
12/6/2023 0:15,15,15,652,0.0,0.936,0,0,64,4.86,9.82,17.4,1.000,85.95,2.2,-0.3,6.1,17.3,100,7944,85.82,17.7
12/6/2023 0:30,15,15,565,0.0,0.477,0,0,67,5.18,11.19,17.2,0.977,85.94,2.0,-0.3,4.1,17.2,100,7947,85.81,17.6
12/6/2023 0:45,15,15,550,0.0,0.272,0,0,75,5.76,12.01,17.1,1.001,85.92,2.0,-0.3,4.1,17.1,100,7947,85.79,17.4
12/6/2023 1:00,15,15,484,0.0,0.000,0,0,73,6.09,13.93,16.5,0.999,85.90,1.8,-0.2,0.0,16.8,100,7948,85.77,17.2
12/6/2023 1:15,15,15,466,0.0,0.017,0,0,72,6.44,14.71,16.5,0.998,85.88,1.5,-0.4,1.0,16.5,100,7947,85.74,16.9
12/6/2023 1:30,15,15,632,0.0,0.034,0,0,69,5.19,14.46,16.7,0.996,85.89,2.0,-0.4,1.0,16.5,100,7946,85.75,16.9
12/6/2023 1:45,15,15,560,0.0,0.068,0,0,71,4.93,13.86,16.8,0.999,85.87,1.9,-0.3,1.0,16.6,100,7948,85.74,17.0
12/6/2023 2:00,15,15,561,0.0,0.017,0,0,73,5.95,10.34,16.8,1.000,85.86,2.1,-0.1,1.0,16.7,100,7944,85.73,17.0
12/6/2023 2:15,15,15,557,0.0,0.000,0,0,77,5.95,11.87,17.0,0.998,85.84,2.0,-0.2,0.0,16.8,100,7944,85.71,17.1
12/6/2023 2:30,15,15,544,0.0,0.000,0,0,72,7.19,12.85,16.8,1.002,85.82,2.0,-0.1,0.0,16.9,100,7944,85.69,17.1
12/6/2023 2:45,15,15,513,0.0,0.000,0,0,75,6.65,11.59,16.6,1.001,85.82,2.0,-0.1,0.0,16.6,100,7943,85.68,17.0
12/6/2023 3:00,15,15,541,0.0,0.000,0,0,72,6.63,13.69,16.6,1.000,85.82,1.8,-0.1,0.0,16.6,100,7944,85.68,16.9
12/6/2023 3:15,15,15,550,0.0,0.017,0,0,75,6.81,13.78,16.5,0.999,85.81,2.1,-0.3,1.0,16.5,100,7943,85.67,16.8
12/6/2023 3:30,15,15,541,0.0,0.017,0,0,77,6.59,11.77,16.6,0.999,85.81,1.8,-0.1,1.0,16.5,100,7941,85.68,16.8
12/6/2023 3:45,15,15,588,0.0,0.034,0,0,70,6.77,12.24,16.8,0.998,85.82,1.7,0.2,2.0,16.6,100,7941,85.68,16.9
12/6/2023 4:00,15,15,633,0.0,0.017,0,0,65,6.01,12.28,16.9,0.999,85.84,2.0,-0.5,1.0,16.8,100,7942,85.71,17.0
12/6/2023 4:15,15,15,717,0.0,0.477,0,0,58,6.49,11.68,16.9,0.999,85.87,2.1,0.0,5.1,16.8,100,7942,85.74,17.1
12/6/2023 4:30,15,15,638,0.0,1.038,0,0,63,5.08,11.17,17.1,0.994,85.87,2.0,-0.5,12.2,16.9,100,7940,85.75,17.2
12/6/2023 4:45,15,15,511,0.0,0.136,0,0,76,6.20,12.94,16.5,0.999,85.88,1.8,0.0,2.0,16.7,100,7941,85.75,17.0
12/6/2023 5:00,15,15,504,0.0,0.000,0,0,72,5.99,15.20,16.5,1.000,85.88,2.1,-0.5,0.0,16.5,100,7941,85.74,16.9
12/6/2023 5:15,15,15,499,0.0,0.017,0,0,87,5.13,12.22,16.4,1.000,85.88,2.0,-0.3,1.0,16.5,100,7938,85.75,16.9
12/6/2023 5:30,15,15,483,0.0,0.000,0,0,76,5.10,10.56,16.4,1.000,85.89,1.7,0.1,0.0,16.4,100,7938,85.77,16.8
12/6/2023 5:45,15,15,583,0.7,0.000,0,0,74,5.56,12.37,16.6,0.999,85.91,1.8,0.1,0.0,16.4,100,7938,85.79,16.8
12/6/2023 6:00,15,15,668,2.8,0.221,0,0,73,4.97,10.96,16.7,0.998,85.92,2.1,-0.2,6.1,16.6,100,7937,85.79,16.9
12/6/2023 6:15,15,15,583,6.7,0.221,0,0,82,5.37,11.69,16.9,1.000,85.93,1.9,-0.7,3.1,16.7,100,7938,85.81,17.0
12/6/2023 6:30,15,15,520,17.1,0.000,0,0,87,5.69,12.67,16.6,1.001,85.94,1.6,-0.5,0.0,16.7,100,7934,85.82,17.0
12/6/2023 6:45,15,15,648,25.9,0.051,0,0,82,5.26,13.05,16.7,0.999,85.98,2.3,-0.4,2.0,16.7,100,7936,85.86,17.0
12/6/2023 7:00,15,15,530,37.6,0.119,0,0,75,5.75,13.26,17.0,1.000,86.00,2.0,-0.7,2.0,16.9,100,7934,85.88,17.1
12/6/2023 7:15,15,15,656,30.7,0.170,0,0,67,6.27,12.27,17.0,1.000,86.01,2.1,0.2,4.1,17.0,100,7934,85.88,17.2
12/6/2023 7:30,15,15,544,68.5,0.391,0,0,76,6.28,13.34,16.9,0.999,86.03,2.2,-0.4,6.1,17.0,100,7933,85.91,17.2
12/6/2023 7:45,15,15,607,99.9,0.034,0,0,71,5.17,10.64,16.8,1.000,86.05,2.0,-0.4,1.0,17.1,100,7933,85.93,17.3
12/6/2023 8:00,15,15,743,40.0,0.221,0,0,79,5.24,9.16,17.0,0.999,86.06,1.9,-0.2,4.1,17.0,100,7933,85.93,17.3
12/6/2023 8:15,15,15,707,79.4,1.089,0,0,79,4.87,10.01,17.2,0.999,86.06,1.9,-0.3,9.2,17.2,100,7934,85.94,17.4
12/6/2023 8:30,15,15,499,144.0,0.357,0,0,79,5.36,10.14,17.0,1.004,86.08,1.9,0.1,10.2,17.3,100,7935,85.96,17.6
12/6/2023 8:45,15,15,560,190.7,0.000,0,0,79,4.90,11.35,16.6,1.002,86.08,1.6,-0.1,0.0,17.4,100,7934,85.97,17.6
12/6/2023 9:00,15,15,481,147.9,0.187,0,0,69,5.60,11.42,16.7,1.000,86.08,1.7,-0.1,3.1,17.2,100,7935,85.96,17.6
12/6/2023 9:15,15,15,587,153.9,0.391,0,0,69,5.76,12.62,17.0,0.999,86.06,1.9,-0.2,8.2,17.3,100,7940,85.94,17.7
12/6/2023 9:30,15,11,455,257.9,0.136,0,0,72,6.40,14.78,16.9,1.000,86.05,1.7,-0.6,2.0,17.5,100,7943,85.93,17.8
12/6/2023 9:45,15,13,571,359.7,0.000,0,0,76,7.18,15.09,16.9,1.000,86.01,2.9,-0.9,0.0,17.8,100,7947,85.89,18.0
12/6/2023 10:00,15,15,586,315.0,0.000,0,0,73,6.55,12.75,17.0,0.999,86.00,1.7,-0.3,0.0,18.0,100,7951,85.89,18.3
12/6/2023 10:15,15,15,543,243.1,0.000,0,0,71,6.52,11.59,17.1,0.999,86.01,1.4,-0.8,0.0,17.7,100,7953,85.88,18.2
12/6/2023 10:30,15,15,489,460.1,0.000,0,0,67,5.57,11.32,17.1,0.996,85.99,2.0,-0.2,0.0,18.2,100,7959,85.87,18.5
12/6/2023 10:45,15,15,527,244.5,0.000,0,0,46,5.69,10.60,17.2,1.004,85.97,2.1,0.0,0.0,18.3,100,7958,85.85,18.7
12/6/2023 11:00,15,15,484,328.5,0.000,0,0,48,6.21,12.81,17.1,0.999,85.95,2.2,0.3,0.0,18.2,100,7961,85.83,18.7
12/6/2023 11:15,15,15,497,357.1,0.000,0,0,65,6.60,12.06,17.3,0.999,85.92,1.5,-0.1,0.0,18.2,100,7969,85.79,18.7
12/6/2023 11:30,15,15,594,210.5,0.528,0,0,66,6.67,12.55,17.2,1.000,85.89,2.2,-0.9,9.2,18.2,100,7964,85.77,18.8
12/6/2023 11:45,15,15,501,237.1,1.038,0,0,71,6.72,13.49,17.1,1.001,85.88,1.6,0.4,15.3,17.7,100,7969,85.76,18.3
12/6/2023 12:00,15,15,548,552.4,0.034,0,0,78,7.04,15.02,16.8,1.003,85.86,2.4,-0.1,1.0,18.0,100,7975,85.75,18.5
12/6/2023 12:15,15,15,620,274.8,0.204,0,0,73,6.31,12.92,16.6,1.001,85.87,1.2,0.4,2.0,17.6,100,7973,85.74,18.3
12/6/2023 12:30,15,15,553,291.8,0.017,0,0,66,6.45,15.91,16.6,1.004,85.83,1.6,0.4,1.0,17.4,100,7976,85.71,18.0
12/6/2023 12:45,15,12,457,432.4,0.000,0,0,71,6.11,11.62,16.7,0.999,85.81,2.2,-0.2,0.0,17.6,100,7984,85.70,18.2
12/6/2023 13:00,15,0,453,269.5,0.000,0,0,72,6.07,13.10,16.7,1.002,85.80,1.7,0.1,0.0,17.8,100,7982,85.68,18.4
12/6/2023 13:15,15,10,470,225.9,0.000,0,0,68,5.29,10.99,16.9,0.996,85.80,1.9,-0.3,0.0,17.7,100,7982,85.67,18.3
12/6/2023 13:30,15,15,481,146.3,0.000,0,0,70,5.97,11.00,17.0,0.999,85.78,1.6,-0.1,0.0,17.6,100,7982,85.65,18.2
12/6/2023 13:45,15,15,627,142.9,0.170,0,0,71,6.10,11.30,17.2,1.000,85.76,1.8,-0.3,3.1,17.6,100,7982,85.63,18.1
12/6/2023 14:00,15,15,532,165.7,0.221,0,0,73,5.74,12.99,17.3,1.000,85.75,1.9,-0.5,2.0,17.6,100,7980,85.63,18.0
12/6/2023 14:15,15,15,624,168.1,0.068,0,0,72,5.56,12.95,17.0,1.000,85.76,1.8,-0.4,2.0,17.6,100,7980,85.64,18.1
12/6/2023 14:30,15,15,641,152.5,0.238,0,0,74,5.34,10.77,17.2,0.999,85.77,1.9,-0.2,3.1,17.5,100,7980,85.65,18.0
12/6/2023 14:45,15,15,672,124.3,0.477,0,0,68,5.35,11.20,17.3,1.001,85.77,1.7,-0.1,4.1,17.6,100,7981,85.65,18.0
12/6/2023 15:00,15,15,526,167.2,0.323,0,0,72,6.24,16.83,17.0,1.000,85.77,1.8,0.0,3.1,17.5,100,7982,85.64,17.9
12/6/2023 15:15,15,15,569,122.4,0.000,0,0,79,6.64,12.76,16.6,1.001,85.76,2.7,0.0,0.0,17.2,100,7979,85.64,17.7
12/6/2023 15:30,15,15,518,116.3,0.017,0,0,72,7.31,16.57,16.5,1.000,85.76,1.7,0.2,1.0,16.9,100,7978,85.63,17.5
12/6/2023 15:45,15,15,501,54.7,0.000,0,0,82,7.76,17.53,16.5,1.000,85.76,1.9,0.1,0.0,16.7,100,7977,85.62,17.3
12/6/2023 16:00,15,15,528,37.9,0.000,0,0,75,6.76,18.03,16.7,0.999,85.77,2.2,-0.4,0.0,16.7,100,7974,85.64,17.2
12/6/2023 16:15,15,15,497,62.8,0.000,0,0,75,6.72,13.03,16.8,1.000,85.78,1.9,-0.4,0.0,16.8,100,7976,85.65,17.3
12/6/2023 16:30,15,15,488,43.5,0.000,0,0,79,7.28,15.18,16.9,1.000,85.81,1.9,-0.2,0.0,17.0,100,7973,85.67,17.3
12/6/2023 16:45,15,15,538,35.6,0.000,0,0,76,6.88,13.74,16.8,0.999,85.82,2.0,-0.5,0.0,16.9,100,7974,85.70,17.3
12/6/2023 17:00,15,15,468,12.5,0.017,0,0,76,6.76,14.67,16.8,1.001,85.84,1.5,-0.5,1.0,16.8,100,7972,85.71,17.2
12/6/2023 17:15,15,15,569,1.9,0.221,0,0,68,6.04,13.79,16.9,0.998,85.83,2.1,-0.3,5.1,16.8,100,7970,85.70,17.2
12/6/2023 17:30,15,15,503,0.2,0.187,0,0,89,7.05,14.61,17.0,0.999,85.84,2.6,-0.3,5.1,16.9,100,7972,85.73,17.2
12/6/2023 17:45,15,15,571,0.0,0.017,0,0,82,5.28,13.60,16.6,1.000,85.91,2.0,-0.3,1.0,16.7,100,7972,85.79,17.1
12/6/2023 18:00,15,15,573,0.0,0.051,0,0,78,4.24,13.99,16.6,1.001,85.93,2.2,-0.4,1.0,16.5,100,7969,85.81,17.0
12/6/2023 18:15,15,15,503,0.0,0.017,0,0,83,5.31,16.03,16.5,1.000,85.94,2.3,0.0,1.0,16.5,100,7967,85.82,16.9
12/6/2023 18:30,15,15,581,0.0,0.017,0,0,75,5.52,12.67,16.3,1.001,85.96,2.0,-0.2,1.0,16.4,100,7966,85.84,16.8
12/6/2023 18:45,15,12,464,0.0,0.136,0,0,78,6.13,12.16,16.2,1.000,85.98,1.7,0.0,3.1,16.3,100,7968,85.86,16.7
12/6/2023 19:00,15,15,538,0.0,0.000,0,0,74,5.70,11.04,16.4,0.999,86.00,2.3,-0.2,0.0,16.3,100,7963,85.88,16.7
12/6/2023 19:15,15,15,479,0.0,0.000,0,0,87,5.87,13.73,16.8,0.984,86.00,1.8,0.2,0.0,16.4,100,7962,85.88,16.7
12/6/2023 19:30,15,13,459,0.0,0.000,0,0,76,6.10,13.79,17.0,0.981,86.00,1.4,-0.2,0.0,16.5,100,7961,85.89,16.8
12/6/2023 19:45,15,0,456,0.0,0.000,0,0,79,5.15,12.84,17.1,0.981,86.05,2.0,-0.4,0.0,16.6,100,7961,85.91,16.8
12/6/2023 20:00,15,1,465,0.0,0.000,0,0,73,5.52,10.33,17.1,0.984,86.06,2.1,-1.0,0.0,16.7,100,7963,85.94,16.8
12/6/2023 20:15,15,15,554,0.0,0.000,0,0,71,5.37,12.60,17.1,0.988,86.09,1.8,-0.2,0.0,16.7,100,7961,85.97,16.9
12/6/2023 20:30,15,15,574,0.0,0.102,0,0,64,5.35,11.76,16.9,0.992,86.11,1.6,-0.1,2.0,16.6,100,7962,85.98,16.9
12/6/2023 20:45,15,15,526,0.0,0.051,0,0,62,5.31,11.18,16.8,0.993,86.12,2.0,-0.3,1.0,16.6,100,7959,85.99,16.8
12/6/2023 21:00,15,15,493,0.0,0.034,0,0,90,5.03,12.62,16.9,0.985,86.13,2.2,-0.8,1.0,16.5,100,7957,86.00,16.7
12/6/2023 21:15,15,15,586,0.0,0.034,0,0,84,4.22,12.08,17.0,0.979,86.13,1.7,-0.1,1.0,16.5,100,7956,86.01,16.7
12/6/2023 21:30,15,15,534,0.0,0.102,0,0,88,4.18,10.31,16.9,0.981,86.13,1.9,-0.2,2.0,16.5,100,7957,86.01,16.7
12/6/2023 21:45,15,15,584,0.0,0.187,0,0,76,4.59,13.16,17.0,0.981,86.11,2.0,-0.2,4.1,16.5,100,7957,85.99,16.8
12/6/2023 22:00,15,15,477,0.0,0.238,0,0,78,4.87,11.96,16.8,0.985,86.12,1.9,-0.1,8.2,16.4,100,7953,85.99,16.8
12/6/2023 22:15,15,15,613,0.0,0.340,0,0,80,4.83,10.53,16.8,0.983,86.11,2.0,-0.3,7.1,16.4,100,7953,85.98,16.8
12/6/2023 22:30,15,15,564,0.0,0.528,0,0,92,4.56,13.28,16.6,0.991,86.11,1.8,-0.5,8.2,16.3,100,7953,85.99,16.8
12/6/2023 22:45,15,15,552,0.0,0.187,0,0,87,5.41,13.58,16.7,0.982,86.12,1.9,-0.3,3.1,16.2,100,7952,86.00,16.7
12/6/2023 23:00,15,15,492,0.0,0.136,0,0,77,4.97,12.58,16.7,0.977,86.11,2.0,-0.4,6.1,16.2,100,7954,85.98,16.7
12/6/2023 23:15,15,15,536,0.0,0.085,0,0,84,5.52,12.27,16.8,0.967,86.10,2.0,-0.4,2.0,16.1,100,7952,85.97,16.6
12/6/2023 23:30,15,15,476,0.0,0.000,0,0,86,4.93,10.21,16.8,0.967,86.08,2.2,-0.3,0.0,16.1,100,7953,85.95,16.5
12/6/2023 23:45,15,15,465,0.0,0.000,0,0,77,4.04,9.79,16.6,0.979,86.07,2.0,-0.3,0.0,16.1,100,7951,85.95,16.3
12/7/2023 0:00,15,9,457,0.0,0.000,0,0,85,4.76,11.08,16.6,0.979,86.05,1.9,-0.1,0.0,16.1,100,7949,85.92,16.3
12/7/2023 0:15,15,0,454,0.0,0.000,0,0,85,5.92,12.05,16.6,0.985,86.04,1.9,-0.4,0.0,16.2,100,7937,85.92,16.6
12/7/2023 0:30,15,0,453,0.0,0.000,0,0,86,5.31,12.45,16.5,0.966,86.02,1.6,0.1,0.0,16.1,100,7938,85.89,16.5
12/7/2023 0:45,15,0,453,0.0,0.000,0,0,83,5.38,10.71,16.4,0.988,86.00,1.5,-0.1,0.0,16.1,100,7935,85.87,16.3
12/7/2023 1:00,15,0,453,0.0,0.000,0,0,89,5.80,12.17,16.4,0.989,85.99,2.0,-0.1,0.0,16.1,100,7938,85.86,16.2
12/7/2023 1:15,15,0,453,0.0,0.000,0,0,82,7.01,14.73,16.5,0.985,85.97,1.9,-0.1,0.0,16.1,100,7938,85.85,16.1
12/7/2023 1:30,15,0,453,0.0,0.000,0,0,84,6.83,13.07,16.4,0.984,85.96,1.7,0.0,0.0,16.1,100,7936,85.83,16.0
12/7/2023 1:45,15,0,453,0.0,0.000,0,0,77,6.55,12.75,16.4,0.983,85.95,1.7,-0.3,0.0,16.1,100,7933,85.81,16.0
12/7/2023 2:00,15,0,452,0.0,0.000,0,0,86,6.31,14.17,16.3,0.975,85.94,1.6,-0.6,0.0,16.0,100,7934,85.81,15.9
12/7/2023 2:15,15,0,453,0.0,0.000,0,0,88,5.14,10.83,16.2,0.986,85.94,2.0,-0.5,0.0,15.9,100,7934,85.81,15.9
12/7/2023 2:30,15,0,453,0.0,0.000,0,0,73,6.20,12.34,16.2,0.987,85.93,2.0,0.2,0.0,15.9,100,7934,85.80,15.9
12/7/2023 2:45,15,0,453,0.0,0.000,0,0,82,5.13,10.11,16.3,0.985,85.92,1.9,-0.4,0.0,16.0,100,7933,85.79,15.9
12/7/2023 3:00,15,0,453,0.0,0.000,0,0,62,5.48,10.22,16.2,0.995,85.92,1.8,-0.3,0.0,16.0,100,7931,85.79,16.1
12/7/2023 3:15,15,0,453,0.0,0.000,0,0,69,4.61,9.84,16.1,0.999,85.94,2.0,-0.3,0.0,16.0,100,7932,85.81,16.1
12/7/2023 3:30,15,0,454,0.0,0.000,0,0,74,4.99,10.41,16.1,0.999,85.94,2.0,-0.3,0.0,16.0,100,7934,85.81,16.1
12/7/2023 3:45,15,11,546,0.0,0.000,0,0,71,5.15,10.17,16.1,0.998,85.94,1.9,-0.2,0.0,16.0,100,7934,85.81,16.2
12/7/2023 4:00,15,15,516,0.0,0.000,0,0,63,4.79,10.14,16.1,0.997,85.95,1.7,-0.3,0.0,15.9,100,7931,85.82,16.2
12/7/2023 4:15,15,15,491,0.0,0.000,0,0,77,4.08,8.93,16.1,0.996,85.94,2.0,-0.2,0.0,15.9,100,7931,85.82,16.1
12/7/2023 4:30,15,15,474,0.0,0.000,0,0,69,4.02,8.64,16.0,0.999,85.94,1.9,-0.1,0.0,15.9,100,7930,85.81,16.0
12/7/2023 4:45,15,15,462,0.0,0.000,0,0,81,5.37,10.48,16.0,0.996,85.95,1.9,-0.2,0.0,15.8,100,7931,85.82,15.9
12/7/2023 5:00,15,11,459,0.0,0.000,0,0,91,5.34,12.47,15.9,0.996,85.94,2.0,-0.3,0.0,15.7,100,7929,85.81,15.8
12/7/2023 5:15,15,0,456,0.0,0.000,0,0,93,6.42,13.22,15.9,0.981,85.93,2.9,-1.3,0.0,15.6,100,7930,85.81,15.6
12/7/2023 5:30,15,0,456,0.0,0.000,0,0,90,6.85,14.69,15.9,0.966,85.94,2.4,-0.5,0.0,15.6,100,7929,85.80,15.5
12/7/2023 5:45,15,0,456,1.5,0.000,0,0,89,6.61,14.14,15.9,0.974,85.97,2.0,-0.8,0.0,15.6,100,7925,85.84,15.5
12/7/2023 6:00,15,0,457,7.7,0.000,0,0,89,6.30,12.46,15.9,0.977,85.99,1.7,0.0,0.0,15.6,100,7928,85.87,15.5
12/7/2023 6:15,15,0,457,15.7,0.000,0,0,80,5.06,10.34,15.8,0.992,86.01,1.7,-0.4,0.0,15.6,100,7927,85.88,15.5
12/7/2023 6:30,15,5,463,35.6,0.000,0,0,83,5.29,10.93,15.9,0.995,86.03,1.9,-0.2,0.0,15.7,100,7926,85.91,15.7
12/7/2023 6:45,15,13,457,128.5,0.000,0,0,79,4.98,10.57,16.1,0.998,86.03,2.0,-0.3,0.0,16.5,100,7931,85.91,16.0
12/7/2023 7:00,15,0,454,179.4,0.000,0,0,101,5.42,13.07,16.5,0.997,86.03,2.0,-0.3,0.0,17.9,100,7944,85.93,16.7
12/7/2023 7:15,15,0,454,253.9,0.000,0,0,89,6.24,11.88,16.8,0.995,86.04,2.5,-0.6,0.0,18.9,100,7950,85.95,17.4
12/7/2023 7:30,15,0,453,309.4,0.000,0,0,90,5.81,13.91,17.0,0.999,86.05,2.2,-0.2,0.0,19.6,100,7961,85.95,18.1
12/7/2023 7:45,15,0,453,315.2,0.000,0,0,85,6.08,12.03,17.1,0.992,86.07,2.0,-0.3,0.0,19.9,100,7967,85.97,18.6
12/7/2023 8:00,15,0,453,330.4,0.000,0,0,101,5.78,13.93,17.1,0.987,86.09,1.9,0.4,0.0,19.6,100,7977,85.99,18.8
12/7/2023 8:15,15,0,453,435.1,0.000,0,0,90,6.70,14.59,17.3,0.988,86.09,1.9,-0.3,0.0,20.1,100,7988,86.00,19.1
12/7/2023 8:30,15,0,452,508.8,0.000,0,0,93,7.23,16.40,17.6,0.981,86.09,2.2,-0.1,0.0,20.5,100,7998,85.99,19.4
12/7/2023 8:45,15,0,452,556.8,0.000,0,0,84,7.26,13.46,17.7,0.969,86.08,2.2,0.3,0.0,20.7,100,8005,85.99,19.7
12/7/2023 9:00,15,0,452,540.9,0.000,0,0,94,6.49,14.36,17.9,0.975,86.09,2.3,-0.3,0.0,20.9,100,8012,85.99,20.0
12/7/2023 9:15,15,0,452,505.0,0.000,0,0,91,6.67,14.25,17.8,0.976,86.10,2.0,-0.7,0.0,20.4,100,8018,85.99,20.0
12/7/2023 9:30,15,0,451,562.8,0.000,0,0,83,6.46,19.19,18.0,0.964,86.08,2.1,-0.3,0.0,20.7,100,8022,85.98,20.1
12/7/2023 9:45,15,0,451,767.9,0.000,0,0,90,6.11,13.44,18.4,0.965,86.05,1.9,-0.1,0.0,21.1,100,8029,85.95,20.5
12/7/2023 10:00,15,0,451,749.3,0.000,0,0,89,7.00,17.09,18.6,0.962,86.02,2.2,-0.2,0.0,21.5,100,8036,85.93,20.8
12/7/2023 10:15,15,0,450,711.4,0.000,0,0,93,6.86,13.93,18.4,0.963,86.04,1.9,-0.7,0.0,21.3,100,8039,85.93,20.8
12/7/2023 10:30,15,0,450,795.5,0.000,0,0,92,7.64,15.04,18.7,0.936,86.02,2.3,-0.3,0.0,21.4,100,8042,85.91,20.8
12/7/2023 10:45,14,0,450,791.3,0.000,0,0,98,7.49,13.79,18.8,0.919,86.03,1.9,-0.6,0.0,21.3,100,8042,85.92,20.8
12/7/2023 11:00,5,0,450,823.1,0.000,0,0,97,6.17,13.88,19.0,0.907,86.03,2.2,-0.3,0.0,21.5,100,8043,85.92,21.0
12/7/2023 11:15,1,0,449,825.3,0.000,0,0,90,5.88,11.08,19.4,0.894,86.00,2.0,-0.5,0.0,21.7,100,8044,85.90,21.2
12/7/2023 11:30,0,0,449,824.3,0.000,0,0,94,5.90,12.14,19.5,0.869,85.99,2.2,-0.4,0.0,21.8,100,8043,85.88,21.4
12/7/2023 11:45,0,0,449,820.3,0.000,0,0,92,5.94,11.13,19.7,0.855,85.97,1.9,-0.5,0.0,21.9,100,8041,85.86,21.5
12/7/2023 12:00,0,0,448,814.9,0.000,0,0,101,6.61,14.21,19.6,0.862,85.95,2.3,-0.3,0.0,21.9,100,8036,85.83,21.6
12/7/2023 12:15,0,0,448,807.1,0.000,0,0,98,6.37,11.96,19.7,0.864,85.92,2.3,-0.3,0.0,21.9,100,8035,85.80,21.6
12/7/2023 12:30,0,0,448,789.5,0.000,0,0,95,7.96,15.08,19.5,0.859,85.86,1.5,-0.4,0.0,21.6,100,8033,85.76,21.5
12/7/2023 12:45,0,0,447,773.3,0.000,0,0,76,6.53,14.06,19.6,0.858,85.85,2.6,-0.7,0.0,21.5,100,8030,85.72,21.5
12/7/2023 13:00,0,0,448,762.7,0.000,0,0,89,7.13,18.80,19.6,0.873,85.83,1.8,-0.4,0.0,21.6,100,8028,85.71,21.7
12/7/2023 13:15,0,0,448,705.3,0.000,0,0,77,5.36,12.10,19.7,0.896,85.84,2.0,-0.4,0.0,21.7,100,8032,85.71,22.0
12/7/2023 13:30,0,0,448,790.4,0.000,0,0,75,5.68,12.85,19.5,0.930,85.83,2.2,-0.5,0.0,22.0,100,8031,85.70,22.5
12/7/2023 13:45,0,0,448,533.5,0.000,0,0,70,6.14,11.96,19.0,0.956,85.82,2.1,-0.3,0.0,21.4,100,8029,85.69,22.2
12/7/2023 14:00,1,0,449,426.5,0.000,0,0,70,6.93,15.23,18.7,0.973,85.79,2.2,0.2,0.0,20.9,100,8030,85.67,21.8
12/7/2023 14:15,4,0,450,383.3,0.000,0,0,74,6.07,11.19,18.4,0.983,85.79,1.6,0.4,0.0,20.1,100,8027,85.66,21.2
12/7/2023 14:30,0,0,448,453.9,0.000,0,0,84,6.69,14.36,18.6,0.961,85.78,2.0,0.1,0.0,20.0,100,8029,85.65,21.2
12/7/2023 14:45,0,0,449,430.3,0.000,0,0,83,6.34,14.59,18.6,0.956,85.77,1.8,-0.2,0.0,20.2,100,8029,85.64,21.4
12/7/2023 15:00,2,0,450,277.6,0.000,0,0,69,7.12,14.45,18.2,0.979,85.76,1.9,0.5,0.0,19.8,100,8026,85.63,20.8
12/7/2023 15:15,2,0,448,370.8,0.000,0,0,76,5.62,12.14,18.3,0.968,85.75,2.1,0.1,0.0,19.6,100,8025,85.63,20.8
12/7/2023 15:30,0,0,449,328.9,0.000,0,0,78,6.63,15.12,18.3,0.968,85.77,2.0,-0.4,0.0,19.7,100,8025,85.64,21.1
12/7/2023 15:45,0,0,449,274.0,0.000,0,0,90,6.11,12.59,18.2,0.954,85.76,2.2,-0.1,0.0,19.6,100,8021,85.63,20.9
12/7/2023 16:00,0,0,449,230.3,0.000,0,0,90,7.21,15.15,18.2,0.951,85.75,2.0,-0.1,0.0,19.4,100,8019,85.62,20.7
12/7/2023 16:15,0,0,450,164.5,0.000,0,0,91,6.12,14.05,18.1,0.948,85.75,1.8,-0.7,0.0,19.2,100,8019,85.63,20.4
12/7/2023 16:30,11,0,450,82.5,0.000,0,0,85,6.88,15.35,18.0,0.952,85.78,1.6,0.1,0.0,18.7,100,8018,85.65,19.4
12/7/2023 16:45,15,0,451,48.8,0.000,0,0,81,6.57,12.75,17.8,0.955,85.79,1.8,0.1,0.0,18.2,100,8014,85.66,18.8
12/7/2023 17:00,15,0,451,26.9,0.000,0,0,79,6.01,13.60,17.7,0.954,85.81,2.1,-0.4,0.0,17.8,100,8016,85.67,18.3
12/7/2023 17:15,15,0,452,12.0,0.000,0,0,75,6.18,14.15,17.6,0.954,85.82,2.1,-0.1,0.0,17.6,100,8010,85.69,18.0
12/7/2023 17:30,15,0,452,2.5,0.000,0,0,71,6.15,13.50,17.4,0.967,85.83,1.8,0.0,0.0,17.4,100,8013,85.70,17.7
12/7/2023 17:45,15,0,452,0.0,0.000,0,0,73,6.24,13.16,17.3,0.976,85.84,2.1,0.0,0.0,17.3,100,8010,85.70,17.6
12/7/2023 18:00,15,0,453,0.0,0.000,0,0,76,6.65,14.25,17.3,0.977,85.84,2.1,-0.3,0.0,17.1,100,8008,85.71,17.4
12/7/2023 18:15,15,0,453,0.0,0.000,0,0,75,5.58,11.83,17.2,0.985,85.86,1.9,0.0,0.0,17.1,100,8007,85.72,17.3
12/7/2023 18:30,15,0,452,0.0,0.000,0,0,77,5.76,12.76,17.2,0.970,85.87,2.2,-0.4,0.0,17.0,100,8004,85.74,17.1
12/7/2023 18:45,15,0,452,0.0,0.000,0,0,85,6.67,13.10,17.2,0.940,85.87,2.2,-0.6,0.0,17.0,100,8006,85.74,16.9
12/7/2023 19:00,15,0,452,0.0,0.000,0,0,81,6.56,14.08,17.1,0.950,85.86,2.1,-0.3,0.0,16.9,100,8002,85.74,16.8
12/7/2023 19:15,15,0,452,0.0,0.000,0,0,86,7.05,14.22,17.1,0.951,85.87,1.4,-0.3,0.0,16.8,100,8003,85.74,16.7
12/7/2023 19:30,15,0,452,0.0,0.000,0,0,90,7.23,15.21,17.1,0.938,85.88,2.0,-0.5,0.0,16.8,100,8001,85.75,16.7
12/7/2023 19:45,15,0,452,0.0,0.000,0,0,88,7.50,14.52,17.1,0.916,85.89,1.9,0.0,0.0,16.8,100,8000,85.76,16.6
12/7/2023 20:00,15,0,451,0.0,0.000,0,0,89,7.38,17.28,16.9,0.898,85.91,2.3,-0.6,0.0,16.7,100,8001,85.76,16.5
12/7/2023 20:15,15,0,451,0.0,0.000,0,0,89,6.89,13.19,16.7,0.898,85.92,1.9,-0.8,0.0,16.6,100,7998,85.79,16.3
12/7/2023 20:30,15,0,451,0.0,0.000,0,0,94,6.59,11.77,16.6,0.904,85.94,1.7,-0.4,0.0,16.3,100,7998,85.80,16.1
12/7/2023 20:45,15,0,452,0.0,0.000,0,0,93,6.54,13.97,16.6,0.909,85.93,1.8,-0.1,0.0,16.3,100,7998,85.80,16.0
12/7/2023 21:00,15,0,451,0.0,0.000,0,0,91,6.85,14.84,16.7,0.910,85.92,2.0,-0.5,0.0,16.3,100,7994,85.79,16.0
12/7/2023 21:15,15,0,452,0.0,0.000,0,0,84,7.10,11.93,16.6,0.923,85.92,1.6,-0.3,0.0,16.3,100,7995,85.78,16.0
12/7/2023 21:30,15,0,452,0.0,0.000,0,0,88,7.13,14.15,16.6,0.927,85.92,1.8,-0.4,0.0,16.2,100,7995,85.79,16.0
12/7/2023 21:45,15,0,452,0.0,0.000,0,0,94,7.16,15.55,16.4,0.941,85.92,2.0,-0.1,0.0,16.2,100,7995,85.78,15.9
12/7/2023 22:00,15,0,452,0.0,0.000,0,0,97,6.78,14.55,16.5,0.935,85.92,1.8,-0.3,0.0,16.2,100,7989,85.79,15.9
12/7/2023 22:15,15,0,452,0.0,0.000,0,0,87,6.36,10.51,16.5,0.935,85.90,2.1,-0.3,0.0,16.1,100,7991,85.78,15.9
12/7/2023 22:30,15,0,452,0.0,0.000,0,0,92,5.95,11.44,16.5,0.924,85.89,1.9,-0.5,0.0,16.1,100,7989,85.75,15.8
12/7/2023 22:45,15,0,452,0.0,0.000,0,0,93,7.44,12.16,16.5,0.928,85.87,1.7,-0.2,0.0,16.2,100,7986,85.73,15.9
12/7/2023 23:00,15,0,452,0.0,0.000,0,0,86,7.07,13.71,16.5,0.923,85.86,2.0,-0.4,0.0,16.2,100,7988,85.73,15.8
12/7/2023 23:15,15,0,451,0.0,0.000,0,0,95,7.43,15.11,16.6,0.895,85.84,1.9,-0.7,0.0,16.2,100,7989,85.71,15.9
12/7/2023 23:30,15,0,451,0.0,0.000,0,0,94,6.68,14.54,16.6,0.884,85.84,2.1,-0.1,0.0,16.2,100,7988,85.71,15.9
12/7/2023 23:45,15,0,451,0.0,0.000,0,0,88,7.49,15.95,16.8,0.858,85.84,1.6,0.1,0.0,16.3,100,7985,85.70,15.9
12/8/2023 0:00,15,0,451,0.0,0.000,0,0,90,8.29,15.92,16.7,0.842,85.82,1.8,-0.2,0.0,16.4,100,7987,85.68,16.0
12/8/2023 0:15,15,0,450,0.0,0.000,0,0,88,7.79,15.70,16.6,0.838,85.81,1.7,-0.5,0.0,16.3,100,7971,85.68,16.2
12/8/2023 0:30,15,0,451,0.0,0.000,0,0,85,7.43,14.74,16.4,0.843,85.81,2.0,0.1,0.0,16.2,100,7977,85.67,16.1
12/8/2023 0:45,15,0,451,0.0,0.000,0,0,88,7.38,15.58,16.3,0.869,85.79,1.8,-0.3,0.0,16.1,100,7976,85.65,15.9
12/8/2023 1:00,15,0,451,0.0,0.000,0,0,87,7.68,13.59,16.2,0.875,85.78,2.1,-0.5,0.0,15.9,100,7974,85.64,15.8
12/8/2023 1:15,15,0,451,0.0,0.000,0,0,90,7.45,13.10,16.1,0.880,85.76,2.2,-0.1,0.0,15.8,100,7976,85.62,15.7
12/8/2023 1:30,15,0,451,0.0,0.000,0,0,94,7.84,13.64,16.0,0.875,85.75,1.9,-0.4,0.0,15.7,100,7974,85.61,15.6
12/8/2023 1:45,15,0,451,0.0,0.000,0,0,85,8.15,15.54,16.2,0.848,85.72,2.5,-0.4,0.0,15.8,100,7975,85.57,15.6
12/8/2023 2:00,15,0,451,0.0,0.000,0,0,91,8.59,16.54,16.2,0.860,85.70,2.0,-1.1,0.0,15.9,100,7976,85.57,15.7
12/8/2023 2:15,15,0,451,0.0,0.000,0,0,98,7.65,13.58,15.9,0.906,85.71,2.0,0.7,0.0,15.8,100,7972,85.57,15.6
12/8/2023 2:30,15,0,452,0.0,0.000,0,0,92,7.66,12.54,15.8,0.926,85.69,1.8,-0.3,0.0,15.7,100,7971,85.56,15.5
12/8/2023 2:45,15,0,452,0.0,0.000,0,0,92,8.19,15.63,15.8,0.943,85.69,1.8,-0.3,0.0,15.6,100,7970,85.55,15.5
12/8/2023 3:00,15,0,452,0.0,0.000,0,0,83,7.28,16.09,15.9,0.947,85.70,2.2,-0.2,0.0,15.6,100,7970,85.56,15.5
12/8/2023 3:15,15,0,452,0.0,0.000,0,0,93,6.27,14.14,16.0,0.939,85.71,1.8,0.0,0.0,15.6,100,7968,85.57,15.5
12/8/2023 3:30,15,0,452,0.0,0.000,0,0,89,6.86,16.24,16.3,0.935,85.71,2.2,-0.6,0.0,15.8,100,7969,85.58,15.7
12/8/2023 3:45,15,6,510,0.0,0.000,0,0,85,6.51,12.94,16.3,0.957,85.73,2.0,-0.2,0.0,16.1,100,7969,85.60,16.0
12/8/2023 4:00,15,15,664,0.0,0.000,0,0,91,6.17,12.60,16.1,0.989,85.74,2.0,-0.2,0.0,16.0,100,7969,85.61,16.2
12/8/2023 4:15,15,15,733,0.0,0.000,0,0,88,6.17,12.11,15.9,0.999,85.75,1.7,0.4,0.0,15.9,100,7970,85.61,16.2
12/8/2023 4:30,15,15,621,0.0,0.000,0,0,89,5.88,13.42,16.2,0.988,85.76,1.8,-0.5,0.0,15.9,100,7966,85.63,16.2
12/8/2023 4:45,15,15,608,0.0,0.000,0,0,86,5.89,12.51,16.4,0.986,85.77,1.8,-0.1,0.0,16.0,100,7967,85.64,16.3
12/8/2023 5:00,15,15,560,0.0,0.000,0,0,90,6.82,13.66,16.5,0.984,85.78,2.1,0.3,0.0,16.1,100,7965,85.65,16.2
12/8/2023 5:15,15,15,693,0.0,0.000,0,0,86,7.29,14.57,15.7,1.000,85.79,2.0,0.0,0.0,15.9,100,7963,85.66,16.2
12/8/2023 5:30,15,15,635,0.0,0.017,0,0,86,6.66,14.24,15.8,1.000,85.80,1.9,-0.4,1.0,15.7,100,7965,85.66,16.1
12/8/2023 5:45,15,15,554,0.5,0.000,0,0,88,7.56,14.37,16.2,0.988,85.79,2.1,-0.7,0.0,15.9,100,7962,85.66,16.2
12/8/2023 6:00,15,15,519,5.1,0.000,0,0,88,6.96,14.82,16.4,0.983,85.80,1.7,-0.1,0.0,16.0,100,7962,85.66,16.2
12/8/2023 6:15,15,15,497,11.0,0.000,0,0,89,5.89,15.33,16.3,0.991,85.83,1.8,-0.2,0.0,16.0,100,7962,85.69,16.1
12/8/2023 6:30,15,15,474,20.1,0.000,0,0,94,6.78,14.75,16.4,0.984,85.84,1.5,-0.6,0.0,16.0,100,7965,85.72,16.1
12/8/2023 6:45,15,15,461,31.2,0.000,0,0,88,6.83,17.96,16.5,0.975,85.85,2.2,-0.8,0.0,16.2,100,7965,85.73,16.2
12/8/2023 7:00,15,2,455,47.5,0.000,0,0,94,6.03,14.84,16.6,0.976,85.89,2.0,-0.1,0.0,16.4,100,7962,85.76,16.3
12/8/2023 7:15,15,0,451,177.3,0.000,0,0,93,7.00,15.68,17.0,0.985,85.88,1.8,0.2,0.0,17.6,100,7971,85.77,16.7
12/8/2023 7:30,15,0,451,164.8,0.000,0,0,96,6.50,12.84,17.1,0.992,85.91,2.0,-0.1,0.0,18.4,100,7978,85.80,17.4
12/8/2023 7:45,15,0,451,149.3,0.000,0,0,93,7.75,13.62,17.1,0.983,85.93,1.9,-0.2,0.0,18.1,100,7977,85.81,17.7
12/8/2023 8:00,15,0,452,196.1,0.000,0,0,89,7.57,13.86,16.9,0.982,85.93,2.1,-0.1,0.0,17.7,100,7981,85.81,17.7
12/8/2023 8:15,15,0,451,303.7,0.000,0,0,101,7.18,15.21,16.9,0.996,85.94,2.2,-0.2,0.0,18.1,100,7985,85.83,18.0
12/8/2023 8:30,15,0,452,287.1,0.000,0,0,90,6.23,12.70,17.1,0.997,85.96,1.8,-0.8,0.0,18.2,100,7988,85.85,18.3
12/8/2023 8:45,15,0,451,277.1,0.000,0,0,84,6.68,11.71,17.4,0.999,85.97,1.8,-0.2,0.0,18.5,100,7991,85.84,18.5
12/8/2023 9:00,15,0,451,341.1,0.000,0,0,96,7.37,16.67,17.7,0.997,85.96,1.9,0.1,0.0,19.0,100,7999,85.86,18.8
12/8/2023 9:15,15,0,451,400.9,0.000,0,0,84,7.21,13.59,17.9,1.000,85.96,1.5,-0.4,0.0,19.5,100,8003,85.85,19.2
12/8/2023 9:30,15,0,451,362.4,0.000,0,0,95,6.96,16.93,18.0,0.995,85.97,2.3,0.3,0.0,19.4,100,8004,85.85,19.5
12/8/2023 9:45,15,0,450,569.6,0.000,0,0,92,6.25,13.01,18.5,0.987,85.95,1.7,-0.4,0.0,20.2,100,8014,85.85,20.0
12/8/2023 10:00,12,0,450,695.5,0.000,0,0,91,7.65,18.36,18.8,0.972,85.92,2.3,-0.5,0.0,21.0,100,8020,85.83,20.4
12/8/2023 10:15,12,0,450,467.7,0.000,0,0,87,7.31,15.67,18.5,0.987,85.93,2.0,-0.2,0.0,20.8,100,8023,85.82,20.7
12/8/2023 10:30,9,0,450,561.3,0.000,0,0,71,6.69,13.73,18.6,0.982,85.92,2.2,-0.3,0.0,20.6,100,8027,85.81,20.6
12/8/2023 10:45,7,0,450,543.1,0.000,0,0,76,6.93,14.51,18.5,0.987,85.91,2.2,-0.2,0.0,20.6,100,8032,85.80,20.8
12/8/2023 11:00,11,0,450,485.9,0.000,0,0,79,6.86,15.28,18.4,0.986,85.90,2.2,-0.4,0.0,20.3,100,8033,85.78,20.7
12/8/2023 11:15,14,0,451,331.2,0.000,0,0,78,6.36,9.87,18.0,0.996,85.89,2.4,-0.5,0.0,19.9,100,8055,85.77,20.4
