z6-15979,Port 3,Port 3,Port 7,Port 7,Port 8,Port 8
Records: 1352,ECRN-100,ECRN-100,Battery,Battery,Barometer,Barometer
Timestamp, mm Precipitation, mm/h Max Precip Rate,% Battery Percent, mV Battery Voltage, kPa Reference Pressure, °C Logger Temperature
6/7/2024 9:00,0,0,100,7859,86.12,20.1
6/7/2024 9:15,0,0,100,7859,86.11,20.1
6/7/2024 9:30,0,0,100,7856,86.1,20.1
6/7/2024 9:45,0,0,100,7856,86.1,20.1
6/7/2024 10:00,0,0,100,7859,86.1,20.1
6/7/2024 10:15,0,0,100,7855,86.1,20.1
6/7/2024 10:30,0,0,100,7855,86.09,20.1
6/7/2024 10:45,0,0,100,7855,86.09,20.1
6/7/2024 11:00,0,0,100,7855,86.09,20.1
6/7/2024 11:15,0,0,100,7855,86.08,20.1
6/7/2024 11:30,0,0,100,7856,86.08,20.2
6/7/2024 11:45,0,0,100,7855,86.08,20.2
6/7/2024 12:00,0,0,100,7855,86.07,20.2
6/7/2024 12:15,0,0,100,7857,86.06,20.2
6/7/2024 12:30,0,0,100,7855,86.04,20.2
6/7/2024 12:45,0,0,100,7854,86.03,20.1
6/7/2024 13:00,0,0,100,7855,86.02,20.1
6/7/2024 13:15,0,0,100,7855,86.01,20.2
6/7/2024 13:30,0,0,100,7855,86.01,20.2
6/7/2024 13:45,0,0,100,7852,85.99,20.1
6/7/2024 14:00,0,0,100,7854,85.97,20.1
6/7/2024 14:15,0,0,100,7853,85.95,20.1
6/7/2024 14:30,0,0,100,7855,85.95,20.2
6/7/2024 14:45,0,0,100,7855,85.92,20.2
6/7/2024 15:00,0,0,100,7856,85.92,20.1
6/7/2024 15:15,0,0,100,7854,85.95,19.9
6/7/2024 15:30,0,0,100,7852,85.94,19.4
6/7/2024 15:45,0,0,100,7852,85.94,19.2
6/7/2024 16:00,0,0,100,7851,85.93,19.1
6/7/2024 16:15,0,0,100,7850,85.94,19
6/7/2024 16:30,0,0,100,7849,85.91,19.1
6/7/2024 16:45,0,0,100,7854,85.94,19.1
6/7/2024 17:00,0,0,100,7851,85.95,19
6/7/2024 17:15,0,0,100,7851,85.96,18.9
6/7/2024 17:30,0,0,100,7849,85.97,18.9
6/7/2024 17:45,0,0,100,7852,85.97,18.8
6/7/2024 18:00,0,0,100,7849,85.99,18.7
6/7/2024 18:15,0,0,100,7848,86.02,18.6
6/7/2024 18:30,0,0,100,7850,86.04,18.5
6/7/2024 18:45,0,0,100,7850,86.05,18.3
6/7/2024 19:00,0,0,100,7849,86.04,18.2
6/7/2024 19:15,0,0,100,7849,86.04,18.2
6/7/2024 19:30,0,0,100,7848,86.06,18.2
6/7/2024 19:45,0,0,100,7852,86.09,18.3
6/7/2024 20:00,0,0,100,7850,86.1,18.4
6/7/2024 20:15,0,0,100,7847,86.12,18.5
6/7/2024 20:30,0,0,100,7850,86.14,18.5
6/7/2024 20:45,0,0,100,7851,86.15,18.6
6/7/2024 21:00,0,0,100,7849,86.16,18.6
6/7/2024 21:15,0,0,100,7847,86.16,18.7
6/7/2024 21:30,0,0,100,7849,86.16,18.7
6/7/2024 21:45,0,0,100,7848,86.14,18.7
6/7/2024 22:00,0,0,100,7849,86.13,18.7
6/7/2024 22:15,0,0,100,7850,86.11,18.7
6/7/2024 22:30,0,0,100,7850,86.1,18.7
6/7/2024 22:45,0,0,100,7847,86.11,18.7
6/7/2024 23:00,0,0,100,7849,86.13,18.7
6/7/2024 23:15,0,0,100,7846,86.14,18.7
6/7/2024 23:30,0,0,100,7846,86.13,18.7
6/7/2024 23:45,0,0,100,7847,86.14,18.6
6/8/2024 0:00,0,0,100,7846,86.13,18.7
6/8/2024 0:15,0,0,100,7830,86.12,18.8
6/8/2024 0:30,0,0,100,7836,86.11,18.8
6/8/2024 0:45,0,0,100,7836,86.12,18.7
6/8/2024 1:00,0,0,100,7839,86.11,18.7
6/8/2024 1:15,0,0,100,7836,86.11,18.7
6/8/2024 1:30,0,0,100,7838,86.09,18.7
6/8/2024 1:45,0,0,100,7835,86.08,18.7
6/8/2024 2:00,0,0,100,7837,86.07,18.7
6/8/2024 2:15,0,0,100,7836,86.05,18.7
6/8/2024 2:30,0,0,100,7839,86.05,18.6
6/8/2024 2:45,0,0,100,7838,86.06,18.6
6/8/2024 3:00,0,0,100,7837,86.05,18.5
6/8/2024 3:15,0,0,100,7838,86.05,18.5
6/8/2024 3:30,0,0,100,7834,86.04,18.4
6/8/2024 3:45,0,0,100,7839,86.06,18.4
6/8/2024 4:00,0,0,100,7841,86.06,18.4
6/8/2024 4:15,0,0,100,7837,86.06,18.4
6/8/2024 4:30,0,0,100,7837,86.07,18.4
6/8/2024 4:45,0,0,100,7839,86.08,18.4
6/8/2024 5:00,0,0,100,7837,86.1,18.4
6/8/2024 5:15,0,0,100,7838,86.1,18.4
6/8/2024 5:30,0,0,100,7836,86.1,18.4
6/8/2024 5:45,0,0,100,7836,86.1,18.4
6/8/2024 6:00,0,0,100,7836,86.1,18.4
6/8/2024 6:15,0,0,100,7836,86.12,18.4
6/8/2024 6:30,0,0,100,7835,86.14,18.4
6/8/2024 6:45,0,0,100,7833,86.15,18.4
6/8/2024 7:00,0,0,100,7836,86.16,18.4
6/8/2024 7:15,0,0,100,7836,86.18,18.5
6/8/2024 7:30,0,0,100,7839,86.19,18.6
6/8/2024 7:45,0,0,100,7836,86.2,18.8
6/8/2024 8:00,0,0,100,7837,86.21,19
6/8/2024 8:15,0,0,100,7836,86.22,19.2
6/8/2024 8:30,0,0,100,7839,86.23,19.4
6/8/2024 8:45,0,0,100,7837,86.24,19.7
6/8/2024 9:00,0,0,100,7836,86.24,20
6/8/2024 9:15,0,0,100,7836,86.24,20.2
6/8/2024 9:30,0,0,100,7836,86.23,20.4
6/8/2024 9:45,0,0,100,7835,86.24,20.4
6/8/2024 10:00,0,0,100,7836,86.24,20.4
6/8/2024 10:15,0,0,100,7838,86.24,20.4
6/8/2024 10:30,0,0,100,7836,86.23,20.4
6/8/2024 10:45,0,0,100,7836,86.22,20.4
6/8/2024 11:00,0,0,100,7836,86.23,20.4
6/8/2024 11:15,0,0,100,7838,86.22,20.3
6/8/2024 11:30,0,0,100,7837,86.21,20.4
6/8/2024 11:45,0,0,100,7836,86.21,20.7
6/8/2024 12:00,0,0,100,7839,86.21,20.9
6/8/2024 12:15,0,0,100,7836,86.21,21.3
6/8/2024 12:30,0,0,100,7837,86.2,21.3
6/8/2024 12:45,0,0,100,7837,86.18,21.3
6/8/2024 13:00,0,0,100,7838,86.16,21.2
6/8/2024 13:15,0,0,100,7836,86.16,21.1
6/8/2024 13:30,0,0,100,7838,86.15,20.8
6/8/2024 13:45,0,0,100,7838,86.12,20.5
6/8/2024 14:00,0,0,100,7837,86.09,20.4
6/8/2024 14:15,0,0,100,7834,86.08,20.6
6/8/2024 14:30,0,0,100,7840,86.08,20.5
6/8/2024 14:45,0,0,100,7838,86.07,20.5
6/8/2024 15:00,0,0,100,7837,86.07,20.5
6/8/2024 15:15,0,0,100,7838,86.06,20.5
6/8/2024 15:30,0,0,100,7835,86.05,20.3
6/8/2024 15:45,0,0,100,7836,86.04,20.2
6/8/2024 16:00,0,0,100,7837,86.03,19.9
6/8/2024 16:15,0,0,100,7836,86.02,19.7
6/8/2024 16:30,0,0,100,7837,86.05,19.5
6/8/2024 16:45,0,0,100,7836,86.09,19.4
6/8/2024 17:00,0,0,100,7835,86.1,19.3
6/8/2024 17:15,0,0,100,7836,86.1,19.3
6/8/2024 17:30,0,0,100,7838,86.13,19.4
6/8/2024 17:45,0,0,100,7834,86.13,19.3
6/8/2024 18:00,0,0,100,7835,86.14,19.1
6/8/2024 18:15,0,0,100,7835,86.14,19
6/8/2024 18:30,0,0,100,7837,86.15,19
6/8/2024 18:45,0,0,100,7836,86.16,18.9
6/8/2024 19:00,0,0,100,7836,86.17,18.9
6/8/2024 19:15,0,0,100,7836,86.22,18.7
6/8/2024 19:30,0,0,100,7835,86.24,18.5
6/8/2024 19:45,0,0,100,7836,86.26,18.5
6/8/2024 20:00,0,0,100,7834,86.3,18.6
6/8/2024 20:15,0,0,100,7833,86.3,18.6
6/8/2024 20:30,0,0,100,7836,86.27,18.6
6/8/2024 20:45,0,0,100,7836,86.24,18.8
6/8/2024 21:00,0,0,100,7834,86.22,18.9
6/8/2024 21:15,0,0,100,7833,86.2,18.9
6/8/2024 21:30,0,0,100,7836,86.19,18.9
6/8/2024 21:45,0,0,100,7836,86.21,18.8
6/8/2024 22:00,0,0,100,7832,86.2,18.7
6/8/2024 22:15,0,0,100,7837,86.22,18.6
6/8/2024 22:30,0,0,100,7834,86.21,18.6
6/8/2024 22:45,0,0,100,7832,86.19,18.5
6/8/2024 23:00,0,0,100,7833,86.18,18.5
6/8/2024 23:15,0,0,100,7833,86.18,18.5
6/8/2024 23:30,0,0,100,7832,86.15,18.5
6/8/2024 23:45,0,0,100,7833,86.14,18.5
6/9/2024 0:00,0,0,100,7833,86.11,18.4
6/9/2024 0:15,0,0,100,7828,86.08,18.5
6/9/2024 0:30,0,0,100,7829,86.06,18.4
6/9/2024 0:45,0,0,100,7828,86.05,18.2
6/9/2024 1:00,0,0,100,7828,86.04,18.1
6/9/2024 1:15,0,0,100,7827,86.03,18
6/9/2024 1:30,0,0,100,7827,86.03,17.9
6/9/2024 1:45,0,0,100,7827,86.02,17.8
6/9/2024 2:00,0,0,100,7826,86.02,17.7
6/9/2024 2:15,0,0,100,7827,86.01,17.6
6/9/2024 2:30,0,0,100,7829,86.02,17.5
6/9/2024 2:45,0,0,100,7827,86.02,17.4
6/9/2024 3:00,0,0,100,7826,86.02,17.5
6/9/2024 3:15,0,0,100,7826,86.02,17.5
6/9/2024 3:30,0,0,100,7827,86.03,17.5
6/9/2024 3:45,0,0,100,7826,86.04,17.6
6/9/2024 4:00,0,0,100,7828,86.04,17.7
6/9/2024 4:15,0,0,100,7829,86.04,17.7
6/9/2024 4:30,0,0,100,7828,86.04,17.6
6/9/2024 4:45,0,0,100,7827,86.06,17.6
6/9/2024 5:00,0,0,100,7827,86.05,17.6
6/9/2024 5:15,0,0,100,7827,86.08,17.6
6/9/2024 5:30,0,0,100,7827,86.09,17.7
6/9/2024 5:45,0,0,100,7827,86.1,17.8
6/9/2024 6:00,0,0,100,7826,86.13,17.8
6/9/2024 6:15,0,0,100,7827,86.13,17.9
6/9/2024 6:30,0,0,100,7828,86.15,18
6/9/2024 6:45,0,0,100,7828,86.16,18.1
6/9/2024 7:00,0,0,100,7827,86.16,18.2
6/9/2024 7:15,0,0,100,7827,86.19,18.4
6/9/2024 7:30,0,0,100,7827,86.17,18.7
6/9/2024 7:45,0,0,100,7826,86.16,19
6/9/2024 8:00,0,0,100,7829,86.15,19.2
6/9/2024 8:15,0,0,100,7824,86.14,19.4
6/9/2024 8:30,0,0,100,7826,86.13,19.6
6/9/2024 8:45,0,0,100,7827,86.12,19.9
6/9/2024 9:00,0,0,100,7824,86.1,20.1
6/9/2024 9:15,0,0,100,7824,86.09,20.4
6/9/2024 9:30,0,0,100,7822,86.08,20.7
6/9/2024 9:45,0,0,100,7826,86.07,21
6/9/2024 10:00,0,0,100,7824,86.07,21.2
6/9/2024 10:15,0,0,100,7826,86.08,21.3
6/9/2024 10:30,0,0,100,7827,86.09,21.4
6/9/2024 10:45,0,0,100,7828,86.1,21.6
6/9/2024 11:00,0,0,100,7827,86.11,21.7
6/9/2024 11:15,0,0,100,7828,86.13,21.8
6/9/2024 11:30,0,0,100,7826,86.15,21.8
6/9/2024 11:45,0,0,100,7828,86.16,21.8
6/9/2024 12:00,0,0,100,7830,86.15,21.9
6/9/2024 12:15,0,0,100,7829,86.14,21.9
6/9/2024 12:30,0,0,100,7827,86.11,21.9
6/9/2024 12:45,0,0,100,7827,86.1,21.8
6/9/2024 13:00,0,0,100,7828,86.07,21.6
6/9/2024 13:15,0,0,100,7828,86.06,21.3
6/9/2024 13:30,0,0,100,7825,86.03,21.1
6/9/2024 13:45,0,0,100,7826,86.01,21.4
6/9/2024 14:00,0,0,100,7829,86.01,21.5
6/9/2024 14:15,0,0,100,7827,85.99,21.4
6/9/2024 14:30,0,0,100,7827,85.97,21.1
6/9/2024 14:45,0,0,100,7827,85.96,21
6/9/2024 15:00,0,0,100,7828,85.94,21
6/9/2024 15:15,0,0,100,7829,85.93,21
6/9/2024 15:30,0,0,100,7828,85.93,21.2
6/9/2024 15:45,0,0,100,7832,85.95,21.3
6/9/2024 16:00,0,0,100,7827,85.94,21.1
6/9/2024 16:15,0,0,100,7827,85.96,20.9
6/9/2024 16:30,0,0,100,7828,86,20.8
6/9/2024 16:45,0,0,100,7829,85.99,20.5
6/9/2024 17:00,0,0,100,7825,85.99,20.3
6/9/2024 17:15,0,0,100,7828,85.98,20
6/9/2024 17:30,0,0,100,7829,86.03,19.8
6/9/2024 17:45,0,0,100,7829,86.02,19.7
6/9/2024 18:00,0,0,100,7827,86.02,19.6
6/9/2024 18:15,0,0,100,7827,86.05,19.5
6/9/2024 18:30,0,0,100,7826,86.09,19.5
6/9/2024 18:45,0,0,100,7828,86.11,19.4
6/9/2024 19:00,0,0,100,7827,86.11,19.3
6/9/2024 19:15,0,0,100,7828,86.12,19.2
6/9/2024 19:30,0,0,100,7826,86.12,19.1
6/9/2024 19:45,0,0,100,7827,86.1,19
6/9/2024 20:00,0,0,100,7827,86.11,19
6/9/2024 20:15,0,0,100,7827,86.11,18.9
6/9/2024 20:30,0,0,100,7825,86.12,18.9
6/9/2024 20:45,0,0,100,7825,86.13,18.8
6/9/2024 21:00,0,0,100,7826,86.14,18.8
6/9/2024 21:15,0,0,100,7826,86.14,18.8
6/9/2024 21:30,0,0,100,7826,86.13,18.8
6/9/2024 21:45,0,0,100,7829,86.1,18.8
6/9/2024 22:00,0,0,100,7825,86.1,18.8
6/9/2024 22:15,0,0,100,7826,86.09,18.8
6/9/2024 22:30,0,0,100,7827,86.09,18.8
6/9/2024 22:45,0,0,100,7826,86.08,18.8
6/9/2024 23:00,0,0,100,7828,86.06,18.8
6/9/2024 23:15,0,0,100,7826,86.05,18.7
6/9/2024 23:30,0,0,100,7827,86.02,18.7
6/9/2024 23:45,0,0,100,7824,86,18.6
6/10/2024 0:00,0,0,100,7826,85.99,18.6
6/10/2024 0:15,0,0,100,7823,85.97,18.6
6/10/2024 0:30,0,0,100,7822,85.96,18.5
6/10/2024 0:45,0,0,100,7823,85.95,18.4
6/10/2024 1:00,0,0,100,7823,85.94,18.4
6/10/2024 1:15,0,0,100,7825,85.92,18.4
6/10/2024 1:30,0,0,100,7820,85.91,18.4
6/10/2024 1:45,0,0,100,7823,85.91,18.3
6/10/2024 2:00,0,0,100,7822,85.9,18.3
6/10/2024 2:15,0,0,100,7824,85.88,18.4
6/10/2024 2:30,0,0,100,7824,85.87,18.4
6/10/2024 2:45,0,0,100,7822,85.86,18.3
6/10/2024 3:00,0,0,100,7820,85.87,18.3
6/10/2024 3:15,0,0,100,7822,85.87,18.3
6/10/2024 3:30,0,0,100,7825,85.88,18.3
6/10/2024 3:45,0,0,100,7823,85.87,18.3
6/10/2024 4:00,0,0,100,7826,85.86,18.4
6/10/2024 4:15,0,0,100,7823,85.86,18.4
6/10/2024 4:30,0,0,100,7822,85.88,18.4
6/10/2024 4:45,0,0,100,7824,85.91,18.4
6/10/2024 5:00,0,0,100,7825,85.92,18.4
6/10/2024 5:15,0,0,100,7825,85.93,18.4
6/10/2024 5:30,0,0,100,7824,85.93,18.4
6/10/2024 5:45,0,0,100,7822,85.94,18.4
6/10/2024 6:00,0,0,100,7824,85.95,18.4
6/10/2024 6:15,0,0,100,7824,85.97,18.6
6/10/2024 6:30,0,0,100,7824,85.98,18.7
6/10/2024 6:45,0,0,100,7824,85.97,18.8
6/10/2024 7:00,0,0,100,7825,85.96,19
6/10/2024 7:15,0,0,100,7827,85.96,19.2
6/10/2024 7:30,0,0,100,7825,85.98,19.5
6/10/2024 7:45,0,0,100,7825,86,19.8
6/10/2024 8:00,0,0,100,7826,86.02,19.9
6/10/2024 8:15,0,0,100,7824,86.02,20
6/10/2024 8:30,0,0,100,7817,86.02,20
6/10/2024 8:45,0,0,100,7824,86.01,20
6/10/2024 9:00,0,0,100,7824,86.01,20
6/10/2024 9:15,0,0,100,7824,86.01,20.1
6/10/2024 9:30,0,0,100,7826,86.01,20.3
6/10/2024 9:45,0,0,100,7821,86,20.5
6/10/2024 10:00,0,0,100,7822,86,20.7
6/10/2024 10:15,0,0,100,7823,86,20.8
6/10/2024 10:30,0,0,100,7824,85.99,20.9
6/10/2024 10:45,0,0,100,7826,85.98,21
6/10/2024 11:00,0,0,100,7824,85.95,21.2
6/10/2024 11:15,0,0,100,7824,85.94,21.2
6/10/2024 11:30,0,0,100,7823,85.93,21.4
6/10/2024 11:45,0,0,100,7824,85.91,21.5
6/10/2024 12:00,0,0,100,7824,85.89,21.5
6/10/2024 12:15,0,0,100,7825,85.88,21.4
6/10/2024 12:30,0,0,100,7826,85.87,21.5
6/10/2024 12:45,0,0,100,7824,85.86,21.6
6/10/2024 13:00,0,0,100,7826,85.85,21.6
6/10/2024 13:15,0,0,100,7829,85.82,21.4
6/10/2024 13:30,0,0,100,7824,85.78,21.3
6/10/2024 13:45,0,0,100,7827,85.75,21.3
6/10/2024 14:00,0,0,100,7825,85.74,21.3
6/10/2024 14:15,0,0,100,7827,85.74,21.2
6/10/2024 14:30,0,0,100,7827,85.74,21.1
6/10/2024 14:45,0,0,100,7826,85.71,21.1
6/10/2024 15:00,0,0,100,7824,85.68,21
6/10/2024 15:15,0,0,100,7825,85.7,20.9
6/10/2024 15:30,0,0,100,7825,85.72,20.7
6/10/2024 15:45,0,0,100,7827,85.72,20.4
6/10/2024 16:00,0,0,100,7825,85.71,20.2
6/10/2024 16:15,0,0,100,7825,85.71,20
6/10/2024 16:30,0,0,100,7824,85.74,20
6/10/2024 16:45,0,0,100,7826,85.73,20
6/10/2024 17:00,0,0,100,7825,85.74,20
6/10/2024 17:15,0,0,100,7826,85.75,19.9
6/10/2024 17:30,0,0,100,7825,85.75,19.6
6/10/2024 17:45,0,0,100,7823,85.78,19.3
6/10/2024 18:00,0,0,100,7824,85.78,19.1
6/10/2024 18:15,0,0,100,7823,85.8,19
6/10/2024 18:30,0,0,100,7824,85.82,18.9
6/10/2024 18:45,0,0,100,7822,85.86,18.6
6/10/2024 19:00,0,0,100,7824,85.9,18.4
6/10/2024 19:15,0,0,100,7823,85.91,18.3
6/10/2024 19:30,0,0,100,7824,85.93,18.3
6/10/2024 19:45,0,0,100,7822,85.92,18.3
6/10/2024 20:00,0,0,100,7824,85.93,18.3
6/10/2024 20:15,0,0,100,7824,85.93,18.2
6/10/2024 20:30,0,0,100,7824,85.95,18.3
6/10/2024 20:45,0,0,100,7824,85.96,18.3
6/10/2024 21:00,0,0,100,7823,85.97,18.2
6/10/2024 21:15,0,0,100,7821,85.98,18.2
6/10/2024 21:30,0,0,100,7823,86,18.2
6/10/2024 21:45,0,0,100,7824,86.01,18.2
6/10/2024 22:00,0,0,100,7822,86,18.2
6/10/2024 22:15,0,0,100,7821,85.98,18.2
6/10/2024 22:30,0,0,100,7823,85.97,18.2
6/10/2024 22:45,0,0,100,7824,85.97,18.2
6/10/2024 23:00,0,0,100,7823,85.98,18.2
6/10/2024 23:15,0,0,100,7824,85.98,18.2
6/10/2024 23:30,0,0,100,7822,85.97,18.2
6/10/2024 23:45,0,0,100,7824,85.95,18.2
6/11/2024 0:00,0,0,100,7823,85.95,18.2
6/11/2024 0:15,0,0,100,7801,85.94,18.3
6/11/2024 0:15,0,0,100,7801,85.94,18.4
6/11/2024 0:30,0,0,100,7811,85.93,18.3
6/11/2024 0:45,0,0,100,7814,85.94,18.1
6/11/2024 1:00,0,0,100,7812,85.93,18.1
6/11/2024 1:15,0,0,100,7811,85.92,18.1
6/11/2024 1:30,0,0,100,7812,85.9,18.1
6/11/2024 1:45,0,0,100,7812,85.88,18.1
6/11/2024 2:00,0,0,100,7810,85.88,18.1
6/11/2024 2:15,0,0,100,7811,85.86,18
6/11/2024 2:30,0,0,100,7811,85.85,18
6/11/2024 2:45,0,0,100,7811,85.85,18
6/11/2024 3:00,0,0,100,7811,85.84,17.9
6/11/2024 3:15,0,0,100,7810,85.84,17.9
6/11/2024 3:30,0,0,100,7814,85.83,17.9
6/11/2024 3:45,0,0,100,7813,85.82,17.8
6/11/2024 4:00,0,0,100,7811,85.82,17.8
6/11/2024 4:15,0,0,100,7811,85.82,17.8
6/11/2024 4:30,0,0,100,7811,85.83,17.8
6/11/2024 4:45,0,0,100,7810,85.82,17.8
6/11/2024 5:00,0,0,100,7814,85.83,17.8
6/11/2024 5:15,0,0,100,7813,85.85,17.8
6/11/2024 5:30,0,0,100,7811,85.86,17.8
6/11/2024 5:45,0,0,100,7811,85.87,17.7
6/11/2024 6:00,0,0,100,7811,85.9,17.7
6/11/2024 6:15,0,0,100,7814,85.92,17.7
6/11/2024 6:30,0,0,100,7811,85.93,17.7
6/11/2024 6:45,0,0,100,7813,85.94,17.8
6/11/2024 7:00,0,0,100,7814,85.96,18
6/11/2024 7:15,0,0,100,7813,85.97,18.2
6/11/2024 7:30,0,0,100,7814,85.98,18.4
6/11/2024 7:45,0,0,100,7814,86,18.5
6/11/2024 8:00,0,0,100,7811,86.02,18.6
6/11/2024 8:15,0,0,100,7814,86.04,18.7
6/11/2024 8:30,0,0,100,7810,86.05,18.8
6/11/2024 8:45,0,0,100,7812,86.05,18.8
6/11/2024 9:00,0,0,100,7814,86.04,18.8
6/11/2024 9:15,0,0,100,7811,86.04,18.9
6/11/2024 9:30,0,0,100,7813,86.04,19
6/11/2024 9:45,0,0,100,7809,86.05,19
6/11/2024 10:00,0,0,100,7811,86.05,19.1
6/11/2024 10:15,0,0,100,7811,86.04,19.2
6/11/2024 10:30,0,0,100,7811,86.03,19.4
6/11/2024 10:45,0,0,100,7809,86.01,19.4
6/11/2024 11:00,0,0,100,7810,86,19.4
6/11/2024 11:15,0,0,100,7810,85.99,19.5
6/11/2024 11:30,0,0,100,7810,85.98,19.6
6/11/2024 11:45,0,0,100,7810,85.98,19.5
6/11/2024 12:00,0,0,100,7811,85.97,19.3
6/11/2024 12:15,0,0,100,7811,85.96,19.1
6/11/2024 12:30,0,0,100,7811,85.95,19
6/11/2024 12:45,0,0,100,7809,85.95,19
6/11/2024 13:00,0,0,100,7811,85.93,19.2
6/11/2024 13:15,0,0,100,7813,85.9,19.2
6/11/2024 13:30,0,0,100,7810,85.88,19.1
6/11/2024 13:45,0,0,100,7811,85.88,19.3
6/11/2024 14:00,0,0,100,7811,85.86,19.3
6/11/2024 14:15,0,0,100,7811,85.85,19.3
6/11/2024 14:30,0,0,100,7810,85.84,19.3
6/11/2024 14:45,0,0,100,7809,85.83,19.3
6/11/2024 15:00,0,0,100,7811,85.83,19.4
6/11/2024 15:15,0,0,100,7813,85.82,19.5
6/11/2024 15:30,0,0,100,7813,85.83,19.4
6/11/2024 15:45,0,0,100,7812,85.83,19.4
6/11/2024 16:00,0,0,100,7811,85.81,19.3
6/11/2024 16:15,0,0,100,7812,85.8,19.3
6/11/2024 16:30,0,0,100,7813,85.81,19.3
6/11/2024 16:45,0,0,100,7810,85.82,19.3
6/11/2024 17:00,0,0,100,7812,85.85,19.2
6/11/2024 17:15,0,0,100,7810,85.85,19.1
6/11/2024 17:30,0,0,100,7811,85.85,19.1
6/11/2024 17:45,0,0,100,7811,85.85,19
6/11/2024 18:00,0,0,100,7811,85.88,18.9
6/11/2024 18:15,0,0,100,7813,85.89,18.8
6/11/2024 18:30,0,0,100,7808,85.89,18.7
6/11/2024 18:45,0,0,100,7811,85.89,18.7
6/11/2024 19:00,0,0,100,7812,85.9,18.6
6/11/2024 19:15,0,0,100,7811,85.91,18.6
6/11/2024 19:30,0,0,100,7814,85.93,18.5
6/11/2024 19:45,0,0,100,7811,85.95,18.5
6/11/2024 20:00,0,0,100,7811,85.95,18.5
6/11/2024 20:15,0,0,100,7811,85.96,18.4
6/11/2024 20:30,0,0,100,7811,85.96,18.4
6/11/2024 20:45,0,0,100,7812,85.96,18.4
6/11/2024 21:00,0,0,100,7812,85.97,18.3
6/11/2024 21:15,0,0,100,7811,85.99,18.3
6/11/2024 21:30,0,0,100,7809,85.98,18.2
6/11/2024 21:45,0,0,100,7813,85.99,18.2
6/11/2024 22:00,0,0,100,7813,85.98,18.2
6/11/2024 22:15,0,0,100,7809,85.97,18.2
6/11/2024 22:30,0,0,100,7811,85.96,18.2
6/11/2024 22:45,0,0,100,7813,85.97,18.2
6/11/2024 23:00,0,0,100,7810,85.96,18.2
6/11/2024 23:15,0,0,100,7812,85.96,18.2
6/11/2024 23:30,0,0,100,7811,85.97,18.3
6/11/2024 23:45,0,0,100,7811,85.96,18.3
6/12/2024 0:00,0,0,100,7811,85.97,18.3
6/12/2024 0:15,0,0,100,7808,85.97,18.4
6/12/2024 0:30,0,0,100,7805,85.96,18.3
6/12/2024 0:45,0,0,100,7808,85.95,18.3
6/12/2024 1:00,0,0,100,7808,85.94,18.3
6/12/2024 1:15,0,0,100,7807,85.94,18.2
6/12/2024 1:30,0,0,100,7805,85.93,18.2
6/12/2024 1:45,0,0,100,7805,85.91,18.2
6/12/2024 2:00,0,0,100,7808,85.92,18.2
6/12/2024 2:15,0,0,100,7808,85.92,18.2
6/12/2024 2:30,0,0,100,7806,85.92,18.3
6/12/2024 2:45,0,0,100,7808,85.92,18.3
6/12/2024 3:00,0,0,100,7806,85.91,18.3
6/12/2024 3:15,0,0,100,7808,85.91,18.3
6/12/2024 3:30,0,0,100,7808,85.91,18.3
6/12/2024 3:45,0,0,100,7807,85.93,18.3
6/12/2024 4:00,0,0,100,7807,85.95,18.3
6/12/2024 4:15,0,0,100,7808,85.95,18.3
6/12/2024 4:30,0,0,100,7807,85.95,18.3
6/12/2024 4:45,0,0,100,7807,85.97,18.2
6/12/2024 5:00,0,0,100,7805,85.98,18.2
6/12/2024 5:15,0,0,100,7806,86,18.3
6/12/2024 5:30,0,0,100,7807,86.01,18.2
6/12/2024 5:45,0,0,100,7806,86.04,18.3
6/12/2024 6:00,0,0,100,7808,86.06,18.3
6/12/2024 6:15,0,0,100,7808,86.07,18.3
6/12/2024 6:30,0,0,100,7808,86.08,18.4
6/12/2024 6:45,0,0,100,7808,86.09,18.4
6/12/2024 7:00,0,0,100,7808,86.08,18.6
6/12/2024 7:15,0,0,100,7808,86.1,18.7
6/12/2024 7:30,0,0,100,7808,86.11,18.8
6/12/2024 7:45,0,0,100,7810,86.12,18.9
6/12/2024 8:00,0,0,100,7807,86.13,19.1
6/12/2024 8:15,0,0,100,7804,86.13,19.2
6/12/2024 8:30,0,0,100,7804,86.12,19.4
6/12/2024 8:45,0,0,100,7805,86.12,19.6
6/12/2024 9:00,0,0,100,7805,86.12,19.8
6/12/2024 9:15,0,0,100,7804,86.14,20.1
6/12/2024 9:30,0,0,100,7805,86.15,20.4
6/12/2024 9:45,0,0,100,7804,86.16,20.5
6/12/2024 10:00,0,0,100,7804,86.16,20.6
6/12/2024 10:15,0,0,100,7804,86.16,20.5
6/12/2024 10:30,0,0,100,7805,86.16,20.5
6/12/2024 10:45,0,0,100,7808,86.16,20.4
6/12/2024 11:00,0,0,100,7804,86.15,20.3
6/12/2024 11:15,0,0,100,7807,86.14,20.2
6/12/2024 11:30,0,0,100,7806,86.14,20.3
6/12/2024 11:45,0,0,100,7805,86.12,20.2
6/12/2024 12:00,0,0,100,7805,86.09,20.4
6/12/2024 12:15,0,0,100,7807,86.08,20.7
6/12/2024 12:30,0,0,100,7806,86.08,20.8
6/12/2024 12:45,0,0,100,7805,86.07,20.8
6/12/2024 13:00,0,0,100,7806,86.06,20.7
6/12/2024 13:15,0,0,100,7808,86.04,20.7
6/12/2024 13:30,0,0,100,8034,86.01,21.2
6/12/2024 13:45,0,0,100,8036,86,22.2
6/12/2024 14:00,0,0,100,8036,86.01,21.9
6/12/2024 14:15,0,0,100,8036,85.99,21.5
6/12/2024 14:30,0,0,100,8036,85.97,21.3
6/12/2024 14:45,0,0,100,8033,85.97,21.1
6/12/2024 15:00,0,0,100,8036,85.95,21.1
6/12/2024 15:15,0,0,100,8035,85.95,21
6/12/2024 15:30,0,0,100,8036,85.96,20.9
6/12/2024 15:45,0,0,100,8033,85.97,20.8
6/12/2024 16:00,0,0,100,8033,85.96,20.7
6/12/2024 16:15,0,0,100,8033,85.95,20.6
6/12/2024 16:30,0,0,100,8033,85.95,20.5
6/12/2024 16:45,0,0,100,8034,85.96,20.4
6/12/2024 17:00,0,0,100,8033,85.98,20.4
6/12/2024 17:15,0,0,100,8032,85.99,20.3
6/12/2024 17:30,0,0,100,8033,86,20.2
6/12/2024 17:45,0,0,100,8030,86.03,20.2
6/12/2024 18:00,0,0,100,8033,86.03,20.1
6/12/2024 18:15,0,0,100,8033,86.04,20
6/12/2024 18:30,0,0,100,8029,86.06,19.9
6/12/2024 18:45,0,0,100,8030,86.07,19.8
6/12/2024 19:00,0,0,100,8032,86.1,19.8
6/12/2024 19:15,0,0,100,8029,86.11,19.6
6/12/2024 19:30,0,0,100,8030,86.12,19.5
6/12/2024 19:45,0,0,100,8029,86.12,19.5
6/12/2024 20:00,0,0,100,8029,86.13,19.4
6/12/2024 20:15,0,0,100,8032,86.13,19.4
6/12/2024 20:30,0,0,100,8029,86.13,19.3
6/12/2024 20:45,0,0,100,8029,86.14,19.2
6/12/2024 21:00,0,0,100,8029,86.14,19.2
6/12/2024 21:15,0,0,100,8027,86.12,19.1
6/12/2024 21:30,0,0,100,8024,86.12,19
6/12/2024 21:45,0,0,100,8024,86.11,18.9
6/12/2024 22:00,0,0,100,8025,86.1,18.8
6/12/2024 22:15,0,0,100,8023,86.1,18.7
6/12/2024 22:30,0,0,100,8023,86.1,18.7
6/12/2024 22:45,0,0,100,8025,86.1,18.7
6/12/2024 23:00,0,0,100,8024,86.1,18.7
6/12/2024 23:15,0,0,100,8025,86.09,18.7
6/12/2024 23:30,0,0,100,8026,86.08,18.8
6/12/2024 23:45,0,0,100,8024,86.07,18.8
6/13/2024 0:00,0,0,100,8025,86.05,18.8
6/13/2024 0:15,0,0,100,8004,86.03,19
6/13/2024 0:30,0,0,100,8012,86.01,18.9
6/13/2024 0:45,0,0,100,8011,85.99,18.7
6/13/2024 1:00,0,0,100,8010,85.96,18.6
6/13/2024 1:15,0,0,100,8010,85.96,18.4
6/13/2024 1:30,0,0,100,8010,85.95,18.4
6/13/2024 1:45,0,0,100,8013,85.94,18.4
6/13/2024 2:00,0,0,100,8013,85.92,18.4
6/13/2024 2:15,0,0,100,8014,85.93,18.6
6/13/2024 2:30,0,0,100,8010,85.92,18.8
6/13/2024 2:45,0,0,100,8014,85.93,18.9
6/13/2024 3:00,0,0,100,8012,85.94,18.9
6/13/2024 3:15,0,0,100,8011,85.95,19
6/13/2024 3:30,0,0,100,8014,85.94,18.9
6/13/2024 3:45,0,0,100,8014,85.95,18.9
6/13/2024 4:00,0,0,100,8013,85.97,18.9
6/13/2024 4:15,0,0,100,8010,85.99,18.9
6/13/2024 4:30,0,0,100,8010,85.99,18.9
6/13/2024 4:45,0,0,100,8013,85.99,18.8
6/13/2024 5:00,0,0,100,8013,86,18.7
6/13/2024 5:15,0,0,100,8014,86.01,18.7
6/13/2024 5:30,0,0,100,8013,86.02,18.7
6/13/2024 5:45,0,0,100,8013,86.03,18.7
6/13/2024 6:00,0,0,100,8013,86.03,18.8
6/13/2024 6:15,0,0,100,8010,86.04,18.8
6/13/2024 6:30,0,0,100,8010,86.04,18.8
6/13/2024 6:45,0,0,100,8014,86.05,18.8
6/13/2024 7:00,0,0,100,8012,86.06,18.8
6/13/2024 7:15,0,0,100,8013,86.07,18.8
6/13/2024 7:30,0,0,100,8010,86.07,18.9
6/13/2024 7:45,0,0,100,8011,86.09,19.1
6/13/2024 8:00,0,0,100,8013,86.09,19.3
6/13/2024 8:15,0,0,100,8010,86.1,19.4
6/13/2024 8:30,0,0,100,8010,86.12,19.5
6/13/2024 8:45,0,0,100,8010,86.13,19.7
6/13/2024 9:00,0,0,100,8008,86.15,19.9
6/13/2024 9:15,0,0,100,8010,86.15,20
6/13/2024 9:30,0,0,100,8007,86.14,20.1
6/13/2024 9:45,0,0,100,8008,86.15,20.1
6/13/2024 10:00,0,0,100,8008,86.15,20.2
6/13/2024 10:15,0,0,100,8008,86.14,20.2
6/13/2024 10:30,0,0,100,8010,86.13,20.4
6/13/2024 10:45,0,0,100,8007,86.11,20.6
6/13/2024 11:00,0,0,100,8010,86.1,20.8
6/13/2024 11:15,0,0,100,8007,86.1,20.7
6/13/2024 11:30,0,0,100,8010,86.08,20.6
6/13/2024 11:45,0,0,100,8008,86.06,20.5
6/13/2024 12:00,0,0,100,8010,86.05,20.4
6/13/2024 12:15,0,0,100,8008,86.03,20.4
6/13/2024 12:30,0,0,100,8010,86.01,20.8
6/13/2024 12:45,0,0,100,8006,85.97,20.7
6/13/2024 13:00,0,0,100,8007,85.96,20.5
6/13/2024 13:15,0,0,100,8010,85.95,20.4
6/13/2024 13:30,0,0,100,8007,85.95,20.3
6/13/2024 13:45,0,0,100,8007,85.92,20.2
6/13/2024 14:00,0,0,100,8005,85.9,20.2
6/13/2024 14:15,0,0,100,8004,85.9,20.1
6/13/2024 14:30,0,0,100,8006,85.91,20.2
6/13/2024 14:45,0,0,100,8007,85.9,20.3
6/13/2024 15:00,0,0,100,8006,85.89,20.1
6/13/2024 15:15,0,0,100,8004,85.89,19.7
6/13/2024 15:30,0,0,100,8005,85.89,19.5
6/13/2024 15:45,0,0,100,8006,85.88,19.4
6/13/2024 16:00,0,0,100,8005,85.92,19.2
6/13/2024 16:15,0,0,100,8004,85.9,19
6/13/2024 16:30,0,0,100,8006,85.9,18.9
6/13/2024 16:45,0,0,100,8006,85.96,18.8
6/13/2024 17:00,0,0,100,8003,85.96,18.7
6/13/2024 17:15,0,0,100,8001,85.94,18.7
6/13/2024 17:30,0,0,100,8004,85.96,18.7
6/13/2024 17:45,0,0,100,8000,86.04,18.8
6/13/2024 18:00,0,0,100,8003,86.05,18.8
6/13/2024 18:15,0,0,100,8001,86.07,18.9
6/13/2024 18:30,0,0,100,8002,86.07,18.9
6/13/2024 18:45,0,0,100,8003,86.08,18.9
6/13/2024 19:00,0,0,100,8001,86.13,18.9
6/13/2024 19:15,0,0,100,8002,86.13,18.9
6/13/2024 19:30,0,0,100,8000,86.08,18.9
6/13/2024 19:45,0,0,100,8000,86.09,18.9
6/13/2024 20:00,0,0,100,7999,86.11,18.9
6/13/2024 20:15,0,0,100,7999,86.15,18.9
6/13/2024 20:30,0,0,100,8002,86.19,18.9
6/13/2024 20:45,0,0,100,8003,86.17,18.9
6/13/2024 21:00,0,0,100,8000,86.16,18.9
6/13/2024 21:15,0,0,100,8003,86.14,18.8
6/13/2024 21:30,0,0,100,7999,86.12,18.8
6/13/2024 21:45,0,0,100,8001,86.12,18.8
6/13/2024 22:00,0,0,100,7999,86.11,18.7
6/13/2024 22:15,0,0,100,7999,86.12,18.7
6/13/2024 22:30,0,0,100,8001,86.12,18.6
6/13/2024 22:45,0,0,100,7999,86.1,18.6
6/13/2024 23:00,0,0,100,7998,86.08,18.5
6/13/2024 23:15,0,0,100,7997,86.05,18.5
6/13/2024 23:30,0,0,100,7998,86.05,18.4
6/13/2024 23:45,0,0,100,7999,86.05,18.4
6/14/2024 0:00,0,0,100,7998,86.05,18.3
6/14/2024 0:15,0,0,100,7995,86.05,18.4
6/14/2024 0:30,0,0,100,7994,86.04,18.3
6/14/2024 0:45,0,0,100,7990,86.02,18.3
6/14/2024 1:00,0,0,100,7993,86,18.3
6/14/2024 1:15,0,0,100,7991,86,18.4
6/14/2024 1:30,0,0,100,7993,85.99,18.4
6/14/2024 1:45,0,0,100,7992,85.98,18.5
6/14/2024 2:00,0,0,100,7995,85.96,18.5
6/14/2024 2:15,0,0,100,7995,85.95,18.5
6/14/2024 2:30,0,0,100,7993,85.94,18.5
6/14/2024 2:45,0,0,100,7991,85.93,18.4
6/14/2024 3:00,0,0,100,7991,85.93,18.4
6/14/2024 3:15,0,0,100,7991,85.93,18.3
6/14/2024 3:30,0,0,100,7991,85.93,18.3
6/14/2024 3:45,0,0,100,7991,85.94,18.3
6/14/2024 4:00,0,0,100,7991,85.93,18.3
6/14/2024 4:15,0,0,100,7991,85.92,18.4
6/14/2024 4:30,0,0,100,7993,85.92,18.4
6/14/2024 4:45,0,0,100,7993,85.92,18.4
6/14/2024 5:00,0,0,100,7994,85.93,18.5
6/14/2024 5:15,0,0,100,7992,85.94,18.5
6/14/2024 5:30,0,0,100,7991,85.97,18.5
6/14/2024 5:45,0,0,100,7990,85.99,18.5
6/14/2024 6:00,0,0,100,7988,86.03,18.5
6/14/2024 6:15,0,0,100,7990,86.05,18.4
6/14/2024 6:30,0,0,100,7992,86.05,18.4
6/14/2024 6:45,0,0,100,7988,86.06,18.3
6/14/2024 7:00,0,0,100,7988,86.05,18.4
6/14/2024 7:15,0,0,100,7989,86.05,18.4
6/14/2024 7:30,0,0,100,7990,86.04,18.5
6/14/2024 7:45,0,0,100,7988,86.05,18.5
6/14/2024 8:00,0,0,100,7992,86.05,18.5
6/14/2024 8:15,0,0,100,7988,86.06,18.6
6/14/2024 8:30,0,0,100,7987,86.06,18.7
6/14/2024 8:45,0,0,100,7988,86.08,18.7
6/14/2024 9:00,0,0,100,7986,86.09,18.6
6/14/2024 9:15,0,0,100,7983,86.1,18.6
6/14/2024 9:30,0,0,100,7985,86.09,18.5
6/14/2024 9:45,0,0,100,7984,86.09,18.5
6/14/2024 10:00,0,0,100,7984,86.09,18.5
6/14/2024 10:15,0,0,100,7986,86.1,18.4
6/14/2024 10:30,0,0,100,7984,86.09,18.4
6/14/2024 10:45,0,0,100,7984,86.07,18.4
6/14/2024 11:00,0,0,100,7982,86.05,18.4
6/14/2024 11:15,0,0,100,7985,86.04,18.3
6/14/2024 11:30,0,0,100,7984,86.02,18.3
6/14/2024 11:45,0,0,100,7985,86.02,18.3
6/14/2024 12:00,0,0,100,7985,86.01,18.3
6/14/2024 12:15,0,0,100,7985,86,18.5
6/14/2024 12:30,0,0,100,7985,85.98,18.5
6/14/2024 12:45,0,0,100,7985,85.96,18.5
6/14/2024 13:00,0,0,100,7983,85.95,18.6
6/14/2024 13:15,0,0,100,7982,85.94,18.7
6/14/2024 13:30,0,0,100,7983,85.94,18.8
6/14/2024 13:45,0,0,100,7984,85.92,18.8
6/14/2024 14:00,0,0,100,7981,85.89,19
6/14/2024 14:15,0,0,100,7983,85.86,19
6/14/2024 14:30,0,0,100,7982,85.84,19
6/14/2024 14:45,0,0,100,7984,85.82,19
6/14/2024 15:00,0,0,100,7984,85.81,18.9
6/14/2024 15:15,0,0,100,7982,85.8,18.9
6/14/2024 15:30,0,0,100,7982,85.8,19
6/14/2024 15:45,0,0,100,7982,85.81,19
6/14/2024 16:00,0,0,100,7982,85.82,19.1
6/14/2024 16:15,0,0,100,7982,85.83,19.1
6/14/2024 16:30,0,0,100,7982,85.84,19
6/14/2024 16:45,0,0,100,7982,85.85,19
6/14/2024 17:00,0,0,100,7984,85.86,18.9
6/14/2024 17:15,0,0,100,7982,85.87,18.7
6/14/2024 17:30,0,0,100,7981,85.88,18.6
6/14/2024 17:45,0,0,100,7982,85.89,18.5
6/14/2024 18:00,0,0,100,7980,85.91,18.4
6/14/2024 18:15,0,0,100,7982,85.93,18.3
6/14/2024 18:30,0,0,100,7981,85.96,18.3
6/14/2024 18:45,0,0,100,7980,85.98,18.3
6/14/2024 19:00,0,0,100,7980,85.99,18.4
6/14/2024 19:15,0,0,100,7982,86.01,18.4
6/14/2024 19:30,0,0,100,7979,86.03,18.4
6/14/2024 19:45,0,0,100,7981,86.03,18.4
6/14/2024 20:00,0,0,100,7980,86.03,18.4
6/14/2024 20:15,0,0,100,7976,86.02,18.4
6/14/2024 20:30,0,0,100,7979,86.01,18.4
6/14/2024 20:45,0,0,100,7979,86.01,18.4
6/14/2024 21:00,0,0,100,7979,86.01,18.4
6/14/2024 21:15,0,0,100,7979,86.01,18.3
6/14/2024 21:30,0,0,100,7977,86.01,18.3
6/14/2024 21:45,0,0,100,7979,86.02,18.3
6/14/2024 22:00,0,0,100,7979,86.03,18.3
6/14/2024 22:15,0,0,100,7979,86.04,18.3
6/14/2024 22:30,0,0,100,7978,86.04,18.3
6/14/2024 22:45,0,0,100,7979,86.05,18.4
6/14/2024 23:00,0,0,100,7976,86.04,18.4
6/14/2024 23:15,0,0,100,7977,86.01,18.4
6/14/2024 23:30,0,0,100,7977,85.99,18.4
6/14/2024 23:45,0,0,100,7979,85.97,18.4
6/15/2024 0:00,0,0,100,7976,85.96,18.4
6/15/2024 0:15,0,0,100,7974,85.96,18.5
6/15/2024 0:30,0,0,100,7974,85.95,18.4
6/15/2024 0:45,0,0,100,7973,85.95,18.4
6/15/2024 1:00,0,0,100,7972,85.95,18.2
6/15/2024 1:15,0,0,100,7972,85.93,18
6/15/2024 1:30,0,0,100,7971,85.9,17.9
6/15/2024 1:45,0,0,100,7972,85.87,17.9
6/15/2024 2:00,0,0,100,7974,85.84,17.8
6/15/2024 2:15,0,0,100,7971,85.81,17.7
6/15/2024 2:30,0,0,100,7971,85.8,17.7
6/15/2024 2:45,0,0,100,7972,85.79,17.7
6/15/2024 3:00,0,0,100,7972,85.79,17.7
6/15/2024 3:15,0,0,100,7972,85.78,17.7
6/15/2024 3:30,0,0,100,7972,85.79,17.7
6/15/2024 3:45,0,0,100,7970,85.8,17.8
6/15/2024 4:00,0,0,100,7973,85.79,17.8
6/15/2024 4:15,0,0,100,7972,85.79,17.8
6/15/2024 4:30,0,0,100,7972,85.8,17.7
6/15/2024 4:45,0,0,100,7971,85.8,17.6
6/15/2024 5:00,0,0,100,7974,85.82,17.5
6/15/2024 5:15,0,0,100,7970,85.82,17.5
6/15/2024 5:30,0,0,100,7969,85.84,17.5
6/15/2024 5:45,0,0,100,7971,85.85,17.5
6/15/2024 6:00,0,0,100,7969,85.87,17.5
6/15/2024 6:15,0,0,100,7972,85.9,17.5
6/15/2024 6:30,0,0,100,7969,85.92,17.4
6/15/2024 6:45,0,0,100,7969,85.94,17.4
6/15/2024 7:00,0,0,100,7967,85.95,17.4
6/15/2024 7:15,0,0,100,7967,85.96,17.5
6/15/2024 7:30,0,0,100,7968,85.96,17.6
6/15/2024 7:45,0,0,100,7968,85.97,17.7
6/15/2024 8:00,0,0,100,7972,85.98,17.8
6/15/2024 8:15,0,0,100,7969,85.99,17.8
6/15/2024 8:30,0,0,100,7969,86,17.8
6/15/2024 8:45,0,0,100,7964,86.02,17.8
6/15/2024 9:00,0,0,100,7964,86.02,17.9
6/15/2024 9:15,0,0,100,7965,86.02,17.9
6/15/2024 9:30,0,0,100,7963,86.03,18
6/15/2024 9:45,0,0,100,7966,86.03,18
6/15/2024 10:00,0,0,100,7963,86.02,18.1
6/15/2024 10:15,0,0,100,7964,86.01,18.2
6/15/2024 10:30,0,0,100,7964,85.99,18.2
6/15/2024 10:45,0,0,100,7964,85.96,18.2
6/15/2024 11:00,0,0,100,7964,85.95,18.3
6/15/2024 11:15,0,0,100,7966,85.95,18.4
6/15/2024 11:30,0,0,100,7966,85.93,18.4
6/15/2024 11:45,0,0,100,7964,85.91,18.5
6/15/2024 12:00,0,0,100,7961,85.9,18.6
6/15/2024 12:15,0,0,100,7963,85.9,18.6
6/15/2024 12:30,0,0,100,7963,85.9,18.4
6/15/2024 12:45,0,0,100,7962,85.88,18.1
6/15/2024 13:00,0,0,100,7963,85.87,18
6/15/2024 13:15,0,0,100,7963,85.85,18
6/15/2024 13:30,0,0,100,7962,85.83,18
6/15/2024 13:45,0,0,100,7963,85.82,18.1
6/15/2024 14:00,0,0,100,7963,85.81,18.2
6/15/2024 14:15,0,0,100,7963,85.8,18.1
6/15/2024 14:30,0,0,100,7964,85.78,18
6/15/2024 14:45,0,0,100,7962,85.77,17.9
6/15/2024 15:00,0,0,100,7963,85.76,17.9
6/15/2024 15:15,0,0,100,7962,85.76,17.9
6/15/2024 15:30,0,0,100,7961,85.77,17.8
6/15/2024 15:45,0,0,100,7964,85.78,17.7
6/15/2024 16:00,0,0,100,7962,85.79,17.8
6/15/2024 16:15,0,0,100,7960,85.79,17.8
6/15/2024 16:30,0,0,100,7960,85.79,17.8
6/15/2024 16:45,0,0,100,7963,85.8,17.8
6/15/2024 17:00,0,0,100,7961,85.8,17.8
6/15/2024 17:15,0,0,100,7960,85.79,17.8
6/15/2024 17:30,0,0,100,7963,85.8,17.8
6/15/2024 17:45,0,0,100,7960,85.82,17.7
6/15/2024 18:00,0,0,100,7961,85.83,17.7
6/15/2024 18:15,0,0,100,7960,85.84,17.8
6/15/2024 18:30,0,0,100,7961,85.86,17.8
6/15/2024 18:45,0,0,100,7965,85.87,17.8
6/15/2024 19:00,0,0,100,7959,85.88,17.8
6/15/2024 19:15,0,0,100,7961,85.9,17.8
6/15/2024 19:30,0,0,100,7959,85.9,17.8
6/15/2024 19:45,0,0,100,7960,85.9,17.8
6/15/2024 20:00,0,0,100,7960,85.9,17.7
6/15/2024 20:15,0,0,100,7960,85.91,17.7
6/15/2024 20:30,0,0,100,7963,85.91,17.8
6/15/2024 20:45,0,0,100,7960,85.92,17.8
6/15/2024 21:00,0,0,100,7962,85.93,17.7
6/15/2024 21:15,0,0,100,7958,85.94,17.7
6/15/2024 21:30,0,0,100,7960,85.95,17.8
6/15/2024 21:45,0,0,100,7960,85.95,17.8
6/15/2024 22:00,0,0,100,7960,85.96,17.8
6/15/2024 22:15,0,0,100,7959,85.97,17.8
6/15/2024 22:30,0,0,100,7958,85.98,17.7
6/15/2024 22:45,0,0,100,7958,85.97,17.7
6/15/2024 23:00,0,0,100,7957,85.96,17.6
6/15/2024 23:15,0,0,100,7959,85.95,17.5
6/15/2024 23:30,0,0,100,7957,85.93,17.5
6/15/2024 23:45,0,0,100,7957,85.91,17.5
6/16/2024 0:00,0,0,100,7957,85.91,17.4
6/16/2024 0:15,0,0,100,7937,85.89,17.5
6/16/2024 0:15,0,0,100,7943,85.89,17.6
6/16/2024 0:30,0,0,100,7944,85.88,17.4
6/16/2024 0:45,0,0,100,7944,85.87,17.3
6/16/2024 1:00,0,0,100,7948,85.87,17.3
6/16/2024 1:15,0,0,100,7947,85.85,17.3
6/16/2024 1:30,0,0,100,7947,85.84,17.3
6/16/2024 1:45,0,0,100,7947,85.83,17.3
6/16/2024 2:00,0,0,100,7946,85.82,17.3
6/16/2024 2:15,0,0,100,7949,85.82,17.3
6/16/2024 2:30,0,0,100,7947,85.82,17.3
6/16/2024 2:45,0,0,100,7944,85.82,17.3
6/16/2024 3:00,0,0,100,7947,85.81,17.4
6/16/2024 3:15,0,0,100,7945,85.8,17.4
6/16/2024 3:30,0,0,100,7944,85.79,17.4
6/16/2024 3:45,0,0,100,7944,85.79,17.4
6/16/2024 4:00,0,0,100,7948,85.78,17.4
6/16/2024 4:15,0,0,100,7944,85.78,17.4
6/16/2024 4:30,0,0,100,7947,85.79,17.5
6/16/2024 4:45,0,0,100,7945,85.78,17.5
6/16/2024 5:00,0,0,100,7947,85.79,17.6
6/16/2024 5:15,0,0,100,7944,85.79,17.6
6/16/2024 5:30,0,0,100,7947,85.8,17.6
6/16/2024 5:45,0,0,100,7945,85.83,17.5
6/16/2024 6:00,0,0,100,7949,85.86,17.5
6/16/2024 6:15,0,0,100,7947,85.88,17.4
6/16/2024 6:30,0,0,100,7947,85.89,17.3
6/16/2024 6:45,0,0,100,7945,85.91,17.3
6/16/2024 7:00,0,0,100,7946,85.93,17.2
6/16/2024 7:15,0,0,100,7946,85.95,17.1
6/16/2024 7:30,0,0,100,7946,85.97,17.1
6/16/2024 7:45,0,0,100,7945,86,17.1
6/16/2024 8:00,0,0,100,7944,86.02,17.2
6/16/2024 8:15,0,0,100,7941,86.03,17.2
6/16/2024 8:30,0,0,100,7944,86.04,17.4
6/16/2024 8:45,0,0,100,7939,86.05,17.4
6/16/2024 9:00,0,0,100,7944,86.04,17.6
6/16/2024 9:15,0,0,100,7943,86.04,17.8
6/16/2024 9:30,0,0,100,7946,86.04,18
6/16/2024 9:45,0,0,100,7944,86.04,18.1
6/16/2024 10:00,0,0,100,7941,86.05,18.1
6/16/2024 10:15,0,0,100,7944,86.05,18.1
6/16/2024 10:30,0,0,100,7942,86.04,18.1
6/16/2024 10:45,0,0,100,7942,86.04,18.1
6/16/2024 11:00,0,0,100,7942,86.03,18.2
6/16/2024 11:15,0,0,100,7944,86.02,18.3
6/16/2024 11:30,0,0,100,7941,86.01,18.5
6/16/2024 11:45,0,0,100,7943,86,18.6
6/16/2024 12:00,0,0,100,7944,85.98,18.7
6/16/2024 12:15,0,0,100,7943,85.96,18.8
6/16/2024 12:30,0,0,100,7941,85.95,18.8
6/16/2024 12:45,0,0,100,7943,85.94,18.9
6/16/2024 13:00,0,0,100,7941,85.94,19.1
6/16/2024 13:15,0,0,100,7946,85.94,19.2
6/16/2024 13:30,0,0,100,7942,85.93,19.3
6/16/2024 13:45,0,0,100,7943,85.92,19.3
6/16/2024 14:00,0,0,100,7945,85.91,19.3
6/16/2024 14:15,0,0,100,7944,85.9,19.5
6/16/2024 14:30,0,0,100,7943,85.89,19.5
6/16/2024 14:45,0,0,100,7943,85.88,19.4
6/16/2024 15:00,0,0,100,7944,85.86,19.4
6/16/2024 15:15,0,0,100,7946,85.85,19.5
6/16/2024 15:30,0,0,100,7943,85.83,19.5
6/16/2024 15:45,0,0,100,7943,85.83,19.5
6/16/2024 16:00,0,0,100,7945,85.83,19.5
6/16/2024 16:15,0,0,100,7944,85.83,19.5
6/16/2024 16:30,0,0,100,7944,85.84,19.4
6/16/2024 16:45,0,0,100,7943,85.85,19.3
6/16/2024 17:00,0,0,100,7942,85.85,19.2
6/16/2024 17:15,0,0,100,7944,85.86,19.1
6/16/2024 17:30,0,0,100,7942,85.87,19.1
6/16/2024 17:45,0,0,100,7941,85.88,19
6/16/2024 18:00,0,0,100,7939,85.89,18.8
6/16/2024 18:15,0,0,100,7942,85.89,18.7
6/16/2024 18:30,0,0,100,7943,85.9,18.6
6/16/2024 18:45,0,0,100,7943,85.89,18.5
6/16/2024 19:00,0,0,100,7942,85.89,18.4
6/16/2024 19:15,0,0,100,7941,85.9,18.4
6/16/2024 19:30,0,0,100,7941,85.91,18.3
6/16/2024 19:45,0,0,100,7941,85.95,18.3
6/16/2024 20:00,0,0,100,7943,85.95,18.3
6/16/2024 20:15,0,0,100,7941,85.94,18.3
6/16/2024 20:30,0,0,100,7942,85.93,18.3
6/16/2024 20:45,0,0,100,7940,85.93,18.3
6/16/2024 21:00,0,0,100,7942,85.95,18.2
6/16/2024 21:15,0,0,100,7942,85.97,18.1
6/16/2024 21:30,0,0,100,7944,85.98,18
6/16/2024 21:45,0,0,100,7941,85.98,17.9
6/16/2024 22:00,0,0,100,7943,85.98,17.9
6/16/2024 22:15,0,0,100,7941,85.99,17.8
6/16/2024 22:30,0,0,100,7941,85.99,17.8
6/16/2024 22:45,0,0,100,7940,85.97,17.7
6/16/2024 23:00,0,0,100,7943,85.97,17.6
6/16/2024 23:15,0,0,100,7942,85.96,17.5
6/16/2024 23:30,0,0,100,7944,85.95,17.5
6/16/2024 23:45,0,0,100,7938,85.94,17.6
6/17/2024 0:00,0,0,100,7940,85.93,17.6
6/17/2024 0:15,0,0,100,7933,85.91,17.8
6/17/2024 0:30,0,0,100,7931,85.9,17.9
6/17/2024 0:45,0,0,100,7934,85.88,17.9
6/17/2024 1:00,0,0,100,7934,85.87,18
6/17/2024 1:15,0,0,100,7933,85.86,18.1
6/17/2024 1:30,0,0,100,7934,85.86,18.1
6/17/2024 1:45,0,0,100,7932,85.85,18.2
6/17/2024 2:00,0,0,100,7935,85.84,18.2
6/17/2024 2:15,0,0,100,7935,85.84,18.2
6/17/2024 2:30,0,0,100,7936,85.84,18.2
6/17/2024 2:45,0,0,100,7934,85.84,18.3
6/17/2024 3:00,0,0,100,7935,85.83,18.3
6/17/2024 3:15,0,0,100,7935,85.83,18.2
6/17/2024 3:30,0,0,100,7934,85.83,18.2
6/17/2024 3:45,0,0,100,7934,85.85,18.1
6/17/2024 4:00,0,0,100,7938,85.85,18.1
6/17/2024 4:15,0,0,100,7936,85.85,18.1
6/17/2024 4:30,0,0,100,7931,85.85,18.1
6/17/2024 4:45,0,0,100,7936,85.86,18.1
6/17/2024 5:00,0,0,100,7933,85.88,18
6/17/2024 5:15,0,0,100,7936,85.88,18
6/17/2024 5:30,0,0,100,7934,85.89,17.9
6/17/2024 5:45,0,0,100,7935,85.9,17.9
6/17/2024 6:00,0,0,100,7934,85.92,17.9
6/17/2024 6:15,0,0,100,7933,85.95,17.9
6/17/2024 6:30,0,0,100,7934,85.96,18
6/17/2024 6:45,0,0,100,7935,85.98,18.1
6/17/2024 7:00,0,0,100,7934,85.99,18.2
6/17/2024 7:15,0,0,100,7937,85.99,18.3
6/17/2024 7:30,0,0,100,7934,86,18.6
6/17/2024 7:45,0,0,100,7937,86,18.8
6/17/2024 8:00,0,0,100,7934,86.01,19
6/17/2024 8:15,0,0,100,7936,86.01,19.2
6/17/2024 8:30,0,0,100,7934,86.02,19.3
6/17/2024 8:45,0,0,100,7933,86.03,19.6
6/17/2024 9:00,0,0,100,7931,86.03,19.7
6/17/2024 9:15,0,0,100,7934,86.04,19.7
6/17/2024 9:30,0,0,100,7932,86.05,19.7
6/17/2024 9:45,0,0,100,7933,86.06,19.7
6/17/2024 10:00,0,0,100,7934,86.06,19.7
6/17/2024 10:15,0,0,100,7936,86.06,19.6
6/17/2024 10:30,0,0,100,7937,86.05,19.5
6/17/2024 10:45,0,0,100,7934,86.04,19.4
6/17/2024 11:00,0,0,100,7931,86.04,19.5
6/17/2024 11:15,0,0,100,7932,86.02,19.8
6/17/2024 11:30,0,0,100,7934,86,19.9
6/17/2024 11:45,0,0,100,7934,85.98,20
6/17/2024 12:00,0,0,100,7934,85.95,20.2
6/17/2024 12:15,0,0,100,7933,85.93,20.2
6/17/2024 12:30,0,0,100,7933,85.92,20.3
6/17/2024 12:45,0,0,100,7934,85.91,20.3
6/17/2024 13:00,0,0,100,7935,85.88,20.3
6/17/2024 13:15,0,0,100,7935,85.86,20.4
6/17/2024 13:30,0,0,100,7932,85.83,20.5
6/17/2024 13:45,0,0,100,7932,85.82,20.5
6/17/2024 14:00,0,0,100,7934,85.81,20.4
6/17/2024 14:15,0,0,100,7932,85.8,20.4
6/17/2024 14:30,0,0,100,7934,85.79,20.3
6/17/2024 14:45,0,0,100,7933,85.78,20.3
6/17/2024 15:00,0,0,100,7933,85.78,20.3
6/17/2024 15:15,0,0,100,7934,85.78,20.4
6/17/2024 15:30,0,0,100,7935,85.78,20.3
6/17/2024 15:45,0,0,100,7934,85.78,20.4
6/17/2024 16:00,0,0,100,7933,85.79,20.4
6/17/2024 16:15,0,0,100,7933,85.78,20.5
6/17/2024 16:30,0,0,100,7933,85.8,20.6
6/17/2024 16:45,0,0,100,7934,85.8,20.6
6/17/2024 17:00,0,0,100,7933,85.79,20.5
6/17/2024 17:15,0,0,100,7934,85.79,20.4
6/17/2024 17:30,0,0,100,7934,85.79,20.3
6/17/2024 17:45,0,0,100,7931,85.82,20.2
6/17/2024 18:00,0,0,100,7934,85.82,20.1
6/17/2024 18:15,0,0,100,7934,85.83,19.9
6/17/2024 18:30,0,0,100,7931,85.87,19.7
6/17/2024 18:45,0,0,100,7936,85.91,19.6
6/17/2024 19:00,0,0,100,7931,85.93,19.5
6/17/2024 19:15,0,0,100,7934,85.95,19.4
6/17/2024 19:30,0,0,100,7932,85.96,19.2
6/17/2024 19:45,0,0,100,7933,85.98,19.1
6/17/2024 20:00,0,0,100,7934,85.98,18.9
6/17/2024 20:15,0,0,100,7931,85.99,18.9
6/17/2024 20:30,0,0,100,7931,86.02,18.8
6/17/2024 20:45,0,0,100,7931,86.05,18.8
6/17/2024 21:00,0,0,100,7931,86.06,18.8
6/17/2024 21:15,0,0,100,7932,86.05,18.8
6/17/2024 21:30,0,0,100,7934,86.05,18.8
6/17/2024 21:45,0,0,100,7930,86.06,18.8
6/17/2024 22:00,0,0,100,7932,86.07,18.8
6/17/2024 22:15,0,0,100,7934,86.08,18.8
6/17/2024 22:30,0,0,100,7932,86.07,18.7
6/17/2024 22:45,0,0,100,7930,86.06,18.7
6/17/2024 23:00,0,0,100,7929,86.04,18.7
6/17/2024 23:15,0,0,100,7932,86.02,18.7
6/17/2024 23:30,0,0,100,7931,86.01,18.7
6/17/2024 23:45,0,0,100,7930,86.01,18.7
6/18/2024 0:00,0,0,100,7929,86,18.7
6/18/2024 0:15,0,0,100,7922,85.99,18.8
6/18/2024 0:30,0,0,100,7922,85.98,18.7
6/18/2024 0:45,0,0,100,7922,85.96,18.6
6/18/2024 1:00,0,0,100,7922,85.95,18.6
6/18/2024 1:15,0,0,100,7920,85.95,18.6
6/18/2024 1:30,0,0,100,7922,85.93,18.6
6/18/2024 1:45,0,0,100,7923,85.92,18.6
6/18/2024 2:00,0,0,100,7924,85.91,18.5
6/18/2024 2:15,0,0,100,7925,85.9,18.5
6/18/2024 2:30,0,0,100,7923,85.88,18.5
6/18/2024 2:45,0,0,100,7920,85.87,18.5
6/18/2024 3:00,0,0,100,7923,85.87,18.5
6/18/2024 3:15,0,0,100,7924,85.86,18.5
6/18/2024 3:30,0,0,100,7921,85.85,18.5
6/18/2024 3:45,0,0,100,7923,85.84,18.4
6/18/2024 4:00,0,0,100,7925,85.83,18.4
6/18/2024 4:15,0,0,100,7924,85.83,18.4
6/18/2024 4:30,0,0,100,7920,85.82,18.4
6/18/2024 4:45,0,0,100,7923,85.83,18.4
6/18/2024 5:00,0,0,100,7921,85.84,18.3
6/18/2024 5:15,0,0,100,7924,85.84,18.3
6/18/2024 5:30,0,0,100,7922,85.85,18.3
6/18/2024 5:45,0,0,100,7923,85.86,18.3
6/18/2024 6:00,0,0,100,7923,85.87,18.3
6/18/2024 6:15,0,0,100,7921,85.88,18.3
6/18/2024 6:30,0,0,100,7922,85.9,18.3
6/18/2024 6:45,0,0,100,7924,85.92,18.3
6/18/2024 7:00,0,0,100,7925,85.92,18.4
6/18/2024 7:15,0,0,100,7922,85.92,18.5
6/18/2024 7:30,0,0,100,7925,85.94,18.8
6/18/2024 7:45,0,0,100,7923,85.96,18.9
6/18/2024 8:00,0,0,100,7920,85.98,19.2
6/18/2024 8:15,0,0,100,7919,85.99,19.3
6/18/2024 8:30,0,0,100,7921,86,19.3
6/18/2024 8:45,0,0,100,7926,86.02,19.5
6/18/2024 9:00,0,0,100,7924,86.02,19.5
6/18/2024 9:15,0,0,100,7921,86.02,19.6
6/18/2024 9:30,0,0,100,7921,86.01,19.7
6/18/2024 9:45,0,0,100,7920,86,19.8
6/18/2024 10:00,0,0,100,7917,86,19.8
6/18/2024 10:15,0,0,100,7919,85.99,19.8
6/18/2024 10:30,0,0,100,7919,85.98,19.8
6/18/2024 10:45,0,0,100,7921,85.97,19.7
6/18/2024 11:00,0,0,100,7919,85.95,19.8
6/18/2024 11:15,0,0,100,7920,85.94,19.9
6/18/2024 11:30,0,0,100,7919,85.94,20
6/18/2024 11:45,0,0,100,7922,85.92,19.9
6/18/2024 12:00,0,0,100,7919,85.91,19.9
6/18/2024 12:15,0,0,100,7919,85.91,19.8
6/18/2024 12:30,0,0,100,7919,85.89,19.8
6/18/2024 12:45,0,0,100,7919,85.88,19.8
6/18/2024 13:00,0,0,100,7919,85.86,19.7
6/18/2024 13:15,0,0,100,7922,85.85,19.6
6/18/2024 13:30,0,0,100,7920,85.83,19.7
6/18/2024 13:45,0,0,100,7920,85.81,19.6
6/18/2024 14:00,0,0,100,7918,85.8,19.6
6/18/2024 14:15,0,0,100,7920,85.79,19.5
6/18/2024 14:30,0,0,100,7920,85.78,19.4
6/18/2024 14:45,0,0,100,7920,85.76,19.4
6/18/2024 15:00,0,0,100,7919,85.74,19.4
6/18/2024 15:15,0,0,100,7923,85.74,19.4
6/18/2024 15:30,0,0,100,7922,85.74,19.5
6/18/2024 15:45,0,0,100,7917,85.75,19.6
6/18/2024 16:00,0,0,100,7919,85.74,19.5
6/18/2024 16:15,0,0,100,7918,85.74,19.4
6/18/2024 16:30,0,0,100,7920,85.78,19.3
6/18/2024 16:45,0,0,100,7918,85.78,19.3
6/18/2024 17:00,0,0,100,7919,85.78,19.2
6/18/2024 17:15,0,0,100,7917,85.8,19.2
6/18/2024 17:30,0,0,100,7916,85.82,19.2
6/18/2024 17:45,0,0,100,7920,85.84,19.1
6/18/2024 18:00,0,0,100,7915,85.85,19.1
6/18/2024 18:15,0,0,100,7916,85.87,19
6/18/2024 18:30,0,0,100,7917,85.88,19
6/18/2024 18:45,0,0,100,7917,85.9,18.9
6/18/2024 19:00,0,0,100,7916,85.91,18.8
6/18/2024 19:15,0,0,100,7918,85.92,18.8
6/18/2024 19:30,0,0,100,7915,85.94,18.7
6/18/2024 19:45,0,0,100,7915,85.95,18.8
6/18/2024 20:00,0,0,100,7915,85.95,18.8
6/18/2024 20:15,0,0,100,7915,85.96,18.7
6/18/2024 20:30,0,0,100,7913,85.96,18.7
6/18/2024 20:45,0,0,100,7915,85.96,18.6
6/18/2024 21:00,0,0,100,7914,85.96,18.7
6/18/2024 21:15,0,0,100,7914,85.96,18.7
6/18/2024 21:30,0,0,100,7912,85.98,18.6
6/18/2024 21:45,0,0,100,7914,85.98,18.5
6/18/2024 22:00,0,0,100,7909,86,18.5
6/18/2024 22:15,0,0,100,7911,86.02,18.5
6/18/2024 22:30,0,0,100,7910,86.05,18.5
6/18/2024 22:45,0,0,100,7909,86.05,18.3
6/18/2024 23:00,0,0,100,7908,86.06,18.3
6/18/2024 23:15,0,0,100,7906,86.05,18.2
6/18/2024 23:30,0,0,100,7907,86.03,18.1
6/18/2024 23:45,0,0,100,7906,86.01,18
6/19/2024 0:00,0,0,100,7906,85.99,18
6/19/2024 0:15,0,0,100,7883,85.98,18.2
6/19/2024 0:30,0,0,100,7893,85.95,18.2
6/19/2024 0:45,0,0,100,7893,85.93,18
6/19/2024 1:00,0,0,100,7893,85.91,17.9
6/19/2024 1:15,0,0,100,7893,85.89,17.9
6/19/2024 1:30,0,0,100,7892,85.87,17.9
6/19/2024 1:45,0,0,100,7890,85.86,17.8
6/19/2024 2:00,0,0,100,7890,85.86,17.8
6/19/2024 2:15,0,0,100,7891,85.85,17.8
6/19/2024 2:30,0,0,100,7893,85.84,17.8
6/19/2024 2:45,0,0,100,7890,85.83,17.8
6/19/2024 3:00,0,0,100,7890,85.82,17.8
6/19/2024 3:15,0,0,100,7890,85.82,17.8
6/19/2024 3:30,0,0,100,7888,85.81,17.7
6/19/2024 3:45,0,0,100,7890,85.81,17.7
6/19/2024 4:00,0,0,100,7887,85.81,17.7
6/19/2024 4:15,0,0,100,7887,85.8,17.7
6/19/2024 4:30,0,0,100,7890,85.81,17.6
6/19/2024 4:45,0,0,100,7888,85.81,17.6
6/19/2024 5:00,0,0,100,7887,85.82,17.6
6/19/2024 5:15,0,0,100,7889,85.85,17.6
6/19/2024 5:30,0,0,100,7888,85.86,17.7
6/19/2024 5:45,0,0,100,7885,85.88,17.7
6/19/2024 6:00,0,0,100,7886,85.9,17.7
6/19/2024 6:15,0,0,100,7887,85.92,17.7
6/19/2024 6:30,0,0,100,7888,85.94,17.8
6/19/2024 6:45,0,0,100,7886,85.97,17.9
6/19/2024 7:00,0,0,100,7887,85.98,17.9
6/19/2024 7:15,0,0,100,7885,85.99,18
6/19/2024 7:30,0,0,100,7886,86.01,18
6/19/2024 7:45,0,0,100,7887,86.02,18.1
6/19/2024 8:00,0,0,100,7885,86.04,18.2
6/19/2024 8:15,0,0,100,7882,86.05,18.4
6/19/2024 8:30,0,0,100,7882,86.05,18.4
6/19/2024 8:45,0,0,100,7884,86.05,18.5
6/19/2024 9:00,0,0,100,7884,86.05,18.5
6/19/2024 9:15,0,0,100,7883,86.04,18.6
6/19/2024 9:30,0,0,100,7884,86.03,18.8
6/19/2024 9:45,0,0,100,7882,86.01,18.8
6/19/2024 10:00,0,0,100,7881,85.99,18.9
6/19/2024 10:15,0,0,100,7881,85.97,18.9
6/19/2024 10:30,0,0,100,7882,85.96,19.1
6/19/2024 10:45,0,0,100,7881,85.95,19.3
6/19/2024 11:00,0.4,24,100,8061,85.93,19.8
6/19/2024 11:15,0.2,12,100,8058,85.91,21.3
6/19/2024 11:30,0,0,100,8059,85.9,21.4
6/19/2024 11:45,0,0,100,8058,85.89,21.2
6/19/2024 12:00,0,0,100,8057,85.89,21.1
6/19/2024 12:15,0,0,100,8056,85.87,20.9
6/19/2024 12:30,0,0,100,8055,85.86,20.7
6/19/2024 12:45,0,0,100,8055,85.85,20.6
6/19/2024 13:00,0,0,100,8055,85.83,20.4
6/19/2024 13:15,0,0,100,8055,85.81,20.3
6/19/2024 13:30,0,0,100,8055,85.79,20.3
6/19/2024 13:45,0,0,100,8052,85.77,20.3
6/19/2024 14:00,0,0,100,8053,85.75,20.2
6/19/2024 14:15,0,0,100,8052,85.75,20.1
6/19/2024 14:30,0,0,100,8051,85.75,20
6/19/2024 14:45,0,0,100,8051,85.74,19.9
6/19/2024 15:00,0,0,100,8051,85.73,19.9
6/19/2024 15:15,0,0,100,8051,85.7,19.7
6/19/2024 15:30,0,0,100,8051,85.7,19.6
6/19/2024 15:45,0,0,100,8047,85.7,19.5
6/19/2024 16:00,0,0,100,8046,85.7,19.3
6/19/2024 16:15,0,0,100,8047,85.7,19.1
6/19/2024 16:30,0,0,100,8046,85.73,19
6/19/2024 16:45,0,0,100,8048,85.75,18.9
6/19/2024 17:00,0,0,100,8048,85.77,18.7
6/19/2024 17:15,0,0,100,8044,85.77,18.5
6/19/2024 17:30,0,0,100,8045,85.78,18.3
6/19/2024 17:45,0,0,100,8044,85.79,18.1
6/19/2024 18:00,0,0,100,8042,85.81,18
6/19/2024 18:15,0,0,100,8044,85.83,18
6/19/2024 18:30,0,0,100,8042,85.84,18
6/19/2024 18:45,0,0,100,8044,85.86,18.1
6/19/2024 19:00,0,0,100,8045,85.86,18.1
6/19/2024 19:15,0,0,100,8043,85.88,18.1
6/19/2024 19:30,0,0,100,8042,85.87,18.1
6/19/2024 19:45,0,0,100,8042,85.86,18.1
6/19/2024 20:00,0,0,100,8044,85.86,18.1
6/19/2024 20:15,0,0,100,8039,85.86,18
6/19/2024 20:30,0,0,100,8039,85.85,17.9
6/19/2024 20:45,0,0,100,8039,85.85,17.9
6/19/2024 21:00,0,0,100,8039,85.86,17.8
6/19/2024 21:15,0,0,100,8039,85.86,17.7
6/19/2024 21:30,0,0,100,8036,85.86,17.7
6/19/2024 21:45,0,0,100,8039,85.88,17.7
6/19/2024 22:00,0,0,100,8034,85.9,17.7
6/19/2024 22:15,0,0,100,8034,85.92,17.7
6/19/2024 22:30,0,0,100,8036,85.93,17.7
6/19/2024 22:45,0,0,100,8036,85.92,17.8
6/19/2024 23:00,0,0,100,8034,85.92,17.8
6/19/2024 23:15,0,0,100,8034,85.91,17.8
6/19/2024 23:30,0,0,100,8034,85.9,17.7
6/19/2024 23:45,0,0,100,8031,85.89,17.7
6/20/2024 0:00,0,0,100,8031,85.88,17.7
6/20/2024 0:15,0,0,100,8009,85.86,17.9
6/20/2024 0:30,0,0,100,8019,85.85,17.8
6/20/2024 0:45,0,0,100,8020,85.84,17.7
6/20/2024 1:00,0,0,100,8020,85.84,17.7
6/20/2024 1:15,0,0,100,8020,85.82,17.5
6/20/2024 1:30,0,0,100,8019,85.8,17.5
6/20/2024 1:45,0,0,100,8019,85.79,17.5
6/20/2024 2:00,0,0,100,8022,85.78,17.5
6/20/2024 2:15,0,0,100,8019,85.78,17.5
6/20/2024 2:30,0,0,100,8020,85.78,17.5
6/20/2024 2:45,0,0,100,8019,85.77,17.5
6/20/2024 3:00,0,0,100,8020,85.76,17.4
6/20/2024 3:15,0,0,100,8020,85.76,17.5
6/20/2024 3:30,0,0,100,8019,85.75,17.5
6/20/2024 3:45,0,0,100,8019,85.75,17.5
6/20/2024 4:00,0,0,100,8019,85.76,17.5
6/20/2024 4:15,0,0,100,8015,85.76,17.6
6/20/2024 4:30,0,0,100,8018,85.78,17.5
6/20/2024 4:45,0,0,100,8019,85.8,17.5
6/20/2024 5:00,0,0,100,8019,85.81,17.5
6/20/2024 5:15,0,0,100,8019,85.82,17.4
6/20/2024 5:30,0,0,100,8019,85.83,17.4
6/20/2024 5:45,0,0,100,8017,85.83,17.4
6/20/2024 6:00,0,0,100,8017,85.85,17.5
6/20/2024 6:15,0,0,100,8019,85.86,17.5
6/20/2024 6:30,0,0,100,8017,85.88,17.6
6/20/2024 6:45,0,0,100,8016,85.89,17.6
6/20/2024 7:00,0,0,100,8017,85.9,17.6
6/20/2024 7:15,0,0,100,8017,85.91,17.7
6/20/2024 7:30,0,0,100,8018,85.92,17.7
6/20/2024 7:45,0,0,100,8018,85.94,17.8
6/20/2024 8:00,0,0,100,8019,85.95,17.9
6/20/2024 8:15,0,0,100,8016,85.96,18
6/20/2024 8:30,0,0,100,8014,85.97,18.1
6/20/2024 8:45,0,0,100,8016,85.98,18.3
6/20/2024 9:00,0,0,100,8015,85.98,18.4
6/20/2024 9:15,0,0,100,8017,85.99,18.6
6/20/2024 9:30,0,0,100,8015,86,18.9
6/20/2024 9:45,0,0,100,8013,86.01,19
6/20/2024 10:00,0,0,100,8013,86.01,19.2
6/20/2024 10:15,0,0,100,8014,86.01,19.2
6/20/2024 10:30,0,0,100,8014,86.01,19.2
6/20/2024 10:45,0,0,100,8014,86.01,19.2
6/20/2024 11:00,0,0,100,8011,86,19.2
6/20/2024 11:15,0,0,100,8013,85.99,19.1
6/20/2024 11:30,0,0,100,8014,85.99,19.1
6/20/2024 11:45,0,0,100,8016,85.98,19.1
6/20/2024 12:00,0,0,100,8014,85.97,19.1
6/20/2024 12:15,0,0,100,8014,85.95,19.1
6/20/2024 12:30,0,0,100,8014,85.94,19.1
6/20/2024 12:45,0,0,100,8010,85.94,19.1
6/20/2024 13:00,0,0,52,7397,85.93,19.7
6/20/2024 13:15,0,0,52,7398,85.87,21.2
6/20/2024 13:30,0,0,52,7403,85.88,21.5
6/20/2024 13:45,0,0,52,7403,87.98,21.9
6/20/2024 14:00,0,0,53,7408,88.59,22.1
6/20/2024 14:15,0,0,53,7406,88.57,22.2
6/20/2024 14:30,0,0,53,7408,88.55,22.2
6/20/2024 14:45,0,0,53,7410,88.55,22.3
6/20/2024 15:00,0,0,53,7409,88.54,22.3
6/20/2024 15:15,0,0,53,7411,88.54,22.4
6/20/2024 15:30,0,0,53,7411,88.53,22.4
6/20/2024 15:45,0,0,53,7412,88.54,22.5
6/20/2024 16:00,0,0,53,7412,88.54,22.5
6/20/2024 16:15,0,0,54,7416,88.54,22.5
6/20/2024 16:30,0,0,53,7413,88.56,22.5
6/20/2024 16:45,0,0,54,7416,88.57,22.5
6/20/2024 17:00,0,0,54,7416,88.58,22.5
6/20/2024 17:15,0,0,54,7419,88.58,22.5
6/20/2024 17:30,0,0,54,7416,88.6,22.5
6/20/2024 17:45,0,0,54,7417,88.62,22.4
6/20/2024 18:00,0,0,54,7419,88.64,22.4
6/20/2024 18:15,0,0,54,7418,88.66,22.4
6/20/2024 18:30,0,0,55,7422,88.68,22.4
6/20/2024 18:45,0,0,55,7422,88.69,22.3
6/20/2024 19:00,0,0,54,7421,88.71,22.3
6/20/2024 19:15,0,0,54,7420,88.73,22.3
6/20/2024 19:30,0,0,54,7421,88.74,22.2
6/20/2024 19:45,0,0,55,7422,88.74,22.2
6/20/2024 20:00,0,0,54,7420,88.74,22.1
6/20/2024 20:15,0,0,54,7420,88.74,22.1
6/20/2024 20:30,0,0,54,7421,88.75,22
6/20/2024 20:45,0,0,55,7422,88.77,22
6/20/2024 21:00,0,0,55,7422,88.77,21.9
6/20/2024 21:15,0,0,55,7422,88.77,21.8
6/20/2024 21:30,0,0,55,7423,88.76,21.8
6/20/2024 21:45,0,0,54,7421,88.76,21.8
6/20/2024 22:00,0,0,55,7422,88.76,21.7
6/20/2024 22:15,0,0,55,7423,88.76,21.7
6/20/2024 22:30,0,0,55,7422,88.75,21.7
6/20/2024 22:45,0,0,55,7423,88.74,21.7
6/20/2024 23:00,0,0,55,7422,88.73,21.6
6/20/2024 23:15,0,0,55,7422,88.72,21.6
6/20/2024 23:30,0,0,55,7423,88.71,21.6
6/20/2024 23:45,0,0,55,7425,88.69,21.5
6/21/2024 0:00,0,0,55,7422,88.67,21.5
6/21/2024 0:15,0,0,52,7400,88.66,21.6
6/21/2024 0:30,0,0,53,7409,88.64,21.6
6/21/2024 0:45,0,0,53,7409,88.63,21.5
6/21/2024 1:00,0,0,53,7411,88.62,21.4
6/21/2024 1:15,0,0,53,7411,88.6,21.4
6/21/2024 1:30,0,0,53,7409,88.59,21.3
6/21/2024 1:45,0,0,53,7411,88.58,21.3
6/21/2024 2:00,0,0,53,7410,88.57,21.3
6/21/2024 2:15,0,0,53,7410,88.56,21.3
6/21/2024 2:30,0,0,53,7413,88.55,21.3
6/21/2024 2:45,0,0,53,7410,88.55,21.2
6/21/2024 3:00,0,0,53,7410,88.55,21.2
6/21/2024 3:15,0,0,53,7412,88.55,21.2
6/21/2024 3:30,0,0,53,7412,88.56,21.1
6/21/2024 3:45,0,0,53,7412,88.56,21.1
6/21/2024 4:00,0,0,53,7413,88.56,21
6/21/2024 4:15,0,0,53,7412,88.56,21
6/21/2024 4:30,0,0,54,7415,88.56,20.9
6/21/2024 4:45,0,0,54,7415,88.56,20.9
6/21/2024 5:00,0,0,53,7412,88.57,20.9
6/21/2024 5:15,0,0,53,7411,88.58,20.9
6/21/2024 5:30,0,0,53,7410,88.58,21.1
6/21/2024 5:45,0,0,54,7414,88.6,21.2
6/21/2024 6:00,0,0,54,7414,88.63,21.1
6/21/2024 6:15,0,0,53,7412,88.65,21.1
6/21/2024 6:30,0,0,53,7410,88.65,21
6/21/2024 6:45,0,0,53,7412,88.65,21
6/21/2024 7:00,0,0,53,7411,88.66,20.9
6/21/2024 7:15,0,0,53,7409,88.68,20.9
6/21/2024 7:30,0,0,53,7413,88.68,20.9
6/21/2024 7:45,0,0,53,7412,88.69,20.9
6/21/2024 8:00,0,0,53,7412,88.71,21
6/21/2024 8:15,0,0,49,7379,88.73,21.1
6/21/2024 8:30,0,0,49,7379,88.75,21.7
6/21/2024 8:45,0,0,50,7382,88.76,21.7
6/21/2024 9:00,0,0,50,7385,88.76,21.6
6/21/2024 9:15,0,0,50,7385,88.76,21.9
6/21/2024 9:30,0,0,47,7363,88.78,21.7
6/21/2024 9:45,0,0,49,7377,88.8,21.9
6/21/2024 10:00,0,0,50,7381,88.8,21.8
6/21/2024 10:15,0,0,50,7387,88.8,21.8
6/21/2024 10:30,0,0,51,7390,88.81,21.8
6/21/2024 10:45,0,0,50,7388,88.81,21.8
6/21/2024 11:00,0,0,51,7389,88.8,21.9
6/21/2024 11:15,0,0,51,7394,88.79,21.9
6/21/2024 11:30,0,0,51,7392,88.78,22
6/21/2024 11:45,0,0,51,7394,88.76,22.1
6/21/2024 12:00,0,0,51,7394,88.75,22.1
6/21/2024 12:15,0,0,51,7394,88.74,22.2
6/21/2024 12:30,0,0,51,7395,88.73,22.3
6/21/2024 12:45,0,0,52,7398,88.71,22.3
6/21/2024 13:00,0,0,51,7396,88.69,22.3
6/21/2024 13:15,0,0,52,7399,88.68,22.7
6/21/2024 13:30,0,0,52,7397,88.67,23.2
6/21/2024 13:45,0,0,52,7400,88.66,22.5
6/21/2024 14:00,0,0,52,7399,88.65,22.6
6/21/2024 14:15,0,0,51,7396,88.64,23.1
6/21/2024 14:30,0,0,51,7395,88.63,23.3
6/21/2024 14:45,0,0,52,7397,88.62,23.2
6/21/2024 15:00,0,0,52,7401,88.61,22.6
6/21/2024 15:15,0,0,52,7401,88.6,22.6
6/21/2024 15:30,0,0,52,7402,88.59,22.6
6/21/2024 15:45,0,0,52,7403,88.58,22.6
6/21/2024 16:00,0,0,52,7403,88.6,22.6
6/21/2024 16:15,0,0,52,7404,88.6,22.6
6/21/2024 16:30,0,0,53,7406,88.61,22.5
6/21/2024 16:45,0,0,53,7406,88.63,22.5
6/21/2024 17:00,0,0,53,7408,88.62,22.6
6/21/2024 17:15,0,0,53,7410,88.64,22.6
6/21/2024 17:30,0,0,53,7408,88.66,22.6
6/21/2024 17:45,0,0,53,7409,88.68,22.6
6/21/2024 18:00,0,0,53,7410,88.7,22.6
6/21/2024 18:15,0,0,53,7409,88.71,22.6
6/21/2024 18:30,0,0,53,7409,88.72,22.6
6/21/2024 18:45,0,0,53,7412,88.73,22.6
6/21/2024 19:00,0,0,53,7411,88.74,22.6
6/21/2024 19:15,0,0,53,7412,88.76,22.5
6/21/2024 19:30,0,0,53,7411,88.77,22.5
6/21/2024 19:45,0,0,53,7413,88.78,22.5
6/21/2024 20:00,0,0,53,7412,88.78,22.4
6/21/2024 20:15,0,0,53,7411,88.79,22.4
6/21/2024 20:30,0,0,53,7411,88.82,22.4
6/21/2024 20:45,0,0,53,7413,88.84,22.4
6/21/2024 21:00,0,0,53,7412,88.85,22.3
6/21/2024 21:15,0,0,53,7413,88.86,22.3
6/21/2024 21:30,0,0,53,7413,88.88,22.3
6/21/2024 21:45,0,0,53,7413,88.9,22.3
6/21/2024 22:00,0,0,53,7410,88.91,22.2
6/21/2024 22:15,0,0,53,7413,88.91,22.2
6/21/2024 22:30,0,0,53,7413,88.91,22.1
6/21/2024 22:45,0,0,53,7412,88.91,22.1
6/21/2024 23:00,0,0,53,7413,88.91,22.1
6/21/2024 23:15,0,0,54,7414,88.91,22
6/21/2024 23:30,0,0,53,7410,88.9,22
6/21/2024 23:45,0,0,54,7416,88.89,21.9
6/22/2024 0:00,0,0,53,7413,88.89,21.9
6/22/2024 0:15,0,0,50,7387,88.87,22.1
6/22/2024 0:30,0,0,52,7400,88.86,22
6/22/2024 0:45,0,0,52,7404,88.83,22
6/22/2024 1:00,0,0,52,7403,88.81,21.9
6/22/2024 1:15,0,0,52,7404,88.8,21.8
6/22/2024 1:30,0,0,52,7403,88.78,21.6
6/22/2024 1:45,0,0,53,7407,88.78,21.5
6/22/2024 2:00,0,0,52,7402,88.77,21.5
6/22/2024 2:15,0,0,52,7405,88.77,21.4
6/22/2024 2:30,0,0,53,7406,88.77,21.4
6/22/2024 2:45,0,0,52,7405,88.77,21.3
6/22/2024 3:00,0,0,53,7406,88.75,21.2
6/22/2024 3:15,0,0,53,7408,88.73,21.2
6/22/2024 3:30,0,0,53,7407,88.7,21.2
6/22/2024 3:45,0,0,53,7406,88.69,21.1
6/22/2024 4:00,0,0,53,7411,88.68,21.1
6/22/2024 4:15,0,0,53,7409,88.68,21.1
6/22/2024 4:30,0,0,53,7412,88.67,21
6/22/2024 4:45,0,0,53,7410,88.66,21
6/22/2024 5:00,0,0,53,7411,88.65,20.9
6/22/2024 5:15,0,0,53,7409,88.66,20.9
6/22/2024 5:30,0,0,53,7411,88.67,20.9
6/22/2024 5:45,0,0,53,7411,88.68,20.9
6/22/2024 6:00,0,0,53,7409,88.68,20.8
6/22/2024 6:15,0,0,53,7411,88.69,20.8
6/22/2024 6:30,0,0,53,7413,88.7,20.8
6/22/2024 6:45,0,0,53,7409,88.7,20.7
6/22/2024 7:00,0,0,53,7413,88.69,20.7
6/22/2024 7:15,0,0,53,7411,88.69,20.7
6/22/2024 7:30,0,0,53,7411,88.7,20.7
6/22/2024 7:45,0,0,53,7412,88.7,20.8
6/22/2024 8:00,0,0,53,7413,88.7,20.8
6/22/2024 8:15,0,0,53,7413,88.71,20.8
6/22/2024 8:30,0,0,53,7413,88.71,20.9
6/22/2024 8:45,0,0,53,7413,88.71,21
6/22/2024 9:00,0,0,53,7412,88.7,21
6/22/2024 9:15,0,0,53,7409,88.7,21.1
6/22/2024 9:30,0,0,52,7403,88.7,21.3
6/22/2024 9:45,0,0,52,7403,88.7,21.4
6/22/2024 10:00,0,0,52,7403,88.7,21.4
6/22/2024 10:15,0,0,52,7404,88.71,21.5
6/22/2024 10:30,0,0,53,7407,88.72,21.6
6/22/2024 10:45,0,0,53,7406,88.73,21.7
6/22/2024 11:00,0,0,53,7408,88.74,21.9
6/22/2024 11:15,0,0,53,7409,88.75,22
6/22/2024 11:30,0,0,53,7410,88.74,22.1
6/22/2024 11:45,0,0,53,7408,88.74,22.3
6/22/2024 12:00,0,0,53,7409,88.71,22.4
6/22/2024 12:15,0,0,53,7409,88.69,22.6
6/22/2024 12:30,0,0,53,7410,88.67,22.8
6/22/2024 12:45,0,0,53,7409,88.66,23
6/22/2024 13:00,0,0,53,7411,88.66,23.2
6/22/2024 13:15,0,0,53,7412,88.66,23.3
6/22/2024 13:30,0,0,53,7410,88.64,23.6
6/22/2024 13:45,0,0,53,7413,88.61,23.8
6/22/2024 14:00,0,0,53,7413,88.59,24
6/22/2024 14:15,0,0,54,7416,88.59,24.1
6/22/2024 14:30,0,0,53,7412,88.58,24.3
6/22/2024 14:45,0,0,53,7413,88.56,24.5
6/22/2024 15:00,0,0,54,7414,88.55,24.6
6/22/2024 15:15,0,0,54,7416,88.54,24.8
6/22/2024 15:30,0,0,54,7415,88.56,24.9
6/22/2024 15:45,0,0,54,7416,88.54,25
6/22/2024 16:00,0,0,54,7418,88.54,25.1
6/22/2024 16:15,0,0,54,7419,88.56,25.2
6/22/2024 16:30,0,0,54,7419,88.55,25.3
6/22/2024 16:45,0,0,54,7419,88.55,25.3
6/22/2024 17:00,0,0,54,7419,88.58,25.3
6/22/2024 17:15,0,0,54,7421,88.6,25.3
6/22/2024 17:30,0,0,54,7419,88.62,25.3
6/22/2024 17:45,0,0,54,7420,88.63,25.2
6/22/2024 18:00,0,0,54,7421,88.64,25.1
6/22/2024 18:15,0,0,55,7423,88.64,25.1
6/22/2024 18:30,0,0,55,7424,88.63,24.9
6/22/2024 18:45,0,0,55,7423,88.65,24.9
6/22/2024 19:00,0,0,55,7422,88.68,24.8
6/22/2024 19:15,0,0,54,7421,88.7,24.7
6/22/2024 19:30,0,0,55,7423,88.7,24.6
6/22/2024 19:45,0,0,55,7423,88.72,24.5
6/22/2024 20:00,0,0,54,7421,88.75,24.4
6/22/2024 20:15,0,0,55,7422,88.75,24.2
6/22/2024 20:30,0,0,55,7425,88.76,24.2
6/22/2024 20:45,0,0,55,7424,88.78,24.1
6/22/2024 21:00,0,0,54,7421,88.79,24
6/22/2024 21:15,0,0,55,7422,88.79,23.9
6/22/2024 21:30,0,0,55,7422,88.8,23.8
6/22/2024 21:45,0,0,55,7425,88.8,23.7
6/22/2024 22:00,0,0,55,7422,88.81,23.6
6/22/2024 22:15,0,0,55,7423,88.82,23.5
6/22/2024 22:30,0,0,55,7422,88.82,23.4
6/22/2024 22:45,0,0,55,7423,88.83,23.3
6/22/2024 23:00,0,0,54,7421,88.82,23.3
6/22/2024 23:15,0,0,55,7422,88.83,23.1
6/22/2024 23:30,0,0,55,7424,88.83,23
6/22/2024 23:45,0,0,55,7422,88.81,23
6/23/2024 0:00,0,0,54,7420,88.78,22.9
6/23/2024 0:15,0,0,54,7416,88.77,22.9
6/23/2024 0:30,0,0,54,7419,88.76,22.8
6/23/2024 0:45,0,0,54,7419,88.75,22.7
6/23/2024 1:00,0,0,54,7418,88.73,22.7
6/23/2024 1:15,0,0,54,7417,88.71,22.6
6/23/2024 1:30,0,0,54,7418,88.69,22.6
6/23/2024 1:45,0,0,54,7419,88.66,22.5
6/23/2024 2:00,0,0,54,7416,88.63,22.4
6/23/2024 2:15,0,0,54,7417,88.62,22.4
6/23/2024 2:30,0,0,54,7415,88.61,22.3
6/23/2024 2:45,0,0,54,7415,88.62,22.3
6/23/2024 3:00,0,0,54,7417,88.61,22.2
6/23/2024 3:15,0,0,54,7416,88.61,22.1
6/23/2024 3:30,0,0,54,7416,88.61,22.1
6/23/2024 3:45,0,0,54,7416,88.6,22
6/23/2024 4:00,0,0,54,7419,88.62,22
6/23/2024 4:15,0,0,54,7416,88.62,22
6/23/2024 4:30,0,0,54,7418,88.6,21.9
6/23/2024 4:45,0,0,54,7415,88.6,21.8
6/23/2024 5:00,0,0,54,7415,88.59,21.8
6/23/2024 5:15,0,0,53,7413,88.59,21.8
6/23/2024 5:30,0,0,54,7416,88.57,21.7
6/23/2024 5:45,0,0,54,7415,88.57,21.7
6/23/2024 6:00,0,0,54,7418,88.58,21.7
6/23/2024 6:15,0,0,54,7414,88.59,21.7
6/23/2024 6:30,0,0,54,7415,88.6,21.7
6/23/2024 6:45,0,0,54,7416,88.59,21.6
6/23/2024 7:00,0,0,54,7416,88.61,21.7
6/23/2024 7:15,0,0,54,7415,88.63,21.7
6/23/2024 7:30,0,0,54,7419,88.65,21.7
6/23/2024 7:45,0,0,54,7417,88.66,21.8
6/23/2024 8:00,0,0,54,7418,88.68,21.8
6/23/2024 8:15,0,0,54,7417,88.69,21.9
6/23/2024 8:30,0,0,50,7383,88.7,21.9
6/23/2024 8:45,0,0,52,7401,88.73,22.2
6/23/2024 9:00,0,0,52,7404,88.73,22.2
6/23/2024 9:15,0,0,52,7402,88.74,22.3
6/23/2024 9:30,0,0,52,7400,88.75,22.4
6/23/2024 9:45,0,0,52,7401,88.78,22.4
6/23/2024 10:00,0,0,52,7402,88.78,22.5
6/23/2024 10:15,0,0,52,7402,88.77,22.6
6/23/2024 10:30,0,0,52,7404,88.75,22.7
6/23/2024 10:45,0,0,52,7400,88.73,22.8
6/23/2024 11:00,0,0,52,7404,88.7,22.9
6/23/2024 11:15,0,0,52,7405,88.69,23
6/23/2024 11:30,0,0,53,7406,88.68,23.2
6/23/2024 11:45,0,0,52,7404,88.68,23.3
6/23/2024 12:00,0,0,53,7407,88.67,23.5
6/23/2024 12:15,0,0,53,7409,88.65,23.6
6/23/2024 12:30,0,0,53,7408,88.64,23.7
6/23/2024 12:45,0,0,53,7408,88.62,23.8
6/23/2024 13:00,0,0,53,7409,88.61,23.9
6/23/2024 13:15,0,0,53,7411,88.61,24
6/23/2024 13:30,0,0,53,7409,88.6,23.9
6/23/2024 13:45,0,0,53,7410,88.59,23.8
6/23/2024 14:00,0,0,53,7411,88.58,23.8
6/23/2024 14:15,0,0,53,7411,88.59,23.7
6/23/2024 14:30,0,0,53,7413,88.57,23.6
6/23/2024 14:45,0,0,53,7412,88.57,23.5
6/23/2024 15:00,0,0,53,7410,88.56,23.3
6/23/2024 15:15,0,0,53,7412,88.53,23.2
6/23/2024 15:30,0,0,53,7413,88.52,23.1
6/23/2024 15:45,0,0,53,7413,88.5,23
6/23/2024 16:00,0,0,53,7413,88.52,22.9
6/23/2024 16:15,0,0,53,7412,88.56,22.8
6/23/2024 16:30,0,0,53,7413,88.58,22.7
6/23/2024 16:45,0,0,53,7413,88.57,22.6
6/23/2024 17:00,0,0,53,7412,88.54,22.5
6/23/2024 17:15,0,0,53,7411,88.61,22.4
6/23/2024 17:30,0,0,53,7413,88.6,22.3
6/23/2024 17:45,0,0,54,7414,88.58,22.2
6/23/2024 18:00,0,0,53,7413,88.63,22.2
6/23/2024 18:15,0,0,54,7414,88.68,22.1
6/23/2024 18:30,0,0,54,7414,88.69,22
6/23/2024 18:45,0,0,54,7415,88.69,22
6/23/2024 19:00,0,0,54,7416,88.72,21.9
6/23/2024 19:15,0,0,54,7416,88.71,21.9
6/23/2024 19:30,0,0,53,7413,88.73,21.9
6/23/2024 19:45,0,0,54,7414,88.7,21.8
6/23/2024 20:00,0,0,54,7417,88.66,21.8
6/23/2024 20:15,0,0,53,7412,88.66,21.8
6/23/2024 20:30,0,0,54,7416,88.67,21.7
6/23/2024 20:45,0,0,54,7414,88.71,21.7
6/23/2024 21:00,0,0,53,7412,88.7,21.6
6/23/2024 21:15,0,0,54,7414,88.7,21.6
6/23/2024 21:30,0,0,53,7413,88.72,21.5
6/23/2024 21:45,0,0,54,7415,88.77,21.5
6/23/2024 22:00,0,0,53,7413,88.78,21.5
6/23/2024 22:15,0,0,53,7413,88.78,21.4
6/23/2024 22:30,0,0,54,7414,88.79,21.4
6/23/2024 22:45,0,0,53,7413,88.78,21.4
6/23/2024 23:00,0,0,54,7416,88.78,21.4
6/23/2024 23:15,0,0,54,7416,88.76,21.3
6/23/2024 23:30,0,0,54,7415,88.76,21.3
6/23/2024 23:45,0,0,54,7415,88.75,21.3
6/24/2024 0:00,0,0,54,7415,88.74,21.3
6/24/2024 0:15,0,0,51,7393,88.72,21.5
6/24/2024 0:30,0,0,52,7401,88.7,21.4
6/24/2024 0:45,0,0,52,7403,88.7,21.3
6/24/2024 1:00,0,0,52,7405,88.69,21.2
6/24/2024 1:15,0,0,52,7401,88.66,21.2
6/24/2024 1:30,0,0,52,7403,88.65,21.2
6/24/2024 1:45,0,0,52,7402,88.65,21.1
6/24/2024 2:00,0,0,53,7406,88.64,21.1
6/24/2024 2:15,0,0,53,7407,88.63,21
6/24/2024 2:30,0,0,53,7406,88.61,21
6/24/2024 2:45,0,0,53,7407,88.59,21
6/24/2024 3:00,0,0,53,7406,88.59,21
6/24/2024 3:15,0,0,52,7404,88.58,20.9
6/24/2024 3:30,0,0,52,7405,88.57,20.9
6/24/2024 3:45,0,0,52,7405,88.57,20.9
6/24/2024 4:00,0,0,52,7405,88.58,20.9
6/24/2024 4:15,0,0,53,7406,88.59,20.8
6/24/2024 4:30,0,0,53,7408,88.59,20.9
6/24/2024 4:45,0,0,53,7409,88.58,20.8
6/24/2024 5:00,0,0,53,7407,88.58,20.8
6/24/2024 5:15,0,0,53,7409,88.58,20.8
6/24/2024 5:30,0,0,52,7405,88.59,20.7
6/24/2024 5:45,0,0,53,7407,88.6,20.7
6/24/2024 6:00,0,0,53,7412,88.61,20.8
6/24/2024 6:15,0,0,53,7406,88.63,20.8
6/24/2024 6:30,0,0,53,7409,88.63,20.8
6/24/2024 6:45,0,0,53,7407,88.63,20.8
6/24/2024 7:00,0,0,53,7408,88.64,20.8
6/24/2024 7:15,0,0,53,7408,88.66,20.9
6/24/2024 7:30,0,0,53,7409,88.68,20.9
6/24/2024 7:45,0,0,53,7408,88.7,20.9
6/24/2024 8:00,0,0,53,7407,88.73,21
6/24/2024 8:15,0,0,53,7408,88.75,21.1
6/24/2024 8:30,0,0,53,7409,88.77,21.3
6/24/2024 8:45,0,0,51,7394,88.78,21.6
6/24/2024 9:00,0,0,51,7396,88.79,21.7
6/24/2024 9:15,0,0,52,7397,88.8,21.8
6/24/2024 9:30,0,0,51,7394,88.8,21.9
6/24/2024 9:45,0,0,51,7394,88.8,22.2
6/24/2024 10:00,0,0,52,7397,88.8,22.2
6/24/2024 10:15,0,0,51,7395,88.8,22.3
6/24/2024 10:30,0,0,52,7397,88.8,22.3
6/24/2024 10:45,0,0,52,7397,88.79,22.3
6/24/2024 11:00,0,0,52,7400,88.79,22.3
6/24/2024 11:15,0,0,52,7400,88.78,22.3
6/24/2024 11:30,0,0,52,7400,88.78,22.4
6/24/2024 11:45,0,0,52,7399,88.76,22.4
6/24/2024 12:00,0,0,52,7400,88.74,22.5
6/24/2024 12:15,0,0,52,7399,88.73,22.6
6/24/2024 12:30,0,0,52,7401,88.71,22.6
6/24/2024 12:45,0,0,52,7401,88.7,22.7
6/24/2024 13:00,0,0,52,7403,88.69,22.8
6/24/2024 13:15,0,0,52,7402,88.68,23
6/24/2024 13:30,0,0,53,7406,88.66,23.1
6/24/2024 13:45,0,0,52,7405,88.65,23.2
6/24/2024 14:00,0,0,52,7403,88.64,23.3
6/24/2024 14:15,0,0,53,7406,88.64,23.3
6/24/2024 14:30,0,0,52,7404,88.63,23.4
6/24/2024 14:45,0,0,53,7406,88.62,23.4
6/24/2024 15:00,0,0,53,7406,88.61,23.5
6/24/2024 15:15,0,0,53,7406,88.59,23.5
6/24/2024 15:30,0,0,53,7408,88.59,23.5
6/24/2024 15:45,0,0,53,7407,88.59,23.5
6/24/2024 16:00,0,0,53,7409,88.59,23.5
6/24/2024 16:15,0,0,53,7408,88.58,23.5
6/24/2024 16:30,0,0,53,7406,88.59,23.5
6/24/2024 16:45,0,0,53,7409,88.6,23.5
6/24/2024 17:00,0,0,53,7409,88.61,23.5
6/24/2024 17:15,0,0,53,7410,88.62,23.5
6/24/2024 17:30,0,0,53,7410,88.61,23.5
6/24/2024 17:45,0,0,53,7409,88.62,23.5
6/24/2024 18:00,0,0,53,7410,88.65,23.5
6/24/2024 18:15,0,0,53,7410,88.67,23.4
6/24/2024 18:30,0,0,53,7410,88.67,23.4
6/24/2024 18:45,0,0,53,7409,88.68,23.3
6/24/2024 19:00,0,0,53,7412,88.7,23.3
6/24/2024 19:15,0,0,53,7413,88.71,23.2
6/24/2024 19:30,0,0,53,7411,88.71,23.2
6/24/2024 19:45,0,0,53,7412,88.72,23.2
6/24/2024 20:00,0,0,54,7414,88.74,23.1
6/24/2024 20:15,0,0,53,7412,88.75,23.1
6/24/2024 20:30,0,0,53,7409,88.75,23
6/24/2024 20:45,0,0,53,7412,88.72,23
6/24/2024 21:00,0,0,53,7413,88.72,23
6/24/2024 21:15,0,0,54,7416,88.74,22.9
6/24/2024 21:30,0,0,53,7413,88.74,22.9
6/24/2024 21:45,0,0,53,7413,88.75,22.9
6/24/2024 22:00,0,0,54,7414,88.75,22.8
6/24/2024 22:15,0,0,53,7413,88.77,22.7
6/24/2024 22:30,0,0,53,7412,88.79,22.7
6/24/2024 22:45,0,0,53,7413,88.8,22.7
6/24/2024 23:00,0,0,53,7413,88.78,22.6
6/24/2024 23:15,0,0,53,7413,88.75,22.5
6/24/2024 23:30,0,0,53,7413,88.74,22.5
6/24/2024 23:45,0,0,54,7416,88.76,22.4
6/25/2024 0:00,0,0,54,7415,88.76,22.4
6/25/2024 0:15,0,0,53,7408,88.74,22.5
6/25/2024 0:30,0,0,53,7408,88.73,22.4
6/25/2024 0:45,0,0,53,7409,88.72,22.3
6/25/2024 1:00,0,0,53,7411,88.71,22.2
6/25/2024 1:15,0,0,53,7409,88.68,22.2
6/25/2024 1:30,0,0,53,7410,88.67,22.2
6/25/2024 1:45,0,0,53,7409,88.65,22.2
6/25/2024 2:00,0,0,53,7408,88.64,22.1
6/25/2024 2:15,0,0,53,7412,88.63,22.1
6/25/2024 2:30,0,0,53,7410,88.64,22
6/25/2024 2:45,0,0,53,7410,88.62,22
6/25/2024 3:00,0,0,53,7410,88.61,21.9
6/25/2024 3:15,0,0,53,7411,88.62,21.9
6/25/2024 3:30,0,0,53,7413,88.63,21.9
6/25/2024 3:45,0,0,53,7410,88.65,21.9
6/25/2024 4:00,0,0,53,7410,88.66,21.8
6/25/2024 4:15,0,0,53,7410,88.66,21.8
6/25/2024 4:30,0,0,53,7408,88.66,21.7
6/25/2024 4:45,0,0,53,7408,88.66,21.7
6/25/2024 5:00,0,0,53,7409,88.68,21.7
6/25/2024 5:15,0,0,53,7411,88.69,21.7
6/25/2024 5:30,0,0,53,7409,88.69,21.6
6/25/2024 5:45,0,0,53,7411,88.7,21.6
6/25/2024 6:00,0,0,53,7410,88.7,21.6
6/25/2024 6:15,0,0,53,7409,88.73,21.6
6/25/2024 6:30,0,0,53,7411,88.76,21.6
6/25/2024 6:45,0,0,53,7410,88.79,21.6
6/25/2024 7:00,0,0,53,7409,88.8,21.5
6/25/2024 7:15,0,0,53,7411,88.81,21.5
6/25/2024 7:30,0,0,53,7409,88.81,21.5
6/25/2024 7:45,0,0,53,7409,88.8,21.5
6/25/2024 8:00,0,0,53,7409,88.81,21.5
6/25/2024 8:15,0,0,53,7409,88.81,21.6
6/25/2024 8:30,0,0,53,7409,88.81,21.6
6/25/2024 8:45,0,0,44,7336,88.83,21.8
6/25/2024 9:00,0,0,49,7376,88.84,22.3
6/25/2024 9:15,0,0,48,7368,88.85,22.1
6/25/2024 9:30,0,0,49,7372,88.84,22.2
6/25/2024 9:45,0,0,49,7375,88.85,22.1
6/25/2024 10:00,0,0,49,7379,88.84,22.1
6/25/2024 10:15,0,0,50,7380,88.85,22.2
6/25/2024 10:30,0,0,50,7381,88.86,22.3
6/25/2024 10:45,0,0,50,7382,88.85,22.4
6/25/2024 11:00,0,0,50,7382,88.84,22.5
6/25/2024 11:15,0,0,50,7384,88.83,22.5
6/25/2024 11:30,0,0,50,7386,88.82,22.7
6/25/2024 11:45,0,0,50,7385,88.83,22.7
6/25/2024 12:00,0,0,50,7387,88.81,22.8
6/25/2024 12:15,0,0,50,7387,88.8,22.9
6/25/2024 12:30,0,0,50,7388,88.78,23
6/25/2024 12:45,0,0,51,7390,88.78,23.1
6/25/2024 13:00,0,0,51,7391,88.75,23.2
6/25/2024 13:15,0,0,51,7391,88.72,23.2
6/25/2024 13:30,0,0,51,7394,88.69,23.3
6/25/2024 13:45,0,0,51,7393,88.66,23.3
6/25/2024 14:00,0,0,51,7396,88.61,23.4
6/25/2024 14:15,0,0,51,7394,88.64,23.4
6/25/2024 14:30,0,0,51,7396,88.67,23.4
6/25/2024 14:45,0,0,51,7396,88.69,23.5
6/25/2024 15:00,0,0,51,7394,88.67,23.4
6/25/2024 15:15,0,0,51,7396,88.69,23.4
6/25/2024 15:30,0,0,51,7396,88.73,23.4
6/25/2024 15:45,0,0,52,7399,88.74,23.3
6/25/2024 16:00,0,0,52,7399,88.68,23.2
6/25/2024 16:15,0,0,51,7396,88.7,23.2
6/25/2024 16:30,0,0,51,7396,88.67,23.1
6/25/2024 16:45,0,0,52,7397,88.72,23
6/25/2024 17:00,0,0,52,7397,88.77,22.9
6/25/2024 17:15,0,0,51,7394,88.8,22.8
6/25/2024 17:30,0,0,52,7400,88.79,22.7
6/25/2024 17:45,0,0,52,7399,88.78,22.7
6/25/2024 18:00,0,0,52,7399,88.78,22.6
6/25/2024 18:15,0,0,52,7397,88.8,22.5
6/25/2024 18:30,0,0,52,7400,88.78,22.4
6/25/2024 18:45,0,0,52,7398,88.79,22.4
6/25/2024 19:00,0,0,52,7398,88.8,22.3
6/25/2024 19:15,0,0,52,7400,88.82,22.3
6/25/2024 19:30,0,0,52,7400,88.83,22.2
6/25/2024 19:45,0,0,52,7398,88.83,22.1
6/25/2024 20:00,0,0,52,7402,88.83,22.1
6/25/2024 20:15,0,0,52,7401,88.86,22
6/25/2024 20:30,0,0,52,7402,88.86,22
6/25/2024 20:45,0,0,52,7398,88.87,21.9
6/25/2024 21:00,0,0,52,7398,88.84,21.8
6/25/2024 21:15,0,0,52,7399,88.83,21.8
6/25/2024 21:30,0,0,52,7400,88.81,21.7
6/25/2024 21:45,0,0,52,7399,88.84,21.7
6/25/2024 22:00,0,0,52,7402,88.85,21.6
6/25/2024 22:15,0,0,52,7401,88.89,21.6
6/25/2024 22:30,0,0,52,7401,88.89,21.5
6/25/2024 22:45,0,0,52,7403,88.9,21.5
6/25/2024 23:00,0,0,52,7400,88.91,21.4
6/25/2024 23:15,0,0,52,7402,88.89,21.4
6/25/2024 23:30,0,0,52,7402,88.89,21.3
6/25/2024 23:45,0,0,52,7400,88.87,21.3
6/26/2024 0:00,0,0,52,7400,88.88,21.3
6/26/2024 0:15,0,0,52,7397,88.88,21.4
6/26/2024 0:30,0,0,52,7397,88.85,21.3
6/26/2024 0:45,0,0,52,7397,88.83,21.2
6/26/2024 1:00,0,0,52,7397,88.8,21.2
6/26/2024 1:15,0,0,52,7397,88.78,21.2
6/26/2024 1:30,0,0,51,7394,88.77,21.2
6/26/2024 1:45,0,0,51,7394,88.77,21.1
6/26/2024 2:00,0,0,51,7396,88.77,21.1
6/26/2024 2:15,0,0,51,7394,88.76,21.1
6/26/2024 2:30,0,0,52,7399,88.77,21.1
6/26/2024 2:45,0,0,52,7397,88.76,21.1
6/26/2024 3:00,0,0,51,7396,88.75,21
6/26/2024 3:15,0,0,52,7397,88.72,21
6/26/2024 3:30,0,0,51,7396,88.71,21
6/26/2024 3:45,0,0,52,7397,88.73,21
6/26/2024 4:00,0,0,52,7397,88.73,21
6/26/2024 4:15,0,0,52,7397,88.72,21
6/26/2024 4:30,0,0,51,7396,88.73,20.9
6/26/2024 4:45,0,0,52,7398,88.74,20.9
6/26/2024 5:00,0,0,52,7398,88.76,20.9
6/26/2024 5:15,0,0,51,7396,88.78,20.9
6/26/2024 5:30,0,0,52,7397,88.79,20.9
6/26/2024 5:45,0,0,51,7396,88.78,20.9
6/26/2024 6:00,0,0,51,7395,88.77,20.8
6/26/2024 6:15,0,0,52,7397,88.77,20.8
6/26/2024 6:30,0,0,52,7397,88.79,20.8
6/26/2024 6:45,0,0,51,7394,88.81,20.8
6/26/2024 7:00,0,0,51,7394,88.83,20.8
6/26/2024 7:15,0,0,51,7395,88.82,20.8
6/26/2024 7:30,0,0,51,7396,88.82,20.8
6/26/2024 7:45,0,0,51,7394,88.82,20.8
6/26/2024 8:00,0,0,51,7395,88.82,20.8
6/26/2024 8:15,0,0,51,7395,88.81,20.8
6/26/2024 8:30,0,0,50,7384,88.8,20.9
6/26/2024 8:45,0,0,47,7360,88.79,21.3
6/26/2024 9:00,0,0,48,7365,88.78,21.3
6/26/2024 9:15,0,0,48,7368,88.77,21.2
6/26/2024 9:30,0,0,47,7359,88.76,21.3
6/26/2024 9:45,0,0,48,7365,88.78,21.4
6/26/2024 10:00,0,0,48,7365,88.79,21.4
6/26/2024 10:15,0,0,48,7368,88.8,21.5
6/26/2024 10:30,0,0,48,7368,88.79,21.5
6/26/2024 10:45,0,0,48,7368,88.78,21.6
6/26/2024 11:00,0,0,48,7370,88.78,21.6
6/26/2024 11:15,0,0,49,7373,88.78,21.7
6/26/2024 11:30,0,0,49,7377,88.78,21.7
6/26/2024 11:45,0,0,49,7375,88.75,21.8
6/26/2024 12:00,0,0,49,7376,88.72,21.9
6/26/2024 12:15,0,0,49,7377,88.71,22
6/26/2024 12:30,0,0,50,7380,88.69,22.1
6/26/2024 12:45,0,0,49,7379,88.67,22.1
6/26/2024 13:00,0,0,50,7380,88.65,22.1
6/26/2024 13:15,0,0,50,7381,88.66,22.1
6/26/2024 13:30,0,0,50,7381,88.67,22
6/26/2024 13:45,0,0,50,7384,88.67,22
6/26/2024 14:00,0,0,50,7384,88.66,22
6/26/2024 14:15,0,0,50,7382,88.62,22
6/26/2024 14:30,0,0,50,7381,88.6,22
6/26/2024 14:45,0,0,50,7383,88.57,22
6/26/2024 15:00,0,0,50,7385,88.54,22
6/26/2024 15:15,0,0,50,7384,88.54,21.9
6/26/2024 15:30,0,0,50,7384,88.56,21.9
6/26/2024 15:45,0,0,50,7387,88.57,21.8
6/26/2024 16:00,0,0,50,7385,88.61,21.8
6/26/2024 16:15,0,0,51,7389,88.63,21.7
6/26/2024 16:30,0,0,51,7389,88.63,21.7
6/26/2024 16:45,0,0,50,7388,88.65,21.6
6/26/2024 17:00,0,0,51,7389,88.68,21.6
6/26/2024 17:15,0,0,51,7389,88.66,21.6
6/26/2024 17:30,0,0,51,7389,88.67,21.5
6/26/2024 17:45,0,0,50,7387,88.7,21.5
6/26/2024 18:00,0,0,50,7388,88.71,21.5
6/26/2024 18:15,0,0,51,7391,88.71,21.5
6/26/2024 18:30,0,0,50,7388,88.71,21.4
6/26/2024 18:45,0,0,51,7389,88.7,21.4
6/26/2024 19:00,0,0,51,7391,88.7,21.3
6/26/2024 19:15,0,0,51,7390,88.69,21.3
6/26/2024 19:30,0,0,50,7387,88.69,21.3
6/26/2024 19:45,0,0,51,7390,88.72,21.2
6/26/2024 20:00,0,0,50,7388,88.74,21.2
6/26/2024 20:15,0,0,51,7390,88.76,21.1
6/26/2024 20:30,0,0,51,7391,88.78,21.1
6/26/2024 20:45,0,0,51,7389,88.79,21
6/26/2024 21:00,0,0,51,7390,88.8,20.9
6/26/2024 21:15,0,0,51,7389,88.81,20.9
6/26/2024 21:30,0,0,51,7390,88.82,20.8
6/26/2024 21:45,0,0,51,7391,88.82,20.8
6/26/2024 22:00,0,0,51,7394,88.83,20.7
6/26/2024 22:15,0,0,51,7390,88.83,20.7
6/26/2024 22:30,0,0,51,7389,88.84,20.6
6/26/2024 22:45,0,0,51,7390,88.83,20.6
6/26/2024 23:00,0,0,51,7391,88.82,20.5
6/26/2024 23:15,0,0,51,7391,88.81,20.5
6/26/2024 23:30,0,0,51,7390,88.81,20.5
6/26/2024 23:45,0,0,51,7391,88.8,20.4
6/27/2024 0:00,0,0,51,7393,88.78,20.4
6/27/2024 0:15,0,0,49,7375,88.76,20.6
6/27/2024 0:30,0,0,49,7377,88.75,20.6
6/27/2024 0:45,0,0,49,7378,88.73,20.5
6/27/2024 1:00,0,0,49,7378,88.72,20.4
6/27/2024 1:15,0,0,49,7379,88.7,20.4
6/27/2024 1:30,0,0,50,7382,88.69,20.4
6/27/2024 1:45,0,0,49,7379,88.68,20.4
6/27/2024 2:00,0,0,50,7381,88.68,20.3
6/27/2024 2:15,0,0,50,7384,88.66,20.3
6/27/2024 2:30,0,0,50,7381,88.65,20.3
6/27/2024 2:45,0,0,50,7382,88.64,20.2
6/27/2024 3:00,0,0,50,7381,88.62,20.2
6/27/2024 3:15,0,0,50,7384,88.62,20.2
6/27/2024 3:30,0,0,50,7382,88.64,20.2
6/27/2024 3:45,0,0,50,7385,88.64,20.2
6/27/2024 4:00,0,0,50,7385,88.63,20.2
6/27/2024 4:15,0,0,50,7383,88.61,20.1
6/27/2024 4:30,0,0,50,7384,88.6,20.1
6/27/2024 4:45,0,0,50,7382,88.59,20.1
6/27/2024 5:00,0,0,50,7384,88.59,20.1
6/27/2024 5:15,0,0,50,7383,88.59,20.1
6/27/2024 5:30,0,0,50,7384,88.6,20.1
6/27/2024 5:45,0,0,50,7381,88.61,20.1
6/27/2024 6:00,0,0,50,7384,88.62,20.1
6/27/2024 6:15,0,0,50,7381,88.64,20.1
6/27/2024 6:30,0,0,50,7384,88.66,20.1
6/27/2024 6:45,0,0,50,7384,88.66,20.1
6/27/2024 7:00,0,0,50,7381,88.67,20
6/27/2024 7:15,0,0,50,7381,88.68,20
6/27/2024 7:30,0,0,50,7383,88.68,20.1
6/27/2024 7:45,0,0,50,7387,88.69,20.1
6/27/2024 8:00,0,0,50,7383,88.71,20.1
6/27/2024 8:15,0,0,50,7383,88.73,20.1
6/27/2024 8:30,0,0,50,7386,88.73,20.1
6/27/2024 8:45,0,0,50,7381,88.74,20.2
6/27/2024 9:00,0,0,50,7382,88.76,20.2
6/27/2024 9:15,0,0,50,7382,88.75,20.2
6/27/2024 9:30,0,0,50,7383,88.76,20.2
6/27/2024 9:45,0,0,50,7381,88.75,20.2
6/27/2024 10:00,0,0,50,7381,88.75,20.2
6/27/2024 10:15,0,0,50,7383,88.77,20.2
6/27/2024 10:30,0,0,50,7381,88.77,20.2
6/27/2024 10:45,0,0,50,7384,88.76,20.2
6/27/2024 11:00,0,0,50,7383,88.76,20.3
6/27/2024 11:15,0,0,50,7383,88.75,20.2
6/27/2024 11:30,0,0,50,7384,88.75,20.2
6/27/2024 11:45,0,0,50,7385,88.74,20.2
6/27/2024 12:00,0,0,50,7384,88.73,20.2
6/27/2024 12:15,0,0,50,7384,88.72,20.2
6/27/2024 12:30,0,0,50,7387,88.71,20.2
6/27/2024 12:45,0,0,50,7384,88.69,20.1
6/27/2024 13:00,0,0,50,7381,88.67,20.1
6/27/2024 13:15,0,0,50,7384,88.64,20.2
6/27/2024 13:30,0,0,50,7387,88.62,20.2
6/27/2024 13:45,0,0,50,7385,88.59,20.2
6/27/2024 14:00,0,0,50,7383,88.58,20.2
6/27/2024 14:15,0,0,50,7385,88.58,20.2
6/27/2024 14:30,0,0,50,7383,88.57,20.3
6/27/2024 14:45,0,0,50,7384,88.56,20.3
6/27/2024 15:00,0,0,50,7385,88.56,20.3
6/27/2024 15:15,0,0,50,7384,88.56,20.3
6/27/2024 15:30,0,0,50,7386,88.55,20.4
6/27/2024 15:45,0,0,50,7385,88.53,20.4
6/27/2024 16:00,0,0,50,7387,88.53,20.4
6/27/2024 16:15,0,0,50,7387,88.54,20.4
6/27/2024 16:30,0,0,50,7385,88.56,20.4
6/27/2024 16:45,0,0,51,7389,88.58,20.4
6/27/2024 17:00,0,0,51,7389,88.6,20.4
6/27/2024 17:15,0,0,50,7388,88.62,20.4
6/27/2024 17:30,0,0,50,7388,88.63,20.4
6/27/2024 17:45,0,0,50,7387,88.63,20.3
6/27/2024 18:00,0,0,50,7387,88.65,20.3
6/27/2024 18:15,0,0,50,7388,88.67,20.3
6/27/2024 18:30,0,0,50,7388,88.68,20.2
6/27/2024 18:45,0,0,50,7387,88.71,20.2
6/27/2024 19:00,0,0,50,7387,88.72,20.2
6/27/2024 19:15,0,0,50,7386,88.73,20.2
6/27/2024 19:30,0,0,50,7387,88.74,20.2
6/27/2024 19:45,0,0,51,7390,88.75,20.1
6/27/2024 20:00,0,0,51,7389,88.78,20.1
6/27/2024 20:15,0,0,50,7387,88.79,20.1
6/27/2024 20:30,0,0,50,7388,88.78,20
6/27/2024 20:45,0,0,51,7391,88.79,20
6/27/2024 21:00,0,0,50,7388,88.81,20
6/27/2024 21:15,0,0,51,7389,88.78,20
6/27/2024 21:30,0,0,50,7387,88.74,20
6/27/2024 21:45,0,0,51,7389,88.76,20
6/27/2024 22:00,0,0,50,7387,88.76,20
6/27/2024 22:15,0,0,51,7390,88.77,20
6/27/2024 22:30,0,0,50,7387,88.79,19.9
6/27/2024 22:45,0,0,50,7387,88.8,19.9
6/27/2024 23:00,0,0,50,7388,88.8,19.9
6/27/2024 23:15,0,0,50,7387,88.8,19.9
6/27/2024 23:30,0,0,51,7389,88.78,19.9
6/27/2024 23:45,0,0,51,7389,88.78,19.8
6/28/2024 0:00,0,0,51,7389,88.78,19.7
6/28/2024 0:15,0,0,49,7373,88.77,19.9
6/28/2024 0:30,0,0,49,7375,88.76,19.7
6/28/2024 0:45,0,0,49,7379,88.74,19.6
6/28/2024 1:00,0,0,49,7378,88.72,19.6
6/28/2024 1:15,0,0,49,7377,88.69,19.6
6/28/2024 1:30,0,0,49,7376,88.67,19.5
6/28/2024 1:45,0,0,49,7376,88.65,19.5
6/28/2024 2:00,0,0,50,7380,88.64,19.5
6/28/2024 2:15,0,0,49,7377,88.62,19.5
6/28/2024 2:30,0,0,49,7378,88.62,19.5
6/28/2024 2:45,0,0,49,7379,88.6,19.5
6/28/2024 3:00,0,0,49,7379,88.59,19.5
6/28/2024 3:15,0,0,49,7379,88.59,19.5
6/28/2024 3:30,0,0,49,7378,88.59,19.5
6/28/2024 3:45,0,0,49,7378,88.59,19.5
6/28/2024 4:00,0,0,49,7379,88.59,19.4
6/28/2024 4:15,0,0,49,7378,88.58,19.4
6/28/2024 4:30,0,0,49,7376,88.57,19.4
6/28/2024 4:45,0,0,49,7376,88.56,19.4
6/28/2024 5:00,0,0,50,7380,88.53,19.4
6/28/2024 5:15,0,0,49,7379,88.53,19.4
6/28/2024 5:30,0,0,49,7377,88.54,19.4
6/28/2024 5:45,0,0,49,7379,88.57,19.4
6/28/2024 6:00,0,0,49,7379,88.57,19.3
6/28/2024 6:15,0,0,49,7378,88.6,19.3
6/28/2024 6:30,0,0,50,7381,88.64,19.3
6/28/2024 6:45,0,0,50,7380,88.67,19.3
6/28/2024 7:00,0,0,49,7378,88.69,19.3
6/28/2024 7:15,0,0,49,7376,88.7,19.3
6/28/2024 7:30,0,0,50,7381,88.71,19.3
6/28/2024 7:45,0,0,50,7381,88.74,19.3
6/28/2024 8:00,0,0,49,7379,88.76,19.3
6/28/2024 8:15,0,0,49,7378,88.77,19.3
6/28/2024 8:30,0,0,50,7380,88.78,19.3
6/28/2024 8:45,0,0,47,7355,88.8,19.4
6/28/2024 9:00,0,0,46,7347,88.8,19.8
6/28/2024 9:15,0,0,45,7340,88.8,19.6
6/28/2024 9:30,0,0,45,7343,88.81,19.7
6/28/2024 9:45,0,0,46,7347,88.82,19.6
6/28/2024 10:00,0,0,46,7348,88.82,19.6
6/28/2024 10:15,0,0,46,7350,88.81,19.6
6/28/2024 10:30,0,0,46,7353,88.81,19.7
6/28/2024 10:45,0,0,46,7353,88.82,19.8
6/28/2024 11:00,0,0,47,7356,88.81,20
6/28/2024 11:15,0,0,47,7356,88.82,20
6/28/2024 11:30,0,0,47,7357,88.8,20.1
6/28/2024 11:45,0,0,47,7357,88.78,20.2
6/28/2024 12:00,0,0,47,7359,88.78,20.3
6/28/2024 12:15,0,0,47,7360,88.78,20.3
6/28/2024 12:30,0,0,47,7361,88.77,20.4
6/28/2024 12:45,0,0,48,7364,88.75,20.5
6/28/2024 13:00,0,0,47,7361,88.73,20.5
6/28/2024 13:15,0,0,47,7362,88.71,20.6
6/28/2024 13:30,0,0,48,7364,88.7,20.6
6/28/2024 13:45,0,0,48,7364,88.67,20.7
6/28/2024 14:00,0,0,48,7364,88.66,20.7
6/28/2024 14:15,0,0,47,7362,88.66,20.8
6/28/2024 14:30,0,0,48,7365,88.65,20.8
6/28/2024 14:45,0,0,48,7364,88.64,20.8
6/28/2024 15:00,0,0,48,7365,88.62,20.8
6/28/2024 15:15,0,0,48,7366,88.62,20.8
6/28/2024 15:30,0,0,48,7370,88.61,20.8
6/28/2024 15:45,0,0,48,7367,88.59,20.8
6/28/2024 16:00,0,0,48,7371,88.6,20.8
6/28/2024 16:15,0,0,48,7369,88.6,20.7
6/28/2024 16:30,0,0,48,7369,88.61,20.7
6/28/2024 16:45,0,0,48,7369,88.62,20.7
6/28/2024 17:00,0,0,48,7371,88.64,20.6
6/28/2024 17:15,0,0,48,7370,88.66,20.6
6/28/2024 17:30,0,0,48,7369,88.67,20.6
6/28/2024 17:45,0,0,48,7371,88.68,20.6
6/28/2024 18:00,0,0,48,7369,88.71,20.5
6/28/2024 18:15,0,0,48,7370,88.73,20.5
6/28/2024 18:30,0,0,48,7370,88.76,20.4
6/28/2024 18:45,0,0,49,7372,88.8,20.4
6/28/2024 19:00,0,0,49,7373,88.81,20.3
6/28/2024 19:15,0,0,48,7371,88.83,20.3
6/28/2024 19:30,0,0,49,7372,88.82,20.2
6/28/2024 19:45,0,0,49,7372,88.85,20.2
6/28/2024 20:00,0,0,49,7372,88.87,20.2
6/28/2024 20:15,0,0,49,7374,88.86,20.1
6/28/2024 20:30,0,0,49,7372,88.91,20.1
6/28/2024 20:45,0,0,49,7372,88.95,20.1
6/28/2024 21:00,0,0,49,7372,88.94,20
6/28/2024 21:15,0,0,49,7373,88.94,20
6/28/2024 21:30,0,0,49,7373,88.96,20
6/28/2024 21:45,0,0,49,7374,88.97,19.9
6/28/2024 22:00,0,0,49,7374,88.96,19.9
6/28/2024 22:15,0,0,49,7374,88.95,19.9
6/28/2024 22:30,0,0,49,7375,88.95,19.9
6/28/2024 22:45,0,0,49,7376,88.94,19.9
6/28/2024 23:00,0,0,49,7374,88.93,19.9
6/28/2024 23:15,0,0,49,7373,88.91,19.9
6/28/2024 23:30,0,0,49,7375,88.9,19.9
6/28/2024 23:45,0,0,49,7375,88.87,19.8
6/29/2024 0:00,0,0,49,7376,88.83,19.8
6/29/2024 0:15,0,0,46,7350,88.78,20
6/29/2024 0:15,0,0,46,7351,88.76,20.1
6/29/2024 0:30,0,0,47,7360,88.74,20
6/29/2024 0:45,0,0,47,7362,88.72,19.9
6/29/2024 1:00,0,0,48,7365,88.73,19.8
6/29/2024 1:15,0,0,48,7365,88.75,19.8
6/29/2024 1:30,0,0,47,7362,88.77,19.8
6/29/2024 1:45,0,0,47,7363,88.77,19.8
6/29/2024 2:00,0,0,48,7365,88.77,19.8
6/29/2024 2:15,0,0,48,7364,88.77,19.8
6/29/2024 2:30,0,0,48,7368,88.76,19.8
6/29/2024 2:45,0,0,48,7368,88.76,19.8
6/29/2024 3:00,0,0,48,7368,88.76,19.8
6/29/2024 3:15,0,0,48,7371,88.77,19.8
6/29/2024 3:30,0,0,48,7368,88.78,19.8
6/29/2024 3:45,0,0,48,7368,88.76,19.8
6/29/2024 4:00,0,0,48,7369,88.76,19.8
6/29/2024 4:15,0,0,48,7368,88.78,19.8
6/29/2024 4:30,0,0,48,7368,88.78,19.8
6/29/2024 4:45,0,0,48,7368,88.79,19.8
6/29/2024 5:00,0,0,48,7368,88.8,19.8
6/29/2024 5:15,0,0,48,7369,88.81,19.8
6/29/2024 5:30,0,0,48,7369,88.83,19.8
6/29/2024 5:45,0,0,49,7372,88.85,19.8
6/29/2024 6:00,0,0,48,7371,88.86,19.8
6/29/2024 6:15,0,0,48,7368,88.88,19.8
6/29/2024 6:30,0,0,49,7372,88.9,19.8
6/29/2024 6:45,0,0,49,7372,88.89,19.8
6/29/2024 7:00,0,0,48,7370,88.89,19.9
6/29/2024 7:15,0,0,48,7370,88.89,19.9
6/29/2024 7:30,0,0,49,7372,88.92,19.9
6/29/2024 7:45,0,0,49,7372,88.92,20
6/29/2024 8:00,0,0,48,7370,88.92,20
6/29/2024 8:15,0,0,49,7372,88.93,20.1
6/29/2024 8:30,0,0,45,7346,88.95,20.4
6/29/2024 8:45,0,0,46,7352,88.98,20.5
6/29/2024 9:00,0,0,46,7350,88.98,20.4
6/29/2024 9:15,0,0,43,7323,88.98,20.5
6/29/2024 9:30,0,0,45,7342,88.97,20.7
6/29/2024 9:45,0,0,45,7345,88.95,20.8
6/29/2024 10:00,0,0,45,7346,88.94,20.8
6/29/2024 10:15,0,0,46,7349,88.93,20.9
6/29/2024 10:30,0,0,46,7352,88.93,21
6/29/2024 10:45,0,0,46,7349,88.92,21.1
6/29/2024 11:00,0,0,46,7353,88.92,21.2
6/29/2024 11:15,0,0,46,7353,88.92,21.2
6/29/2024 11:30,0,0,46,7353,88.91,21.3
6/29/2024 11:45,0,0,47,7356,88.9,21.4
6/29/2024 12:00,0,0,47,7359,88.89,21.5
6/29/2024 12:15,0,0,47,7362,88.86,21.5
6/29/2024 12:30,0,0,47,7360,88.86,21.6
6/29/2024 12:45,0,0,47,7362,88.85,21.7
6/29/2024 13:00,0,0,47,7363,88.83,21.8
6/29/2024 13:15,0,0,47,7362,88.81,21.8
6/29/2024 13:30,0,0,47,7363,88.8,21.9
6/29/2024 13:45,0,0,47,7363,88.78,21.9
6/29/2024 14:00,0,0,48,7367,88.79,21.9
6/29/2024 14:15,0,0,48,7365,88.78,21.9
6/29/2024 14:30,0,0,48,7365,88.79,21.9
6/29/2024 14:45,0,0,48,7366,88.79,21.9
6/29/2024 15:00,0,0,48,7368,88.77,21.9
6/29/2024 15:15,0,0,48,7366,88.77,21.8
6/29/2024 15:30,0,0,48,7367,88.76,21.8
6/29/2024 15:45,0,0,48,7368,88.76,21.8
6/29/2024 16:00,0,0,48,7367,88.76,21.8
6/29/2024 16:15,0,0,48,7369,88.76,21.8
6/29/2024 16:30,0,0,49,7372,88.75,21.7
6/29/2024 16:45,0,0,48,7368,88.76,21.7
6/29/2024 17:00,0,0,48,7368,88.76,21.7
6/29/2024 17:15,0,0,48,7371,88.76,21.7
6/29/2024 17:30,0,0,48,7370,88.75,21.7
6/29/2024 17:45,0,0,49,7373,88.74,21.7
6/29/2024 18:00,0,0,49,7372,88.77,21.7
6/29/2024 18:15,0,0,49,7372,88.79,21.7
6/29/2024 18:30,0,0,49,7373,88.8,21.7
6/29/2024 18:45,0,0,49,7373,88.83,21.7
6/29/2024 19:00,0,0,49,7374,88.83,21.7
6/29/2024 19:15,0,0,49,7373,88.84,21.6
6/29/2024 19:30,0,0,49,7373,88.85,21.6
6/29/2024 19:45,0,0,49,7373,88.83,21.6
6/29/2024 20:00,0,0,49,7375,88.8,21.6
6/29/2024 20:15,0,0,49,7375,88.79,21.5
6/29/2024 20:30,0,0,49,7375,88.77,21.5
6/29/2024 20:45,0,0,49,7375,88.75,21.5
6/29/2024 21:00,0,0,49,7378,88.8,21.4
6/29/2024 21:15,0,0,49,7377,88.81,21.4
6/29/2024 21:30,0,0,49,7375,88.79,21.3
6/29/2024 21:45,0,0,49,7377,88.77,21.3
6/29/2024 22:00,0,0,49,7376,88.76,21.2
6/29/2024 22:15,0,0,49,7378,88.76,21.2
6/29/2024 22:30,0,0,49,7375,88.72,21.1
6/29/2024 22:45,0,0,49,7377,88.66,21.1
6/29/2024 23:00,0,0,49,7375,88.64,21
6/29/2024 23:15,0,0,49,7376,88.63,21
6/29/2024 23:30,0,0,49,7375,88.6,20.9
6/29/2024 23:45,0,0,49,7378,88.58,20.9
6/30/2024 0:00,0,0,50,7380,88.56,20.8
6/30/2024 0:15,0,0,45,7345,88.54,21
6/30/2024 0:30,0,0,47,7361,88.55,21
6/30/2024 0:45,0,0,47,7362,88.57,20.8
6/30/2024 1:00,0,0,48,7365,88.59,20.8
6/30/2024 1:15,0,0,48,7364,88.64,20.7
6/30/2024 1:30,0,0,48,7364,88.64,20.7
6/30/2024 1:45,0,0,48,7364,88.64,20.6
6/30/2024 2:00,0,0,48,7365,88.64,20.6
6/30/2024 2:15,0,0,47,7363,88.65,20.5
6/30/2024 2:30,0,0,48,7365,88.66,20.5
6/30/2024 2:45,0,0,48,7365,88.66,20.5
6/30/2024 3:00,0,0,48,7366,88.66,20.4
6/30/2024 3:15,0,0,48,7367,88.66,20.4
6/30/2024 3:30,0,0,48,7366,88.67,20.4
6/30/2024 3:45,0,0,48,7365,88.67,20.4
6/30/2024 4:00,0,0,47,7362,88.68,20.3
6/30/2024 4:15,0,0,48,7367,88.66,20.3
6/30/2024 4:30,0,0,48,7368,88.67,20.3
6/30/2024 4:45,0,0,48,7368,88.68,20.3
6/30/2024 5:00,0,0,48,7365,88.7,20.3
6/30/2024 5:15,0,0,48,7368,88.7,20.2
6/30/2024 5:30,0,0,48,7368,88.7,20.2
6/30/2024 5:45,0,0,48,7370,88.7,20.2
6/30/2024 6:00,0,0,48,7369,88.71,20.2
6/30/2024 6:15,0,0,48,7368,88.71,20.2
6/30/2024 6:30,0,0,48,7368,88.71,20.2
6/30/2024 6:45,0,0,48,7368,88.71,20.2
6/30/2024 7:00,0,0,48,7369,88.72,20.2
6/30/2024 7:15,0,0,48,7370,88.72,20.2
6/30/2024 7:30,0,0,48,7369,88.72,20.3
6/30/2024 7:45,0,0,48,7369,88.73,20.3
6/30/2024 8:00,0,0,48,7368,88.74,20.3
6/30/2024 8:15,0,0,41,7306,88.76,20.5
6/30/2024 8:30,0,0,45,7340,88.78,20.9
6/30/2024 8:45,0,0,45,7342,88.79,20.7
6/30/2024 9:00,0,0,45,7341,88.8,20.7
6/30/2024 9:15,0,0,45,7343,88.81,20.7
6/30/2024 9:30,0,0,44,7330,88.82,20.8
6/30/2024 9:45,0,0,44,7336,88.82,20.9
6/30/2024 10:00,0,0,44,7337,88.82,20.9
6/30/2024 10:15,0,0,45,7339,88.82,20.9
6/30/2024 10:30,0,0,45,7340,88.81,21
6/30/2024 10:45,0,0,45,7346,88.8,21.1
6/30/2024 11:00,0,0,45,7345,88.79,21.2
6/30/2024 11:15,0,0,45,7346,88.78,21.3
6/30/2024 11:30,0,0,46,7351,88.78,21.4
6/30/2024 11:45,0,0,46,7354,88.77,21.6
6/30/2024 12:00,0,0,46,7351,88.77,21.7
6/30/2024 12:15,0,0,47,7356,88.76,21.9
6/30/2024 12:30,0,0,46,7353,88.74,22
6/30/2024 12:45,0,0,47,7356,88.72,22.2
6/30/2024 13:00,0,0,47,7357,88.7,22.3
6/30/2024 13:15,0,0,47,7355,88.69,22.5
6/30/2024 13:30,0,0,47,7359,88.67,22.6
6/30/2024 13:45,0,0,47,7359,88.66,22.8
6/30/2024 14:00,0,0,47,7360,88.64,23
6/30/2024 14:15,0,0,47,7360,88.64,23.1
6/30/2024 14:30,0,0,47,7360,88.62,23.3
6/30/2024 14:45,0,0,48,7365,88.58,23.4
6/30/2024 15:00,0,0,47,7362,88.57,23.5
6/30/2024 15:15,0,0,48,7365,88.56,23.7
6/30/2024 15:30,0,0,48,7368,88.56,23.8
6/30/2024 15:45,0,0,48,7366,88.56,23.9
6/30/2024 16:00,0,0,48,7368,88.57,24
6/30/2024 16:15,0,0,48,7368,88.57,24.1
6/30/2024 16:30,0,0,48,7368,88.58,24.2
6/30/2024 16:45,0,0,48,7371,88.58,24.3
6/30/2024 17:00,0,0,48,7371,88.57,24.3
6/30/2024 17:15,0,0,49,7373,88.56,24.4
6/30/2024 17:30,0,0,49,7373,88.57,24.4
6/30/2024 17:45,0,0,49,7372,88.59,24.4
6/30/2024 18:00,0,0,49,7373,88.6,24.4
6/30/2024 18:15,0,0,49,7374,88.62,24.4
6/30/2024 18:30,0,0,49,7376,88.63,24.3
6/30/2024 18:45,0,0,49,7374,88.64,24.3
6/30/2024 19:00,0,0,49,7377,88.65,24.2
6/30/2024 19:15,0,0,49,7377,88.66,24.1
6/30/2024 19:30,0,0,49,7376,88.68,24.1
6/30/2024 19:45,0,0,49,7376,88.68,24
6/30/2024 20:00,0,0,49,7378,88.69,23.9
6/30/2024 20:15,0,0,49,7378,88.7,23.8
6/30/2024 20:30,0,0,50,7381,88.7,23.7
6/30/2024 20:45,0,0,49,7378,88.71,23.6
6/30/2024 21:00,0,0,49,7378,88.71,23.5
6/30/2024 21:15,0,0,49,7379,88.71,23.4
6/30/2024 21:30,0,0,49,7378,88.7,23.2
6/30/2024 21:45,0,0,49,7379,88.7,23.1
6/30/2024 22:00,0,0,50,7381,88.7,23
6/30/2024 22:15,0,0,49,7378,88.69,22.9
6/30/2024 22:30,0,0,50,7380,88.68,22.8
6/30/2024 22:45,0,0,50,7381,88.68,22.6
6/30/2024 23:00,0,0,49,7377,88.69,22.5
6/30/2024 23:15,0,0,50,7381,88.68,22.4
6/30/2024 23:30,0,0,50,7380,88.66,22.3
6/30/2024 23:45,0,0,49,7379,88.63,22.2
7/1/2024 0:00,0,0,49,7379,88.61,22.1
7/1/2024 0:15,0,0,46,7353,88.6,22.2
7/1/2024 0:15,0,0,47,7355,88.59,22.3
7/1/2024 0:30,0,0,48,7365,88.58,22.1
7/1/2024 0:45,0,0,48,7365,88.58,21.9
7/1/2024 1:00,0,0,48,7365,88.58,21.8
7/1/2024 1:15,0,0,48,7366,88.58,21.7
7/1/2024 1:30,0,0,48,7367,88.57,21.6
7/1/2024 1:45,0,0,48,7365,88.56,21.5
7/1/2024 2:00,0,0,48,7368,88.55,21.5
7/1/2024 2:15,0,0,48,7367,88.54,21.4
7/1/2024 2:30,0,0,48,7368,88.54,21.3
7/1/2024 2:45,0,0,48,7367,88.52,21.3
7/1/2024 3:00,0,0,48,7369,88.5,21.2
7/1/2024 3:15,0,0,48,7368,88.49,21.2
7/1/2024 3:30,0,0,48,7367,88.5,21.1
7/1/2024 3:45,0,0,48,7368,88.51,21.1
7/1/2024 4:00,0,0,48,7367,88.52,21
7/1/2024 4:15,0,0,48,7369,88.52,21
7/1/2024 4:30,0,0,48,7368,88.5,21
7/1/2024 4:45,0,0,48,7369,88.47,20.9
7/1/2024 5:00,0,0,48,7368,88.48,20.8
7/1/2024 5:15,0,0,48,7370,88.47,20.8
7/1/2024 5:30,0,0,48,7368,88.48,20.8
7/1/2024 5:45,0,0,48,7370,88.5,20.7
7/1/2024 6:00,0,0,48,7368,88.54,20.7
7/1/2024 6:15,0,0,48,7371,88.56,20.7
7/1/2024 6:30,0,0,48,7369,88.57,20.7
7/1/2024 6:45,0,0,48,7368,88.57,20.7
7/1/2024 7:00,0,0,48,7370,88.6,20.7
7/1/2024 7:15,0,0,48,7370,88.62,20.7
7/1/2024 7:30,0,0,48,7368,88.63,20.7
7/1/2024 7:45,0,0,48,7369,88.64,20.7
7/1/2024 8:00,0,0,48,7369,88.68,20.8
7/1/2024 8:15,0,0,48,7368,88.69,20.8
7/1/2024 8:30,0,0,48,7370,88.71,20.9
7/1/2024 8:45,0,0,45,7341,88.71,21.2
7/1/2024 9:00,0,0,45,7345,88.71,21.3
7/1/2024 9:15,0,0,44,7336,88.73,21.2
7/1/2024 9:30,0,0,45,7342,88.72,21.4
7/1/2024 9:45,0,0,45,7343,88.71,21.4
7/1/2024 10:00,0,0,45,7346,88.71,21.6
7/1/2024 10:15,0,0,46,7349,88.71,21.7
7/1/2024 10:30,0,0,46,7349,88.71,21.9
7/1/2024 10:45,0,0,46,7348,88.7,22
7/1/2024 11:00,0,0,46,7353,88.68,22.2
7/1/2024 11:15,0,0,46,7353,88.67,22.4
7/1/2024 11:30,0,0,46,7352,88.67,22.6
7/1/2024 11:45,0,0,46,7353,88.67,22.8
7/1/2024 12:00,0,0,46,7353,88.66,23
7/1/2024 12:15,0,0,47,7358,88.64,23.2
7/1/2024 12:30,0,0,47,7358,88.62,23.3
7/1/2024 12:45,0,0,47,7361,88.59,23.4
7/1/2024 13:00,0,0,47,7360,88.56,23.5
7/1/2024 13:15,0,0,47,7359,88.55,23.6
7/1/2024 13:30,0,0,47,7359,88.53,23.8
7/1/2024 13:45,0,0,47,7362,88.53,23.9
7/1/2024 14:00,0,0,48,7365,88.51,23.9
7/1/2024 14:15,0,0,48,7365,88.5,24
7/1/2024 14:30,0,0,48,7364,88.48,24.1
7/1/2024 14:45,0,0,48,7369,88.48,24.2
7/1/2024 15:00,0,0,48,7369,88.46,24.2
7/1/2024 15:15,0,0,48,7368,88.44,24.3
7/1/2024 15:30,0,0,48,7368,88.46,24.4
7/1/2024 15:45,0,0,48,7368,88.46,24.4
7/1/2024 16:00,0,0,48,7369,88.46,24.5
7/1/2024 16:15,0,0,48,7368,88.47,24.6
7/1/2024 16:30,0,0,48,7371,88.47,24.6
7/1/2024 16:45,0,0,49,7372,88.46,24.7
7/1/2024 17:00,0,0,48,7371,88.49,24.7
7/1/2024 17:15,0,0,49,7375,88.51,24.7
7/1/2024 17:30,0,0,49,7374,88.5,24.7
7/1/2024 17:45,0,0,49,7372,88.52,24.7
7/1/2024 18:00,0,0,49,7374,88.54,24.6
7/1/2024 18:15,0,0,49,7374,88.55,24.6
7/1/2024 18:30,0,0,49,7375,88.57,24.5
7/1/2024 18:45,0,0,49,7374,88.6,24.5
7/1/2024 19:00,0,0,49,7375,88.62,24.4
7/1/2024 19:15,0,0,49,7375,88.63,24.3
7/1/2024 19:30,0,0,49,7379,88.62,24.3
7/1/2024 19:45,0,0,49,7376,88.66,24.2
7/1/2024 20:00,0,0,49,7376,88.67,24.1
7/1/2024 20:15,0,0,49,7378,88.69,24
7/1/2024 20:30,0,0,49,7375,88.7,23.9
7/1/2024 20:45,0,0,49,7377,88.7,23.9
7/1/2024 21:00,0,0,49,7377,88.72,23.8
7/1/2024 21:15,0,0,49,7378,88.71,23.7
7/1/2024 21:30,0,0,49,7378,88.72,23.6
7/1/2024 21:45,0,0,49,7378,88.72,23.5
7/1/2024 22:00,0,0,49,7379,88.73,23.4
7/1/2024 22:15,0,0,49,7377,88.74,23.3
7/1/2024 22:30,0,0,49,7376,88.72,23.2
7/1/2024 22:45,0,0,49,7377,88.7,23.1
7/1/2024 23:00,0,0,49,7378,88.7,23.1
7/1/2024 23:15,0,0,49,7379,88.68,23
7/1/2024 23:30,0,0,49,7378,88.67,22.9
7/1/2024 23:45,0,0,49,7379,88.66,22.9
7/2/2024 0:00,0,0,49,7378,88.64,22.8
7/2/2024 0:15,0,0,49,7372,88.63,22.8
7/2/2024 0:30,0,0,49,7372,88.62,22.7
7/2/2024 0:45,0,0,49,7372,88.6,22.6
7/2/2024 1:00,0,0,49,7376,88.59,22.6
7/2/2024 1:15,0,0,49,7375,88.6,22.5
7/2/2024 1:30,0,0,49,7375,88.59,22.5
7/2/2024 1:45,0,0,49,7375,88.57,22.4
7/2/2024 2:00,0,0,49,7374,88.53,22.4
7/2/2024 2:15,0,0,49,7375,88.53,22.3
7/2/2024 2:30,0,0,49,7373,88.52,22.3
7/2/2024 2:45,0,0,49,7374,88.52,22.2
7/2/2024 3:00,0,0,49,7375,88.5,22.2
7/2/2024 3:15,0,0,49,7376,88.5,22.1
7/2/2024 3:30,0,0,49,7372,88.52,22.1
7/2/2024 3:45,0,0,49,7375,88.55,22
7/2/2024 4:00,0,0,49,7375,88.55,22
7/2/2024 4:15,0,0,49,7375,88.54,22
7/2/2024 4:30,0,0,49,7373,88.53,21.9
7/2/2024 4:45,0,0,49,7373,88.53,21.9
7/2/2024 5:00,0,0,49,7372,88.53,21.8
7/2/2024 5:15,0,0,49,7375,88.55,21.8
7/2/2024 5:30,0,0,49,7376,88.57,21.8
7/2/2024 5:45,0,0,49,7375,88.59,21.7
7/2/2024 6:00,0,0,49,7375,88.6,21.7
7/2/2024 6:15,0,0,49,7375,88.62,21.6
7/2/2024 6:30,0,0,49,7375,88.63,21.6
7/2/2024 6:45,0,0,49,7372,88.63,21.6
7/2/2024 7:00,0,0,49,7376,88.64,21.6
7/2/2024 7:15,0,0,49,7377,88.64,21.5
7/2/2024 7:30,0,0,49,7373,88.64,21.5
7/2/2024 7:45,0,0,49,7372,88.65,21.5
7/2/2024 8:00,0,0,49,7374,88.65,21.5
7/2/2024 8:15,0,0,49,7375,88.67,21.5
7/2/2024 8:30,0,0,49,7375,88.69,21.6
7/2/2024 8:45,0,0,44,7332,88.71,21.7
7/2/2024 9:00,0,0,45,7341,88.73,22.1
7/2/2024 9:15,0,0,45,7344,88.72,21.9
7/2/2024 9:30,0,0,44,7332,88.71,21.9
7/2/2024 9:45,0,0,45,7338,88.72,22.1
7/2/2024 10:00,0,0,45,7342,88.72,22
7/2/2024 10:15,0,0,45,7343,88.72,22.1
7/2/2024 10:30,0,0,45,7341,88.73,22.1
7/2/2024 10:45,0,0,45,7344,88.73,22.2
7/2/2024 11:00,0,0,45,7345,88.72,22.2
7/2/2024 11:15,0,0,45,7346,88.71,22.3
7/2/2024 11:30,0,0,46,7349,88.69,22.4
7/2/2024 11:45,0,0,46,7347,88.67,22.4
7/2/2024 12:00,0,0,46,7351,88.66,22.5
7/2/2024 12:15,0,0,46,7351,88.64,22.6
7/2/2024 12:30,0,0,46,7352,88.63,22.7
7/2/2024 12:45,0,0,46,7354,88.62,22.9
7/2/2024 13:00,0,0,47,7355,88.61,23
7/2/2024 13:15,0,0,47,7355,88.6,23.1
7/2/2024 13:30,0,0,47,7356,88.57,23.1
7/2/2024 13:45,0,0,47,7355,88.53,23.2
7/2/2024 14:00,0,0,47,7357,88.53,23.3
7/2/2024 14:15,0,0,47,7359,88.53,23.3
7/2/2024 14:30,0,0,47,7356,88.55,23.3
7/2/2024 14:45,0,0,47,7360,88.53,23.3
7/2/2024 15:00,0,0,47,7362,88.53,23.3
7/2/2024 15:15,0,0,47,7360,88.53,23.3
7/2/2024 15:30,0,0,47,7362,88.48,23.3
7/2/2024 15:45,0,0,47,7358,88.44,23.3
7/2/2024 16:00,0,0,47,7361,88.43,23.2
7/2/2024 16:15,0,0,47,7362,88.46,23.1
7/2/2024 16:30,0,0,47,7361,88.52,23.1
7/2/2024 16:45,0,0,47,7362,88.56,23
7/2/2024 17:00,0,0,48,7364,88.56,23
7/2/2024 17:15,0,0,47,7361,88.57,22.9
7/2/2024 17:30,0,0,47,7362,88.6,22.9
7/2/2024 17:45,0,0,47,7362,88.63,22.8
7/2/2024 18:00,0,0,47,7362,88.66,22.8
7/2/2024 18:15,0,0,47,7363,88.67,22.7
7/2/2024 18:30,0,0,47,7362,88.68,22.6
7/2/2024 18:45,0,0,47,7362,88.7,22.5
7/2/2024 19:00,0,0,48,7365,88.71,22.5
7/2/2024 19:15,0,0,48,7365,88.73,22.4
7/2/2024 19:30,0,0,47,7363,88.76,22.3
7/2/2024 19:45,0,0,47,7363,88.77,22.3
7/2/2024 20:00,0,0,47,7363,88.76,22.2
7/2/2024 20:15,0,0,48,7365,88.77,22.1
7/2/2024 20:30,0,0,48,7365,88.75,22.1
7/2/2024 20:45,0,0,47,7363,88.77,22
7/2/2024 21:00,0,0,48,7365,88.77,22
7/2/2024 21:15,0,0,48,7365,88.78,21.9
7/2/2024 21:30,0,0,47,7362,88.78,21.9
7/2/2024 21:45,0,0,47,7363,88.79,21.8
7/2/2024 22:00,0,0,48,7365,88.8,21.8
7/2/2024 22:15,0,0,48,7365,88.82,21.7
7/2/2024 22:30,0,0,48,7364,88.82,21.7
7/2/2024 22:45,0,0,47,7363,88.82,21.6
7/2/2024 23:00,0,0,47,7363,88.81,21.6
7/2/2024 23:15,0,0,47,7362,88.8,21.6
7/2/2024 23:30,0,0,48,7364,88.78,21.5
7/2/2024 23:45,0,0,48,7365,88.76,21.5
7/3/2024 0:00,0,0,47,7363,88.74,21.5
7/3/2024 0:15,0,0,47,7357,88.71,21.5
7/3/2024 0:30,0,0,47,7359,88.67,21.4
7/3/2024 0:45,0,0,47,7357,88.64,21.4
7/3/2024 1:00,0,0,47,7359,88.61,21.3
7/3/2024 1:15,0,0,47,7358,88.6,21.3
7/3/2024 1:30,0,0,47,7359,88.57,21.3
7/3/2024 1:45,0,0,47,7357,88.54,21.2
7/3/2024 2:00,0,0,47,7358,88.52,21.2
7/3/2024 2:15,0,0,47,7359,88.5,21.2
7/3/2024 2:30,0,0,47,7359,88.49,21.2
7/3/2024 2:45,0,0,47,7360,88.49,21.1
7/3/2024 3:00,0,0,47,7358,88.5,21.1
7/3/2024 3:15,0,0,47,7359,88.5,21.1
7/3/2024 3:30,0,0,47,7359,88.51,21
7/3/2024 3:45,0,0,47,7358,88.5,21
7/3/2024 4:00,0,0,47,7358,88.49,21
7/3/2024 4:15,0,0,47,7358,88.49,21
7/3/2024 4:30,0,0,47,7359,88.48,20.9
7/3/2024 4:45,0,0,47,7360,88.49,20.9
7/3/2024 5:00,0,0,47,7361,88.51,20.9
7/3/2024 5:15,0,0,47,7361,88.54,20.8
7/3/2024 5:30,0,0,47,7360,88.56,20.8
7/3/2024 5:45,0,0,47,7360,88.57,20.8
7/3/2024 6:00,0,0,47,7361,88.59,20.8
7/3/2024 6:15,0,0,47,7362,88.61,20.7
7/3/2024 6:30,0,0,47,7362,88.62,20.7
7/3/2024 6:45,0,0,47,7362,88.64,20.7
7/3/2024 7:00,0,0,47,7359,88.65,20.7
7/3/2024 7:15,0,0,48,7365,88.66,20.7
7/3/2024 7:30,0,0,47,7359,88.68,20.7
7/3/2024 7:45,0,0,47,7358,88.69,20.7
7/3/2024 8:00,0,0,47,7362,88.69,20.7
7/3/2024 8:15,0,0,46,7352,88.7,20.7
7/3/2024 8:30,0,0,43,7324,88.71,21.1
7/3/2024 8:45,0,0,43,7327,88.73,21.2
7/3/2024 9:00,0,0,44,7330,88.74,21
7/3/2024 9:15,0,0,42,7321,88.75,21.2
7/3/2024 9:30,0,0,43,7324,88.76,21.2
7/3/2024 9:45,0,0,43,7327,88.76,21.1
7/3/2024 10:00,0,0,44,7330,88.78,21.2
7/3/2024 10:15,0,0,44,7330,88.78,21.3
7/3/2024 10:30,0,0,44,7330,88.77,21.3
7/3/2024 10:45,0,0,44,7334,88.76,21.4
7/3/2024 11:00,0,0,44,7337,88.75,21.5
7/3/2024 11:15,0,0,44,7337,88.74,21.5
7/3/2024 11:30,0,0,45,7338,88.73,21.6
7/3/2024 11:45,0,0,44,7337,88.72,21.7
7/3/2024 12:00,0,0,45,7340,88.7,21.8
7/3/2024 12:15,0,0,45,7340,88.69,21.9
7/3/2024 12:30,0,0,45,7342,88.67,22
